-- -------------------------------------------------------------
-- -------------------------------------------------------------
-- TablePlus 1.2.6
--
-- https://tableplus.com/
--
-- Database: mysql
-- Generation Time: 2025-06-15 06:46:25.507201
-- -------------------------------------------------------------

CREATE TABLE `abandoned_cart_rule_histories` (
  `id` int unsigned NOT NULL AUTO_INCREMENT,
  `user_id` int unsigned NOT NULL,
  `cart_rule_id` int unsigned DEFAULT NULL,
  `rule_action` enum('send_reminder','send_coupon') CHARACTER SET utf8mb4 COLLATE utf8mb4_general_ci NOT NULL,
  `type` enum('auto','manual') CHARACTER SET utf8mb4 COLLATE utf8mb4_unicode_ci DEFAULT 'auto',
  `created_at` bigint unsigned NOT NULL,
  PRIMARY KEY (`id`)
) ENGINE=InnoDB DEFAULT CHARSET=utf8mb4 COLLATE=utf8mb4_general_ci;

CREATE TABLE `abandoned_cart_rule_specification_items` (
  `id` int unsigned NOT NULL AUTO_INCREMENT,
  `abandoned_cart_rule_id` int unsigned NOT NULL,
  `category_id` int unsigned DEFAULT NULL,
  `instructor_id` int unsigned DEFAULT NULL,
  `seller_id` int unsigned DEFAULT NULL,
  `webinar_id` int unsigned DEFAULT NULL,
  `product_id` int unsigned DEFAULT NULL,
  `bundle_id` int unsigned DEFAULT NULL,
  PRIMARY KEY (`id`),
  KEY `abandoned_cart_rule_id_foreign` (`abandoned_cart_rule_id`),
  KEY `abandoned_cart_rule_specification_items_category_id_foreign` (`category_id`),
  KEY `abandoned_cart_rule_specification_items_instructor_id_foreign` (`instructor_id`),
  KEY `abandoned_cart_rule_specification_items_seller_id_foreign` (`seller_id`),
  KEY `abandoned_cart_rule_specification_items_webinar_id_foreign` (`webinar_id`),
  KEY `abandoned_cart_rule_specification_items_product_id_foreign` (`product_id`),
  KEY `abandoned_cart_rule_specification_items_bundle_id_foreign` (`bundle_id`),
  CONSTRAINT `abandoned_cart_rule_id_foreign` FOREIGN KEY (`abandoned_cart_rule_id`) REFERENCES `abandoned_cart_rules` (`id`) ON DELETE CASCADE,
  CONSTRAINT `abandoned_cart_rule_specification_items_bundle_id_foreign` FOREIGN KEY (`bundle_id`) REFERENCES `bundles` (`id`) ON DELETE CASCADE,
  CONSTRAINT `abandoned_cart_rule_specification_items_category_id_foreign` FOREIGN KEY (`category_id`) REFERENCES `categories` (`id`) ON DELETE CASCADE,
  CONSTRAINT `abandoned_cart_rule_specification_items_instructor_id_foreign` FOREIGN KEY (`instructor_id`) REFERENCES `users` (`id`) ON DELETE CASCADE,
  CONSTRAINT `abandoned_cart_rule_specification_items_product_id_foreign` FOREIGN KEY (`product_id`) REFERENCES `products` (`id`) ON DELETE CASCADE,
  CONSTRAINT `abandoned_cart_rule_specification_items_seller_id_foreign` FOREIGN KEY (`seller_id`) REFERENCES `users` (`id`) ON DELETE CASCADE,
  CONSTRAINT `abandoned_cart_rule_specification_items_webinar_id_foreign` FOREIGN KEY (`webinar_id`) REFERENCES `webinars` (`id`) ON DELETE CASCADE
) ENGINE=InnoDB DEFAULT CHARSET=utf8mb4 COLLATE=utf8mb4_general_ci;

CREATE TABLE `abandoned_cart_rule_translations` (
  `id` int unsigned NOT NULL AUTO_INCREMENT,
  `abandoned_cart_rule_id` int unsigned NOT NULL,
  `locale` varchar(191) CHARACTER SET utf8mb4 COLLATE utf8mb4_general_ci NOT NULL,
  `title` varchar(255) CHARACTER SET utf8mb4 COLLATE utf8mb4_general_ci NOT NULL,
  PRIMARY KEY (`id`),
  KEY `abandoned_cart_rule_id_trans` (`abandoned_cart_rule_id`),
  KEY `abandoned_cart_rule_translations_locale_index` (`locale`),
  CONSTRAINT `abandoned_cart_rule_id_trans` FOREIGN KEY (`abandoned_cart_rule_id`) REFERENCES `abandoned_cart_rules` (`id`) ON DELETE CASCADE
) ENGINE=InnoDB AUTO_INCREMENT=3 DEFAULT CHARSET=utf8mb4 COLLATE=utf8mb4_general_ci;

CREATE TABLE `abandoned_cart_rule_users_groups` (
  `id` int unsigned NOT NULL AUTO_INCREMENT,
  `abandoned_cart_rule_id` int unsigned NOT NULL,
  `group_id` int unsigned DEFAULT NULL,
  `user_id` int unsigned DEFAULT NULL,
  PRIMARY KEY (`id`),
  KEY `abandoned_cart_rule_id` (`abandoned_cart_rule_id`),
  KEY `abandoned_cart_rule_users_groups_group_id_foreign` (`group_id`),
  KEY `abandoned_cart_rule_users_groups_user_id_foreign` (`user_id`),
  CONSTRAINT `abandoned_cart_rule_id` FOREIGN KEY (`abandoned_cart_rule_id`) REFERENCES `abandoned_cart_rules` (`id`) ON DELETE CASCADE,
  CONSTRAINT `abandoned_cart_rule_users_groups_group_id_foreign` FOREIGN KEY (`group_id`) REFERENCES `groups` (`id`) ON DELETE CASCADE,
  CONSTRAINT `abandoned_cart_rule_users_groups_user_id_foreign` FOREIGN KEY (`user_id`) REFERENCES `users` (`id`) ON DELETE CASCADE
) ENGINE=InnoDB DEFAULT CHARSET=utf8mb4 COLLATE=utf8mb4_general_ci;

CREATE TABLE `abandoned_cart_rules` (
  `id` int unsigned NOT NULL AUTO_INCREMENT,
  `target_type` enum('all','courses','store_products','bundles','meetings') CHARACTER SET utf8mb4 COLLATE utf8mb4_general_ci NOT NULL DEFAULT 'all',
  `target` varchar(255) CHARACTER SET utf8mb4 COLLATE utf8mb4_general_ci DEFAULT NULL,
  `action` enum('send_reminder','send_coupon') CHARACTER SET utf8mb4 COLLATE utf8mb4_general_ci NOT NULL,
  `discount_id` int unsigned DEFAULT NULL,
  `action_cycle` int unsigned NOT NULL,
  `repeat_action` tinyint(1) NOT NULL DEFAULT '0',
  `repeat_action_count` int unsigned DEFAULT NULL,
  `minimum_cart_amount` double(15,2) unsigned DEFAULT NULL,
  `maximum_cart_amount` double(15,2) unsigned DEFAULT NULL,
  `start_at` bigint unsigned DEFAULT NULL,
  `end_at` bigint unsigned DEFAULT NULL,
  `enable` tinyint(1) NOT NULL DEFAULT '0',
  `created_at` bigint unsigned NOT NULL,
  PRIMARY KEY (`id`),
  KEY `abandoned_cart_rules_discount_id_foreign` (`discount_id`),
  CONSTRAINT `abandoned_cart_rules_discount_id_foreign` FOREIGN KEY (`discount_id`) REFERENCES `discounts` (`id`) ON DELETE CASCADE
) ENGINE=InnoDB AUTO_INCREMENT=3 DEFAULT CHARSET=utf8mb4 COLLATE=utf8mb4_general_ci;

CREATE TABLE `accounting` (
  `id` int unsigned NOT NULL AUTO_INCREMENT,
  `user_id` int unsigned DEFAULT NULL,
  `creator_id` int DEFAULT NULL,
  `order_item_id` int unsigned DEFAULT NULL,
  `webinar_id` int unsigned DEFAULT NULL,
  `bundle_id` int unsigned DEFAULT NULL,
  `meeting_time_id` int unsigned DEFAULT NULL,
  `subscribe_id` int unsigned DEFAULT NULL,
  `promotion_id` int unsigned DEFAULT NULL,
  `registration_package_id` int unsigned DEFAULT NULL,
  `product_id` int unsigned DEFAULT NULL,
  `installment_payment_id` int unsigned DEFAULT NULL,
  `installment_order_id` int unsigned DEFAULT NULL COMMENT 'This field is filled in the seller''s financial document to find the installment order',
  `gift_id` int unsigned DEFAULT NULL,
  `system` tinyint(1) NOT NULL DEFAULT '0',
  `tax` tinyint(1) NOT NULL DEFAULT '0',
  `amount` decimal(13,2) DEFAULT NULL,
  `type` enum('addiction','deduction') CHARACTER SET utf8mb4 COLLATE utf8mb4_unicode_ci NOT NULL,
  `type_account` enum('income','asset','subscribe','promotion','registration_package','installment_payment') CHARACTER SET utf8mb4 COLLATE utf8mb4_unicode_ci DEFAULT NULL,
  `store_type` enum('automatic','manual') CHARACTER SET utf8mb4 COLLATE utf8mb4_unicode_ci NOT NULL DEFAULT 'automatic',
  `referred_user_id` int unsigned DEFAULT NULL,
  `is_affiliate_amount` tinyint(1) NOT NULL DEFAULT '0',
  `is_affiliate_commission` tinyint(1) NOT NULL DEFAULT '0',
  `is_registration_bonus` tinyint(1) NOT NULL DEFAULT '0',
  `is_cashback` tinyint(1) NOT NULL DEFAULT '0',
  `description` text CHARACTER SET utf8mb4 COLLATE utf8mb4_unicode_ci,
  `created_at` int NOT NULL,
  PRIMARY KEY (`id`) USING BTREE,
  KEY `id` (`id`) USING BTREE,
  KEY `user_id` (`user_id`) USING BTREE,
  KEY `webinar_id` (`webinar_id`) USING BTREE,
  KEY `meeting_time_id` (`meeting_time_id`) USING BTREE,
  KEY `subscribe_id` (`subscribe_id`) USING BTREE,
  KEY `promotion_id` (`promotion_id`) USING BTREE,
  KEY `accounting_installment_payment_id_foreign` (`installment_payment_id`),
  CONSTRAINT `accounting_installment_payment_id_foreign` FOREIGN KEY (`installment_payment_id`) REFERENCES `installment_order_payments` (`id`) ON DELETE CASCADE
) ENGINE=InnoDB AUTO_INCREMENT=838 DEFAULT CHARSET=utf8mb4 COLLATE=utf8mb4_unicode_ci ROW_FORMAT=DYNAMIC;

CREATE TABLE `accreditation_sections` (
  `id` bigint unsigned NOT NULL AUTO_INCREMENT,
  `sm_title` varchar(255) CHARACTER SET utf8mb4 COLLATE utf8mb4_general_ci DEFAULT NULL,
  `big_title` varchar(255) CHARACTER SET utf8mb4 COLLATE utf8mb4_general_ci DEFAULT NULL,
  `description` text CHARACTER SET utf8mb4 COLLATE utf8mb4_general_ci,
  `logos` json DEFAULT NULL,
  `created_at` timestamp NULL DEFAULT NULL,
  `updated_at` timestamp NULL DEFAULT NULL,
  PRIMARY KEY (`id`)
) ENGINE=InnoDB AUTO_INCREMENT=2 DEFAULT CHARSET=utf8mb4 COLLATE=utf8mb4_general_ci;

CREATE TABLE `advertising_banners` (
  `id` int unsigned NOT NULL AUTO_INCREMENT,
  `position` enum('home1','home2','course','course_sidebar','product_show','bundle','bundle_sidebar') CHARACTER SET utf8mb4 COLLATE utf8mb4_unicode_ci NOT NULL,
  `size` int unsigned NOT NULL DEFAULT '12',
  `link` varchar(255) CHARACTER SET utf8mb4 COLLATE utf8mb4_unicode_ci NOT NULL,
  `published` tinyint(1) NOT NULL DEFAULT '0',
  `created_at` int unsigned NOT NULL,
  PRIMARY KEY (`id`) USING BTREE
) ENGINE=InnoDB AUTO_INCREMENT=14 DEFAULT CHARSET=utf8mb4 COLLATE=utf8mb4_unicode_ci ROW_FORMAT=DYNAMIC;

CREATE TABLE `advertising_banners_translations` (
  `id` int unsigned NOT NULL AUTO_INCREMENT,
  `advertising_banner_id` int unsigned NOT NULL,
  `locale` varchar(255) CHARACTER SET utf8mb4 COLLATE utf8mb4_unicode_ci NOT NULL,
  `title` varchar(255) CHARACTER SET utf8mb4 COLLATE utf8mb4_unicode_ci NOT NULL,
  `image` varchar(255) CHARACTER SET utf8mb4 COLLATE utf8mb4_unicode_ci NOT NULL,
  PRIMARY KEY (`id`),
  KEY `advertising_banners_translations_advertising_banner_id_foreign` (`advertising_banner_id`),
  KEY `advertising_banners_translations_locale_index` (`locale`),
  CONSTRAINT `advertising_banners_translations_advertising_banner_id_foreign` FOREIGN KEY (`advertising_banner_id`) REFERENCES `advertising_banners` (`id`) ON DELETE CASCADE
) ENGINE=InnoDB AUTO_INCREMENT=23 DEFAULT CHARSET=utf8mb4 COLLATE=utf8mb4_unicode_ci;

CREATE TABLE `affiliates` (
  `id` int unsigned NOT NULL AUTO_INCREMENT,
  `affiliate_user_id` int unsigned NOT NULL,
  `referred_user_id` int unsigned NOT NULL,
  `created_at` int unsigned NOT NULL,
  PRIMARY KEY (`id`),
  KEY `affiliates_affiliate_user_id_foreign` (`affiliate_user_id`),
  KEY `affiliates_referred_user_id_foreign` (`referred_user_id`),
  CONSTRAINT `affiliates_affiliate_user_id_foreign` FOREIGN KEY (`affiliate_user_id`) REFERENCES `users` (`id`) ON DELETE CASCADE,
  CONSTRAINT `affiliates_referred_user_id_foreign` FOREIGN KEY (`referred_user_id`) REFERENCES `users` (`id`) ON DELETE CASCADE
) ENGINE=InnoDB AUTO_INCREMENT=16 DEFAULT CHARSET=utf8mb4 COLLATE=utf8mb4_unicode_ci;

CREATE TABLE `affiliates_codes` (
  `id` int unsigned NOT NULL AUTO_INCREMENT,
  `user_id` int unsigned NOT NULL,
  `code` varchar(32) CHARACTER SET utf8mb4 COLLATE utf8mb4_unicode_ci NOT NULL,
  `created_at` int unsigned NOT NULL,
  PRIMARY KEY (`id`),
  UNIQUE KEY `affiliates_codes_code_unique` (`code`),
  KEY `affiliates_codes_user_id_foreign` (`user_id`),
  CONSTRAINT `affiliates_codes_user_id_foreign` FOREIGN KEY (`user_id`) REFERENCES `users` (`id`) ON DELETE CASCADE
) ENGINE=InnoDB AUTO_INCREMENT=5 DEFAULT CHARSET=utf8mb4 COLLATE=utf8mb4_unicode_ci;

CREATE TABLE `agora_history` (
  `id` int unsigned NOT NULL AUTO_INCREMENT,
  `session_id` int unsigned NOT NULL,
  `start_at` int unsigned NOT NULL,
  `end_at` int unsigned DEFAULT NULL,
  PRIMARY KEY (`id`),
  KEY `agora_history_session_id_foreign` (`session_id`),
  CONSTRAINT `agora_history_session_id_foreign` FOREIGN KEY (`session_id`) REFERENCES `sessions` (`id`) ON DELETE CASCADE
) ENGINE=InnoDB AUTO_INCREMENT=29 DEFAULT CHARSET=utf8mb4 COLLATE=utf8mb4_unicode_ci;

CREATE TABLE `ai_content_template_translations` (
  `id` int unsigned NOT NULL AUTO_INCREMENT,
  `ai_content_template_id` int unsigned NOT NULL,
  `locale` varchar(191) CHARACTER SET utf8mb4 COLLATE utf8mb4_unicode_ci NOT NULL,
  `title` varchar(255) CHARACTER SET utf8mb4 COLLATE utf8mb4_unicode_ci NOT NULL,
  `prompt` text CHARACTER SET utf8mb4 COLLATE utf8mb4_unicode_ci,
  PRIMARY KEY (`id`),
  KEY `ai_content_template_id_trans` (`ai_content_template_id`),
  KEY `ai_content_template_translations_locale_index` (`locale`),
  CONSTRAINT `ai_content_template_id_trans` FOREIGN KEY (`ai_content_template_id`) REFERENCES `ai_content_templates` (`id`) ON DELETE CASCADE
) ENGINE=InnoDB AUTO_INCREMENT=21 DEFAULT CHARSET=utf8mb4 COLLATE=utf8mb4_unicode_ci;

CREATE TABLE `ai_content_templates` (
  `id` int unsigned NOT NULL AUTO_INCREMENT,
  `type` enum('text','image') CHARACTER SET utf8mb4 COLLATE utf8mb4_unicode_ci NOT NULL,
  `enable_length` tinyint(1) NOT NULL DEFAULT '0',
  `length` int unsigned DEFAULT NULL,
  `image_size` enum('256','512','1024') CHARACTER SET utf8mb4 COLLATE utf8mb4_unicode_ci DEFAULT NULL,
  `enable` tinyint(1) NOT NULL DEFAULT '0',
  `created_at` bigint unsigned NOT NULL,
  PRIMARY KEY (`id`)
) ENGINE=InnoDB AUTO_INCREMENT=21 DEFAULT CHARSET=utf8mb4 COLLATE=utf8mb4_unicode_ci;

CREATE TABLE `ai_contents` (
  `id` int unsigned NOT NULL AUTO_INCREMENT,
  `user_id` int unsigned NOT NULL,
  `service_type` enum('text','image') CHARACTER SET utf8mb4 COLLATE utf8mb4_unicode_ci NOT NULL,
  `service_id` int unsigned DEFAULT NULL,
  `keyword` varchar(255) CHARACTER SET utf8mb4 COLLATE utf8mb4_unicode_ci DEFAULT NULL,
  `language` varchar(255) CHARACTER SET utf8mb4 COLLATE utf8mb4_unicode_ci DEFAULT NULL,
  `prompt` text CHARACTER SET utf8mb4 COLLATE utf8mb4_unicode_ci,
  `result` text CHARACTER SET utf8mb4 COLLATE utf8mb4_unicode_ci,
  `created_at` bigint unsigned NOT NULL,
  PRIMARY KEY (`id`),
  KEY `ai_contents_user_id_foreign` (`user_id`),
  KEY `ai_contents_service_id_foreign` (`service_id`),
  CONSTRAINT `ai_contents_service_id_foreign` FOREIGN KEY (`service_id`) REFERENCES `ai_content_templates` (`id`) ON DELETE CASCADE,
  CONSTRAINT `ai_contents_user_id_foreign` FOREIGN KEY (`user_id`) REFERENCES `users` (`id`) ON DELETE CASCADE
) ENGINE=InnoDB AUTO_INCREMENT=8 DEFAULT CHARSET=utf8mb4 COLLATE=utf8mb4_unicode_ci;

CREATE TABLE `badge_translations` (
  `id` bigint unsigned NOT NULL AUTO_INCREMENT,
  `badge_id` int unsigned NOT NULL,
  `locale` varchar(255) CHARACTER SET utf8mb4 COLLATE utf8mb4_unicode_ci NOT NULL,
  `title` varchar(255) CHARACTER SET utf8mb4 COLLATE utf8mb4_unicode_ci NOT NULL,
  `description` text CHARACTER SET utf8mb4 COLLATE utf8mb4_unicode_ci NOT NULL,
  PRIMARY KEY (`id`),
  KEY `badge_translations_badge_id_foreign` (`badge_id`),
  KEY `badge_translations_locale_index` (`locale`),
  CONSTRAINT `badge_translations_badge_id_foreign` FOREIGN KEY (`badge_id`) REFERENCES `badges` (`id`) ON DELETE CASCADE
) ENGINE=InnoDB AUTO_INCREMENT=24 DEFAULT CHARSET=utf8mb4 COLLATE=utf8mb4_unicode_ci;

CREATE TABLE `badges` (
  `id` int unsigned NOT NULL AUTO_INCREMENT,
  `image` varchar(255) CHARACTER SET utf8mb4 COLLATE utf8mb4_unicode_ci NOT NULL,
  `type` enum('register_date','course_count','course_rate','sale_count','support_rate','product_sale_count','make_topic','send_post_in_topic','instructor_blog') CHARACTER SET utf8mb4 COLLATE utf8mb4_unicode_ci NOT NULL,
  `condition` varchar(128) CHARACTER SET utf8mb4 COLLATE utf8mb4_unicode_ci NOT NULL,
  `score` int DEFAULT NULL,
  `created_at` int unsigned NOT NULL,
  PRIMARY KEY (`id`) USING BTREE,
  KEY `badges_type_index` (`type`) USING BTREE
) ENGINE=InnoDB AUTO_INCREMENT=44 DEFAULT CHARSET=utf8mb4 COLLATE=utf8mb4_unicode_ci ROW_FORMAT=DYNAMIC;

CREATE TABLE `become_instructors` (
  `id` int unsigned NOT NULL AUTO_INCREMENT,
  `user_id` int unsigned NOT NULL,
  `role` enum('teacher','organization') CHARACTER SET utf8mb4 COLLATE utf8mb4_unicode_ci NOT NULL,
  `package_id` int unsigned DEFAULT NULL,
  `certificate` varchar(255) CHARACTER SET utf8mb4 COLLATE utf8mb4_unicode_ci DEFAULT NULL,
  `description` text CHARACTER SET utf8mb4 COLLATE utf8mb4_unicode_ci,
  `status` enum('pending','accept','reject') CHARACTER SET utf8mb4 COLLATE utf8mb4_unicode_ci NOT NULL DEFAULT 'pending',
  `created_at` int unsigned NOT NULL,
  PRIMARY KEY (`id`) USING BTREE,
  KEY `become_instructors_user_id_foreign` (`user_id`) USING BTREE,
  CONSTRAINT `become_instructors_user_id_foreign` FOREIGN KEY (`user_id`) REFERENCES `users` (`id`) ON DELETE CASCADE
) ENGINE=InnoDB AUTO_INCREMENT=14 DEFAULT CHARSET=utf8mb4 COLLATE=utf8mb4_unicode_ci ROW_FORMAT=DYNAMIC;

CREATE TABLE `blog` (
  `id` int unsigned NOT NULL AUTO_INCREMENT,
  `category_id` int unsigned DEFAULT NULL,
  `author_id` int unsigned NOT NULL,
  `slug` varchar(255) CHARACTER SET utf8mb4 COLLATE utf8mb4_unicode_ci NOT NULL,
  `image` varchar(255) CHARACTER SET utf8mb4 COLLATE utf8mb4_unicode_ci NOT NULL,
  `visit_count` int unsigned DEFAULT '0',
  `enable_comment` tinyint(1) NOT NULL DEFAULT '1',
  `status` enum('pending','publish') CHARACTER SET utf8mb4 COLLATE utf8mb4_unicode_ci NOT NULL DEFAULT 'pending',
  `created_at` int unsigned NOT NULL,
  `updated_at` int unsigned DEFAULT NULL,
  PRIMARY KEY (`id`) USING BTREE,
  KEY `blog_category_id_foreign` (`category_id`) USING BTREE,
  KEY `slug` (`slug`) USING BTREE,
  CONSTRAINT `blog_category_id_foreign` FOREIGN KEY (`category_id`) REFERENCES `blog_categories` (`id`) ON DELETE CASCADE
) ENGINE=InnoDB AUTO_INCREMENT=29 DEFAULT CHARSET=utf8mb4 COLLATE=utf8mb4_unicode_ci ROW_FORMAT=DYNAMIC;

CREATE TABLE `blog_categories` (
  `id` int unsigned NOT NULL AUTO_INCREMENT,
  `slug` varchar(255) CHARACTER SET utf8mb4 COLLATE utf8mb4_unicode_ci NOT NULL,
  PRIMARY KEY (`id`) USING BTREE
) ENGINE=InnoDB AUTO_INCREMENT=40 DEFAULT CHARSET=utf8mb4 COLLATE=utf8mb4_unicode_ci ROW_FORMAT=DYNAMIC;

CREATE TABLE `blog_category_translations` (
  `id` int unsigned NOT NULL AUTO_INCREMENT,
  `blog_category_id` int unsigned NOT NULL,
  `locale` varchar(191) CHARACTER SET utf8mb4 COLLATE utf8mb4_general_ci NOT NULL,
  `title` varchar(255) CHARACTER SET utf8mb4 COLLATE utf8mb4_general_ci NOT NULL,
  PRIMARY KEY (`id`),
  KEY `blog_category_translations_blog_category_id_foreign` (`blog_category_id`),
  KEY `blog_category_translations_locale_index` (`locale`),
  CONSTRAINT `blog_category_translations_blog_category_id_foreign` FOREIGN KEY (`blog_category_id`) REFERENCES `blog_categories` (`id`) ON DELETE CASCADE
) ENGINE=InnoDB AUTO_INCREMENT=6 DEFAULT CHARSET=utf8mb4 COLLATE=utf8mb4_general_ci;

CREATE TABLE `blog_translations` (
  `id` bigint unsigned NOT NULL AUTO_INCREMENT,
  `blog_id` int unsigned NOT NULL,
  `locale` varchar(255) CHARACTER SET utf8mb4 COLLATE utf8mb4_unicode_ci NOT NULL,
  `title` varchar(255) CHARACTER SET utf8mb4 COLLATE utf8mb4_unicode_ci NOT NULL,
  `description` text CHARACTER SET utf8mb4 COLLATE utf8mb4_unicode_ci NOT NULL,
  `content` longtext CHARACTER SET utf8mb4 COLLATE utf8mb4_unicode_ci NOT NULL,
  `meta_description` text CHARACTER SET utf8mb4 COLLATE utf8mb4_unicode_ci,
  PRIMARY KEY (`id`),
  UNIQUE KEY `blog_translations_blog_id_locale_unique` (`blog_id`,`locale`),
  KEY `blog_translations_locale_index` (`locale`),
  CONSTRAINT `blog_translations_blog_id_foreign` FOREIGN KEY (`blog_id`) REFERENCES `blog` (`id`) ON DELETE CASCADE
) ENGINE=InnoDB AUTO_INCREMENT=31 DEFAULT CHARSET=utf8mb4 COLLATE=utf8mb4_unicode_ci;

CREATE TABLE `booking_slots` (
  `id` bigint unsigned NOT NULL AUTO_INCREMENT,
  `date` date NOT NULL,
  `time` time NOT NULL,
  `is_booked` tinyint(1) NOT NULL DEFAULT '0',
  `created_at` timestamp NULL DEFAULT NULL,
  `updated_at` timestamp NULL DEFAULT NULL,
  PRIMARY KEY (`id`)
) ENGINE=InnoDB AUTO_INCREMENT=6 DEFAULT CHARSET=utf8mb4 COLLATE=utf8mb4_general_ci;

CREATE TABLE `bookings` (
  `id` bigint unsigned NOT NULL AUTO_INCREMENT,
  `whatsapp_number` varchar(255) CHARACTER SET utf8mb4 COLLATE utf8mb4_general_ci NOT NULL,
  `grade` varchar(255) CHARACTER SET utf8mb4 COLLATE utf8mb4_general_ci NOT NULL,
  `booking_date` date NOT NULL,
  `booking_time` time NOT NULL,
  `bigbluebutton_link` varchar(255) CHARACTER SET utf8mb4 COLLATE utf8mb4_general_ci DEFAULT NULL,
  `created_at` timestamp NULL DEFAULT NULL,
  `updated_at` timestamp NULL DEFAULT NULL,
  PRIMARY KEY (`id`)
) ENGINE=InnoDB DEFAULT CHARSET=utf8mb4 COLLATE=utf8mb4_general_ci;

CREATE TABLE `bundle_filter_option` (
  `id` int unsigned NOT NULL AUTO_INCREMENT,
  `bundle_id` int unsigned NOT NULL,
  `filter_option_id` int unsigned NOT NULL,
  PRIMARY KEY (`id`),
  KEY `bundle_filter_option_bundle_id_foreign` (`bundle_id`),
  KEY `bundle_filter_option_filter_option_id_foreign` (`filter_option_id`),
  CONSTRAINT `bundle_filter_option_bundle_id_foreign` FOREIGN KEY (`bundle_id`) REFERENCES `bundles` (`id`) ON DELETE CASCADE,
  CONSTRAINT `bundle_filter_option_filter_option_id_foreign` FOREIGN KEY (`filter_option_id`) REFERENCES `filter_options` (`id`) ON DELETE CASCADE
) ENGINE=InnoDB AUTO_INCREMENT=76 DEFAULT CHARSET=utf8mb4 COLLATE=utf8mb4_unicode_ci;

CREATE TABLE `bundle_translations` (
  `id` bigint unsigned NOT NULL AUTO_INCREMENT,
  `bundle_id` int unsigned NOT NULL,
  `locale` varchar(255) CHARACTER SET utf8mb4 COLLATE utf8mb4_unicode_ci NOT NULL,
  `title` varchar(255) CHARACTER SET utf8mb4 COLLATE utf8mb4_unicode_ci NOT NULL,
  `seo_description` text CHARACTER SET utf8mb4 COLLATE utf8mb4_unicode_ci,
  `description` longtext CHARACTER SET utf8mb4 COLLATE utf8mb4_unicode_ci,
  PRIMARY KEY (`id`),
  KEY `bundle_translations_bundle_id_foreign` (`bundle_id`),
  KEY `bundle_translations_locale_index` (`locale`),
  CONSTRAINT `bundle_translations_bundle_id_foreign` FOREIGN KEY (`bundle_id`) REFERENCES `bundles` (`id`) ON DELETE CASCADE
) ENGINE=InnoDB AUTO_INCREMENT=7 DEFAULT CHARSET=utf8mb4 COLLATE=utf8mb4_unicode_ci;

CREATE TABLE `bundle_webinars` (
  `id` int unsigned NOT NULL AUTO_INCREMENT,
  `creator_id` int unsigned NOT NULL,
  `bundle_id` int unsigned NOT NULL,
  `webinar_id` int unsigned NOT NULL,
  `order` int unsigned DEFAULT NULL,
  PRIMARY KEY (`id`),
  KEY `bundle_webinars_bundle_id_foreign` (`bundle_id`),
  KEY `bundle_webinars_webinar_id_foreign` (`webinar_id`),
  CONSTRAINT `bundle_webinars_bundle_id_foreign` FOREIGN KEY (`bundle_id`) REFERENCES `bundles` (`id`) ON DELETE CASCADE,
  CONSTRAINT `bundle_webinars_webinar_id_foreign` FOREIGN KEY (`webinar_id`) REFERENCES `webinars` (`id`) ON DELETE CASCADE
) ENGINE=InnoDB AUTO_INCREMENT=12 DEFAULT CHARSET=utf8mb4 COLLATE=utf8mb4_unicode_ci;

CREATE TABLE `bundles` (
  `id` int unsigned NOT NULL AUTO_INCREMENT,
  `creator_id` int unsigned NOT NULL,
  `teacher_id` int unsigned NOT NULL,
  `category_id` int unsigned DEFAULT NULL,
  `slug` varchar(255) CHARACTER SET utf8mb4 COLLATE utf8mb4_unicode_ci NOT NULL,
  `thumbnail` varchar(255) CHARACTER SET utf8mb4 COLLATE utf8mb4_unicode_ci NOT NULL,
  `image_cover` varchar(255) CHARACTER SET utf8mb4 COLLATE utf8mb4_unicode_ci NOT NULL,
  `video_demo` varchar(255) CHARACTER SET utf8mb4 COLLATE utf8mb4_unicode_ci DEFAULT NULL,
  `video_demo_source` enum('upload','youtube','vimeo','external_link','secure_host') CHARACTER SET utf8mb4 COLLATE utf8mb4_unicode_ci DEFAULT NULL,
  `price` int DEFAULT NULL,
  `points` int DEFAULT NULL,
  `subscribe` tinyint(1) NOT NULL DEFAULT '0',
  `certificate` tinyint(1) NOT NULL DEFAULT '0',
  `access_days` int unsigned DEFAULT NULL COMMENT 'Number of days to access the bundle',
  `message_for_reviewer` text CHARACTER SET utf8mb4 COLLATE utf8mb4_unicode_ci,
  `status` enum('active','pending','is_draft','inactive') CHARACTER SET utf8mb4 COLLATE utf8mb4_unicode_ci NOT NULL,
  `created_at` bigint unsigned NOT NULL,
  `updated_at` bigint unsigned DEFAULT NULL,
  PRIMARY KEY (`id`),
  KEY `bundles_creator_id_foreign` (`creator_id`),
  KEY `bundles_teacher_id_foreign` (`teacher_id`),
  KEY `bundles_category_id_foreign` (`category_id`),
  KEY `bundles_slug_index` (`slug`),
  CONSTRAINT `bundles_category_id_foreign` FOREIGN KEY (`category_id`) REFERENCES `categories` (`id`) ON DELETE CASCADE,
  CONSTRAINT `bundles_creator_id_foreign` FOREIGN KEY (`creator_id`) REFERENCES `users` (`id`) ON DELETE CASCADE,
  CONSTRAINT `bundles_teacher_id_foreign` FOREIGN KEY (`teacher_id`) REFERENCES `users` (`id`) ON DELETE CASCADE
) ENGINE=InnoDB AUTO_INCREMENT=7 DEFAULT CHARSET=utf8mb4 COLLATE=utf8mb4_unicode_ci;

CREATE TABLE `cart` (
  `id` int unsigned NOT NULL AUTO_INCREMENT,
  `creator_id` int unsigned NOT NULL,
  `webinar_id` int unsigned DEFAULT NULL,
  `bundle_id` int unsigned DEFAULT NULL,
  `product_order_id` int unsigned DEFAULT NULL,
  `reserve_meeting_id` int unsigned DEFAULT NULL,
  `subscribe_id` int unsigned DEFAULT NULL,
  `promotion_id` int unsigned DEFAULT NULL,
  `gift_id` int unsigned DEFAULT NULL,
  `ticket_id` int unsigned DEFAULT NULL,
  `special_offer_id` int unsigned DEFAULT NULL,
  `product_discount_id` int unsigned DEFAULT NULL,
  `installment_payment_id` int unsigned DEFAULT NULL,
  `created_at` int NOT NULL,
  PRIMARY KEY (`id`) USING BTREE,
  KEY `cart_creator_id_foreign` (`creator_id`) USING BTREE,
  KEY `cart_webinar_id_foreign` (`webinar_id`) USING BTREE,
  KEY `cart_ticket_id_foreign` (`ticket_id`) USING BTREE,
  KEY `cart_reserve_meeting_id_foreign` (`reserve_meeting_id`) USING BTREE,
  KEY `cart_subscribe_id_foreign` (`subscribe_id`) USING BTREE,
  KEY `cart_promotion_id_foreign` (`promotion_id`) USING BTREE,
  KEY `cart_special_offer_id_foreign` (`special_offer_id`),
  KEY `cart_product_order_id_foreign` (`product_order_id`),
  KEY `cart_product_discount_id_foreign` (`product_discount_id`),
  KEY `cart_bundle_id_foreign` (`bundle_id`),
  KEY `cart_installment_payment_id_foreign` (`installment_payment_id`),
  KEY `cart_gift_id_foreign` (`gift_id`),
  CONSTRAINT `cart_bundle_id_foreign` FOREIGN KEY (`bundle_id`) REFERENCES `bundles` (`id`) ON DELETE CASCADE,
  CONSTRAINT `cart_creator_id_foreign` FOREIGN KEY (`creator_id`) REFERENCES `users` (`id`) ON DELETE CASCADE,
  CONSTRAINT `cart_gift_id_foreign` FOREIGN KEY (`gift_id`) REFERENCES `gifts` (`id`) ON DELETE CASCADE,
  CONSTRAINT `cart_installment_payment_id_foreign` FOREIGN KEY (`installment_payment_id`) REFERENCES `installment_order_payments` (`id`) ON DELETE CASCADE,
  CONSTRAINT `cart_product_discount_id_foreign` FOREIGN KEY (`product_discount_id`) REFERENCES `product_discounts` (`id`) ON DELETE SET NULL,
  CONSTRAINT `cart_product_order_id_foreign` FOREIGN KEY (`product_order_id`) REFERENCES `product_orders` (`id`) ON DELETE CASCADE,
  CONSTRAINT `cart_promotion_id_foreign` FOREIGN KEY (`promotion_id`) REFERENCES `promotions` (`id`) ON DELETE CASCADE,
  CONSTRAINT `cart_reserve_meeting_id_foreign` FOREIGN KEY (`reserve_meeting_id`) REFERENCES `reserve_meetings` (`id`) ON DELETE CASCADE,
  CONSTRAINT `cart_special_offer_id_foreign` FOREIGN KEY (`special_offer_id`) REFERENCES `special_offers` (`id`) ON DELETE CASCADE,
  CONSTRAINT `cart_subscribe_id_foreign` FOREIGN KEY (`subscribe_id`) REFERENCES `subscribes` (`id`) ON DELETE CASCADE,
  CONSTRAINT `cart_ticket_id_foreign` FOREIGN KEY (`ticket_id`) REFERENCES `tickets` (`id`) ON DELETE CASCADE,
  CONSTRAINT `cart_webinar_id_foreign` FOREIGN KEY (`webinar_id`) REFERENCES `webinars` (`id`) ON DELETE CASCADE
) ENGINE=InnoDB AUTO_INCREMENT=215 DEFAULT CHARSET=utf8mb4 COLLATE=utf8mb4_unicode_ci ROW_FORMAT=DYNAMIC;

CREATE TABLE `cart_discount_translations` (
  `id` int unsigned NOT NULL AUTO_INCREMENT,
  `cart_discount_id` int unsigned NOT NULL,
  `locale` varchar(191) CHARACTER SET utf8mb4 COLLATE utf8mb4_general_ci NOT NULL,
  `title` varchar(255) CHARACTER SET utf8mb4 COLLATE utf8mb4_general_ci NOT NULL,
  `subtitle` text CHARACTER SET utf8mb4 COLLATE utf8mb4_general_ci NOT NULL,
  PRIMARY KEY (`id`),
  KEY `cart_discount_translations_cart_discount_id_foreign` (`cart_discount_id`),
  KEY `cart_discount_translations_locale_index` (`locale`),
  CONSTRAINT `cart_discount_translations_cart_discount_id_foreign` FOREIGN KEY (`cart_discount_id`) REFERENCES `cart_discounts` (`id`) ON DELETE CASCADE
) ENGINE=InnoDB AUTO_INCREMENT=2 DEFAULT CHARSET=utf8mb4 COLLATE=utf8mb4_general_ci;

CREATE TABLE `cart_discounts` (
  `id` int unsigned NOT NULL AUTO_INCREMENT,
  `discount_id` int unsigned NOT NULL,
  `show_only_on_empty_cart` tinyint(1) NOT NULL DEFAULT '0',
  `enable` tinyint(1) NOT NULL DEFAULT '0',
  `created_at` bigint unsigned NOT NULL,
  PRIMARY KEY (`id`),
  KEY `cart_discounts_discount_id_foreign` (`discount_id`),
  CONSTRAINT `cart_discounts_discount_id_foreign` FOREIGN KEY (`discount_id`) REFERENCES `discounts` (`id`) ON DELETE CASCADE
) ENGINE=InnoDB AUTO_INCREMENT=2 DEFAULT CHARSET=utf8mb4 COLLATE=utf8mb4_general_ci;

CREATE TABLE `cashback_rule_specification_items` (
  `id` int unsigned NOT NULL AUTO_INCREMENT,
  `cashback_rule_id` int unsigned NOT NULL,
  `category_id` int unsigned DEFAULT NULL,
  `instructor_id` int unsigned DEFAULT NULL,
  `seller_id` int unsigned DEFAULT NULL,
  `webinar_id` int unsigned DEFAULT NULL,
  `product_id` int unsigned DEFAULT NULL,
  `bundle_id` int unsigned DEFAULT NULL,
  `subscribe_id` int unsigned DEFAULT NULL,
  `registration_package_id` int unsigned DEFAULT NULL,
  PRIMARY KEY (`id`),
  KEY `cashback_rule_specification_items_cashback_rule_id_foreign` (`cashback_rule_id`),
  KEY `cashback_rule_specification_items_category_id_foreign` (`category_id`),
  KEY `cashback_rule_specification_items_instructor_id_foreign` (`instructor_id`),
  KEY `cashback_rule_specification_items_seller_id_foreign` (`seller_id`),
  KEY `cashback_rule_specification_items_webinar_id_foreign` (`webinar_id`),
  KEY `cashback_rule_specification_items_product_id_foreign` (`product_id`),
  KEY `cashback_rule_specification_items_bundle_id_foreign` (`bundle_id`),
  KEY `cashback_rule_specification_items_subscribe_id_foreign` (`subscribe_id`),
  KEY `rules_registration_package_id` (`registration_package_id`),
  CONSTRAINT `cashback_rule_specification_items_bundle_id_foreign` FOREIGN KEY (`bundle_id`) REFERENCES `bundles` (`id`) ON DELETE CASCADE,
  CONSTRAINT `cashback_rule_specification_items_cashback_rule_id_foreign` FOREIGN KEY (`cashback_rule_id`) REFERENCES `cashback_rules` (`id`) ON DELETE CASCADE,
  CONSTRAINT `cashback_rule_specification_items_category_id_foreign` FOREIGN KEY (`category_id`) REFERENCES `categories` (`id`) ON DELETE CASCADE,
  CONSTRAINT `cashback_rule_specification_items_instructor_id_foreign` FOREIGN KEY (`instructor_id`) REFERENCES `users` (`id`) ON DELETE CASCADE,
  CONSTRAINT `cashback_rule_specification_items_product_id_foreign` FOREIGN KEY (`product_id`) REFERENCES `products` (`id`) ON DELETE CASCADE,
  CONSTRAINT `cashback_rule_specification_items_seller_id_foreign` FOREIGN KEY (`seller_id`) REFERENCES `users` (`id`) ON DELETE CASCADE,
  CONSTRAINT `cashback_rule_specification_items_subscribe_id_foreign` FOREIGN KEY (`subscribe_id`) REFERENCES `subscribes` (`id`) ON DELETE CASCADE,
  CONSTRAINT `cashback_rule_specification_items_webinar_id_foreign` FOREIGN KEY (`webinar_id`) REFERENCES `webinars` (`id`) ON DELETE CASCADE,
  CONSTRAINT `rules_registration_package_id` FOREIGN KEY (`registration_package_id`) REFERENCES `registration_packages` (`id`) ON DELETE CASCADE
) ENGINE=InnoDB AUTO_INCREMENT=20 DEFAULT CHARSET=utf8mb4 COLLATE=utf8mb4_unicode_ci;

CREATE TABLE `cashback_rule_translations` (
  `id` int unsigned NOT NULL AUTO_INCREMENT,
  `cashback_rule_id` int unsigned NOT NULL,
  `locale` varchar(255) CHARACTER SET utf8mb4 COLLATE utf8mb4_unicode_ci NOT NULL,
  `title` varchar(255) CHARACTER SET utf8mb4 COLLATE utf8mb4_unicode_ci NOT NULL,
  PRIMARY KEY (`id`),
  KEY `cashback_rule_translations_cashback_rule_id_foreign` (`cashback_rule_id`),
  KEY `cashback_rule_translations_locale_index` (`locale`),
  CONSTRAINT `cashback_rule_translations_cashback_rule_id_foreign` FOREIGN KEY (`cashback_rule_id`) REFERENCES `cashback_rules` (`id`) ON DELETE CASCADE
) ENGINE=InnoDB AUTO_INCREMENT=6 DEFAULT CHARSET=utf8mb4 COLLATE=utf8mb4_unicode_ci;

CREATE TABLE `cashback_rule_users_groups` (
  `id` int unsigned NOT NULL AUTO_INCREMENT,
  `cashback_rule_id` int unsigned NOT NULL,
  `group_id` int unsigned DEFAULT NULL,
  `user_id` int unsigned DEFAULT NULL,
  PRIMARY KEY (`id`),
  KEY `cashback_rule_users_groups_cashback_rule_id_foreign` (`cashback_rule_id`),
  KEY `cashback_rule_users_groups_group_id_foreign` (`group_id`),
  KEY `cashback_rule_users_groups_user_id_foreign` (`user_id`),
  CONSTRAINT `cashback_rule_users_groups_cashback_rule_id_foreign` FOREIGN KEY (`cashback_rule_id`) REFERENCES `cashback_rules` (`id`) ON DELETE CASCADE,
  CONSTRAINT `cashback_rule_users_groups_group_id_foreign` FOREIGN KEY (`group_id`) REFERENCES `groups` (`id`) ON DELETE CASCADE,
  CONSTRAINT `cashback_rule_users_groups_user_id_foreign` FOREIGN KEY (`user_id`) REFERENCES `users` (`id`) ON DELETE CASCADE
) ENGINE=InnoDB AUTO_INCREMENT=32 DEFAULT CHARSET=utf8mb4 COLLATE=utf8mb4_unicode_ci;

CREATE TABLE `cashback_rules` (
  `id` int unsigned NOT NULL AUTO_INCREMENT,
  `target_type` enum('all','courses','store_products','bundles','meetings','registration_packages','subscription_packages','recharge_wallet') CHARACTER SET utf8mb4 COLLATE utf8mb4_unicode_ci NOT NULL,
  `target` varchar(255) CHARACTER SET utf8mb4 COLLATE utf8mb4_unicode_ci DEFAULT NULL,
  `start_date` bigint unsigned DEFAULT NULL,
  `end_date` bigint unsigned DEFAULT NULL,
  `amount` double(15,2) DEFAULT NULL,
  `amount_type` enum('fixed_amount','percent') CHARACTER SET utf8mb4 COLLATE utf8mb4_unicode_ci DEFAULT NULL,
  `apply_cashback_per_item` tinyint(1) NOT NULL DEFAULT '0',
  `max_amount` double(15,2) DEFAULT NULL,
  `min_amount` double(15,2) DEFAULT NULL,
  `enable` tinyint(1) NOT NULL DEFAULT '0',
  `created_at` bigint unsigned NOT NULL,
  PRIMARY KEY (`id`)
) ENGINE=InnoDB AUTO_INCREMENT=6 DEFAULT CHARSET=utf8mb4 COLLATE=utf8mb4_unicode_ci;

CREATE TABLE `categories` (
  `id` int unsigned NOT NULL AUTO_INCREMENT,
  `slug` varchar(255) CHARACTER SET utf8mb4 COLLATE utf8mb4_unicode_ci NOT NULL,
  `parent_id` int DEFAULT NULL,
  `icon` varchar(255) CHARACTER SET utf8mb4 COLLATE utf8mb4_unicode_ci DEFAULT NULL,
  `order` int unsigned DEFAULT NULL,
  PRIMARY KEY (`id`) USING BTREE,
  KEY `parent_id` (`parent_id`) USING BTREE
) ENGINE=InnoDB AUTO_INCREMENT=642 DEFAULT CHARSET=utf8mb4 COLLATE=utf8mb4_unicode_ci;

CREATE TABLE `category_translations` (
  `id` bigint unsigned NOT NULL AUTO_INCREMENT,
  `category_id` int unsigned NOT NULL,
  `locale` varchar(255) CHARACTER SET utf8mb4 COLLATE utf8mb4_unicode_ci NOT NULL,
  `title` varchar(255) CHARACTER SET utf8mb4 COLLATE utf8mb4_unicode_ci NOT NULL,
  PRIMARY KEY (`id`) USING BTREE,
  KEY `category_translations_category_id_foreign` (`category_id`) USING BTREE,
  KEY `category_translations_locale_index` (`locale`) USING BTREE,
  CONSTRAINT `category_translations_category_id_foreign` FOREIGN KEY (`category_id`) REFERENCES `categories` (`id`) ON DELETE CASCADE
) ENGINE=InnoDB AUTO_INCREMENT=85 DEFAULT CHARSET=utf8mb4 COLLATE=utf8mb4_unicode_ci;

CREATE TABLE `certificate_template_translations` (
  `id` bigint unsigned NOT NULL AUTO_INCREMENT,
  `certificate_template_id` int unsigned NOT NULL,
  `locale` varchar(255) CHARACTER SET utf8mb4 COLLATE utf8mb4_unicode_ci NOT NULL,
  `title` varchar(255) CHARACTER SET utf8mb4 COLLATE utf8mb4_unicode_ci DEFAULT NULL,
  `body` longtext CHARACTER SET utf8mb4 COLLATE utf8mb4_unicode_ci,
  `rtl` tinyint DEFAULT NULL,
  `elements` longtext CHARACTER SET utf8mb4 COLLATE utf8mb4_unicode_ci,
  PRIMARY KEY (`id`),
  KEY `certificate_template_id` (`certificate_template_id`),
  KEY `certificate_template_translations_locale_index` (`locale`),
  CONSTRAINT `certificate_template_id` FOREIGN KEY (`certificate_template_id`) REFERENCES `certificates_templates` (`id`) ON DELETE CASCADE
) ENGINE=InnoDB AUTO_INCREMENT=11 DEFAULT CHARSET=utf8mb4 COLLATE=utf8mb4_unicode_ci;

CREATE TABLE `certificates` (
  `id` int unsigned NOT NULL AUTO_INCREMENT,
  `quiz_id` int unsigned DEFAULT NULL,
  `quiz_result_id` int unsigned DEFAULT NULL,
  `student_id` int unsigned NOT NULL,
  `webinar_id` int unsigned DEFAULT NULL,
  `bundle_id` int unsigned DEFAULT NULL,
  `user_grade` int unsigned DEFAULT NULL,
  `type` enum('quiz','course','bundle') CHARACTER SET utf8mb4 COLLATE utf8mb4_unicode_ci NOT NULL,
  `created_at` int NOT NULL,
  PRIMARY KEY (`id`) USING BTREE,
  KEY `certificates_quiz_id_foreign` (`quiz_id`) USING BTREE,
  KEY `certificates_quiz_result_id_foreign` (`quiz_result_id`) USING BTREE,
  KEY `certificates_student_id_foreign` (`student_id`) USING BTREE,
  KEY `certificates_webinar_id_foreign` (`webinar_id`),
  KEY `certificates_bundle_id_foreign` (`bundle_id`),
  CONSTRAINT `certificates_bundle_id_foreign` FOREIGN KEY (`bundle_id`) REFERENCES `bundles` (`id`) ON DELETE CASCADE,
  CONSTRAINT `certificates_quiz_id_foreign` FOREIGN KEY (`quiz_id`) REFERENCES `quizzes` (`id`) ON DELETE CASCADE,
  CONSTRAINT `certificates_quiz_result_id_foreign` FOREIGN KEY (`quiz_result_id`) REFERENCES `quizzes_results` (`id`) ON DELETE CASCADE,
  CONSTRAINT `certificates_student_id_foreign` FOREIGN KEY (`student_id`) REFERENCES `users` (`id`) ON DELETE CASCADE,
  CONSTRAINT `certificates_webinar_id_foreign` FOREIGN KEY (`webinar_id`) REFERENCES `webinars` (`id`) ON DELETE CASCADE
) ENGINE=InnoDB AUTO_INCREMENT=19 DEFAULT CHARSET=utf8mb4 COLLATE=utf8mb4_unicode_ci ROW_FORMAT=DYNAMIC;

CREATE TABLE `certificates_templates` (
  `id` int unsigned NOT NULL AUTO_INCREMENT,
  `image` varchar(255) CHARACTER SET utf8mb4 COLLATE utf8mb4_general_ci NOT NULL,
  `type` enum('quiz','course','bundle') CHARACTER SET utf8mb4 COLLATE utf8mb4_unicode_ci NOT NULL,
  `position_x` varchar(255) CHARACTER SET utf8mb4 COLLATE utf8mb4_general_ci DEFAULT NULL,
  `position_y` varchar(255) CHARACTER SET utf8mb4 COLLATE utf8mb4_general_ci DEFAULT NULL,
  `font_size` varchar(255) CHARACTER SET utf8mb4 COLLATE utf8mb4_general_ci DEFAULT NULL,
  `text_color` varchar(255) CHARACTER SET utf8mb4 COLLATE utf8mb4_general_ci DEFAULT NULL,
  `status` enum('draft','publish') CHARACTER SET utf8mb4 COLLATE utf8mb4_unicode_ci NOT NULL,
  `created_at` int NOT NULL,
  `updated_at` int DEFAULT NULL,
  PRIMARY KEY (`id`) USING BTREE
) ENGINE=InnoDB AUTO_INCREMENT=9 DEFAULT CHARSET=utf8mb4 COLLATE=utf8mb4_unicode_ci ROW_FORMAT=DYNAMIC;

CREATE TABLE `comments` (
  `id` int unsigned NOT NULL AUTO_INCREMENT,
  `user_id` int unsigned NOT NULL,
  `review_id` int unsigned DEFAULT NULL,
  `webinar_id` int unsigned DEFAULT NULL,
  `bundle_id` int unsigned DEFAULT NULL,
  `upcoming_course_id` int unsigned DEFAULT NULL,
  `blog_id` int unsigned DEFAULT NULL,
  `product_id` int unsigned DEFAULT NULL,
  `product_review_id` int unsigned DEFAULT NULL,
  `reply_id` int unsigned DEFAULT NULL,
  `comment` text CHARACTER SET utf8mb4 COLLATE utf8mb4_unicode_ci,
  `status` enum('pending','active') CHARACTER SET utf8mb4 COLLATE utf8mb4_unicode_ci NOT NULL,
  `report` tinyint(1) NOT NULL DEFAULT '0',
  `disabled` tinyint(1) NOT NULL DEFAULT '0',
  `created_at` int NOT NULL,
  `viewed_at` int unsigned DEFAULT NULL,
  PRIMARY KEY (`id`) USING BTREE,
  KEY `comments_webinar_id_foreign` (`webinar_id`) USING BTREE,
  KEY `comments_user_id_foreign` (`user_id`) USING BTREE,
  KEY `comments_review_id_foreign` (`review_id`) USING BTREE,
  KEY `comments_reply_id_foreign` (`reply_id`) USING BTREE,
  KEY `comments_product_id_foreign` (`product_id`),
  KEY `comments_bundle_id_foreign` (`bundle_id`),
  KEY `blog_id` (`blog_id`),
  KEY `comments_upcoming_course_id_foreign` (`upcoming_course_id`),
  CONSTRAINT `comments_bundle_id_foreign` FOREIGN KEY (`bundle_id`) REFERENCES `bundles` (`id`) ON DELETE CASCADE,
  CONSTRAINT `comments_ibfk_1` FOREIGN KEY (`blog_id`) REFERENCES `blog` (`id`) ON DELETE CASCADE,
  CONSTRAINT `comments_product_id_foreign` FOREIGN KEY (`product_id`) REFERENCES `products` (`id`) ON DELETE CASCADE,
  CONSTRAINT `comments_reply_id_foreign` FOREIGN KEY (`reply_id`) REFERENCES `comments` (`id`) ON DELETE CASCADE,
  CONSTRAINT `comments_review_id_foreign` FOREIGN KEY (`review_id`) REFERENCES `webinar_reviews` (`id`) ON DELETE CASCADE,
  CONSTRAINT `comments_upcoming_course_id_foreign` FOREIGN KEY (`upcoming_course_id`) REFERENCES `upcoming_courses` (`id`) ON DELETE CASCADE,
  CONSTRAINT `comments_user_id_foreign` FOREIGN KEY (`user_id`) REFERENCES `users` (`id`) ON DELETE CASCADE,
  CONSTRAINT `comments_webinar_id_foreign` FOREIGN KEY (`webinar_id`) REFERENCES `webinars` (`id`) ON DELETE CASCADE
) ENGINE=InnoDB AUTO_INCREMENT=69 DEFAULT CHARSET=utf8mb4 COLLATE=utf8mb4_unicode_ci ROW_FORMAT=DYNAMIC;

CREATE TABLE `comments_reports` (
  `id` int unsigned NOT NULL AUTO_INCREMENT,
  `user_id` int unsigned NOT NULL,
  `blog_id` int unsigned DEFAULT NULL,
  `product_id` int unsigned DEFAULT NULL,
  `webinar_id` int unsigned DEFAULT NULL,
  `bundle_id` int unsigned DEFAULT NULL,
  `comment_id` int unsigned NOT NULL,
  `message` text CHARACTER SET utf8mb4 COLLATE utf8mb4_unicode_ci NOT NULL,
  `created_at` int unsigned NOT NULL,
  PRIMARY KEY (`id`) USING BTREE,
  KEY `comments_reports_comment_id_foreign` (`comment_id`) USING BTREE,
  KEY `comments_reports_product_id_foreign` (`product_id`),
  CONSTRAINT `comments_reports_comment_id_foreign` FOREIGN KEY (`comment_id`) REFERENCES `comments` (`id`) ON DELETE CASCADE,
  CONSTRAINT `comments_reports_product_id_foreign` FOREIGN KEY (`product_id`) REFERENCES `products` (`id`) ON DELETE CASCADE
) ENGINE=InnoDB AUTO_INCREMENT=10 DEFAULT CHARSET=utf8mb4 COLLATE=utf8mb4_unicode_ci ROW_FORMAT=DYNAMIC;

CREATE TABLE `contacts` (
  `id` int unsigned NOT NULL AUTO_INCREMENT,
  `name` varchar(255) CHARACTER SET utf8mb4 COLLATE utf8mb4_unicode_ci NOT NULL,
  `email` varchar(255) CHARACTER SET utf8mb4 COLLATE utf8mb4_unicode_ci NOT NULL,
  `phone` varchar(255) CHARACTER SET utf8mb4 COLLATE utf8mb4_unicode_ci NOT NULL,
  `subject` varchar(255) CHARACTER SET utf8mb4 COLLATE utf8mb4_unicode_ci NOT NULL,
  `message` text CHARACTER SET utf8mb4 COLLATE utf8mb4_unicode_ci NOT NULL,
  `reply` text CHARACTER SET utf8mb4 COLLATE utf8mb4_unicode_ci,
  `status` enum('pending','replied') CHARACTER SET utf8mb4 COLLATE utf8mb4_unicode_ci NOT NULL DEFAULT 'pending',
  `created_at` int unsigned NOT NULL,
  PRIMARY KEY (`id`) USING BTREE
) ENGINE=InnoDB AUTO_INCREMENT=4 DEFAULT CHARSET=utf8mb4 COLLATE=utf8mb4_unicode_ci ROW_FORMAT=DYNAMIC;

CREATE TABLE `content_delete_requests` (
  `id` int unsigned NOT NULL AUTO_INCREMENT,
  `user_id` int unsigned NOT NULL,
  `targetable_id` int unsigned NOT NULL,
  `targetable_type` varchar(255) CHARACTER SET utf8mb4 COLLATE utf8mb4_unicode_ci NOT NULL,
  `description` text CHARACTER SET utf8mb4 COLLATE utf8mb4_unicode_ci,
  `content_title` varchar(255) CHARACTER SET utf8mb4 COLLATE utf8mb4_unicode_ci DEFAULT NULL,
  `content_published_date` bigint unsigned DEFAULT NULL,
  `customers_count` int unsigned DEFAULT NULL,
  `sales` decimal(15,2) DEFAULT NULL,
  `status` enum('pending','approved','rejected') CHARACTER SET utf8mb4 COLLATE utf8mb4_general_ci NOT NULL DEFAULT 'pending',
  `created_at` bigint unsigned NOT NULL,
  PRIMARY KEY (`id`),
  KEY `content_delete_requests_user_id_foreign` (`user_id`),
  CONSTRAINT `content_delete_requests_user_id_foreign` FOREIGN KEY (`user_id`) REFERENCES `users` (`id`) ON DELETE CASCADE
) ENGINE=InnoDB AUTO_INCREMENT=4 DEFAULT CHARSET=utf8mb4 COLLATE=utf8mb4_general_ci;

CREATE TABLE `course_forum_answers` (
  `id` int unsigned NOT NULL AUTO_INCREMENT,
  `forum_id` int unsigned NOT NULL,
  `user_id` int unsigned NOT NULL,
  `description` text CHARACTER SET utf8mb4 COLLATE utf8mb4_unicode_ci NOT NULL,
  `pin` tinyint(1) NOT NULL DEFAULT '0',
  `resolved` tinyint(1) NOT NULL DEFAULT '0',
  `created_at` bigint unsigned NOT NULL,
  PRIMARY KEY (`id`),
  KEY `course_forum_answers_user_id_foreign` (`user_id`),
  KEY `course_forum_answers_forum_id_foreign` (`forum_id`),
  CONSTRAINT `course_forum_answers_forum_id_foreign` FOREIGN KEY (`forum_id`) REFERENCES `course_forums` (`id`) ON DELETE CASCADE,
  CONSTRAINT `course_forum_answers_user_id_foreign` FOREIGN KEY (`user_id`) REFERENCES `users` (`id`) ON DELETE CASCADE
) ENGINE=InnoDB AUTO_INCREMENT=11 DEFAULT CHARSET=utf8mb4 COLLATE=utf8mb4_unicode_ci;

CREATE TABLE `course_forums` (
  `id` int unsigned NOT NULL AUTO_INCREMENT,
  `webinar_id` int unsigned NOT NULL,
  `user_id` int unsigned NOT NULL,
  `title` varchar(255) CHARACTER SET utf8mb4 COLLATE utf8mb4_unicode_ci NOT NULL,
  `description` text CHARACTER SET utf8mb4 COLLATE utf8mb4_unicode_ci NOT NULL,
  `attach` varchar(255) CHARACTER SET utf8mb4 COLLATE utf8mb4_unicode_ci DEFAULT NULL,
  `pin` tinyint(1) NOT NULL DEFAULT '0',
  `created_at` bigint unsigned NOT NULL,
  PRIMARY KEY (`id`),
  KEY `course_forums_webinar_id_foreign` (`webinar_id`),
  KEY `course_forums_user_id_foreign` (`user_id`),
  CONSTRAINT `course_forums_user_id_foreign` FOREIGN KEY (`user_id`) REFERENCES `users` (`id`) ON DELETE CASCADE,
  CONSTRAINT `course_forums_webinar_id_foreign` FOREIGN KEY (`webinar_id`) REFERENCES `webinars` (`id`) ON DELETE CASCADE
) ENGINE=InnoDB AUTO_INCREMENT=4 DEFAULT CHARSET=utf8mb4 COLLATE=utf8mb4_unicode_ci;

CREATE TABLE `course_learning` (
  `id` int unsigned NOT NULL AUTO_INCREMENT,
  `user_id` int unsigned NOT NULL,
  `text_lesson_id` int unsigned DEFAULT NULL,
  `file_id` int unsigned DEFAULT NULL,
  `session_id` int unsigned DEFAULT NULL,
  `created_at` int unsigned NOT NULL,
  PRIMARY KEY (`id`),
  KEY `course_learning_user_id_foreign` (`user_id`),
  KEY `course_learning_text_lesson_id_foreign` (`text_lesson_id`),
  KEY `course_learning_file_id_foreign` (`file_id`),
  KEY `course_learning_session_id_foreign` (`session_id`),
  CONSTRAINT `course_learning_file_id_foreign` FOREIGN KEY (`file_id`) REFERENCES `files` (`id`) ON DELETE CASCADE,
  CONSTRAINT `course_learning_session_id_foreign` FOREIGN KEY (`session_id`) REFERENCES `sessions` (`id`) ON DELETE CASCADE,
  CONSTRAINT `course_learning_text_lesson_id_foreign` FOREIGN KEY (`text_lesson_id`) REFERENCES `text_lessons` (`id`) ON DELETE CASCADE,
  CONSTRAINT `course_learning_user_id_foreign` FOREIGN KEY (`user_id`) REFERENCES `users` (`id`) ON DELETE CASCADE
) ENGINE=InnoDB AUTO_INCREMENT=97 DEFAULT CHARSET=utf8mb4 COLLATE=utf8mb4_unicode_ci;

CREATE TABLE `course_learning_last_views` (
  `id` int unsigned NOT NULL AUTO_INCREMENT,
  `user_id` int unsigned NOT NULL,
  `webinar_id` int unsigned NOT NULL,
  `item_id` int unsigned NOT NULL,
  `item_type` enum('file','session','text_lesson','assignment','quiz') CHARACTER SET utf8mb4 COLLATE utf8mb4_general_ci NOT NULL,
  `visited_at` bigint unsigned NOT NULL,
  PRIMARY KEY (`id`),
  KEY `course_learning_last_views_user_id_foreign` (`user_id`),
  KEY `course_learning_last_views_webinar_id_foreign` (`webinar_id`),
  CONSTRAINT `course_learning_last_views_user_id_foreign` FOREIGN KEY (`user_id`) REFERENCES `users` (`id`) ON DELETE CASCADE,
  CONSTRAINT `course_learning_last_views_webinar_id_foreign` FOREIGN KEY (`webinar_id`) REFERENCES `webinars` (`id`) ON DELETE CASCADE
) ENGINE=InnoDB AUTO_INCREMENT=14 DEFAULT CHARSET=utf8mb4 COLLATE=utf8mb4_general_ci;

CREATE TABLE `course_noticeboard_status` (
  `id` int unsigned NOT NULL AUTO_INCREMENT,
  `user_id` int unsigned NOT NULL,
  `noticeboard_id` int unsigned NOT NULL,
  `seen_at` int unsigned NOT NULL,
  PRIMARY KEY (`id`),
  KEY `course_noticeboard_status_noticeboard_id_foreign` (`noticeboard_id`),
  CONSTRAINT `course_noticeboard_status_noticeboard_id_foreign` FOREIGN KEY (`noticeboard_id`) REFERENCES `course_noticeboards` (`id`) ON DELETE CASCADE
) ENGINE=InnoDB AUTO_INCREMENT=51 DEFAULT CHARSET=utf8mb4 COLLATE=utf8mb4_unicode_ci;

CREATE TABLE `course_noticeboards` (
  `id` int unsigned NOT NULL AUTO_INCREMENT,
  `creator_id` int unsigned NOT NULL,
  `webinar_id` int unsigned NOT NULL,
  `color` enum('warning','danger','neutral','info','success') CHARACTER SET utf8mb4 COLLATE utf8mb4_unicode_ci NOT NULL,
  `title` varchar(255) CHARACTER SET utf8mb4 COLLATE utf8mb4_unicode_ci NOT NULL,
  `message` text CHARACTER SET utf8mb4 COLLATE utf8mb4_unicode_ci NOT NULL,
  `created_at` bigint unsigned NOT NULL,
  PRIMARY KEY (`id`),
  KEY `course_noticeboards_creator_id_foreign` (`creator_id`),
  KEY `course_noticeboards_webinar_id_foreign` (`webinar_id`),
  CONSTRAINT `course_noticeboards_creator_id_foreign` FOREIGN KEY (`creator_id`) REFERENCES `users` (`id`) ON DELETE CASCADE,
  CONSTRAINT `course_noticeboards_webinar_id_foreign` FOREIGN KEY (`webinar_id`) REFERENCES `webinars` (`id`) ON DELETE CASCADE
) ENGINE=InnoDB AUTO_INCREMENT=9 DEFAULT CHARSET=utf8mb4 COLLATE=utf8mb4_unicode_ci;

CREATE TABLE `course_personal_notes` (
  `id` int unsigned NOT NULL AUTO_INCREMENT,
  `user_id` int unsigned NOT NULL,
  `course_id` int unsigned NOT NULL,
  `targetable_id` int unsigned NOT NULL,
  `targetable_type` varchar(255) CHARACTER SET utf8mb4 COLLATE utf8mb4_general_ci NOT NULL,
  `note` text CHARACTER SET utf8mb4 COLLATE utf8mb4_general_ci,
  `attachment` varchar(255) CHARACTER SET utf8mb4 COLLATE utf8mb4_general_ci DEFAULT NULL,
  `created_at` bigint unsigned NOT NULL,
  PRIMARY KEY (`id`),
  KEY `course_personal_notes_user_id_foreign` (`user_id`),
  KEY `course_personal_notes_course_id_foreign` (`course_id`),
  CONSTRAINT `course_personal_notes_course_id_foreign` FOREIGN KEY (`course_id`) REFERENCES `webinars` (`id`) ON DELETE CASCADE,
  CONSTRAINT `course_personal_notes_user_id_foreign` FOREIGN KEY (`user_id`) REFERENCES `users` (`id`) ON DELETE CASCADE
) ENGINE=InnoDB AUTO_INCREMENT=6 DEFAULT CHARSET=utf8mb4 COLLATE=utf8mb4_general_ci;

CREATE TABLE `currencies` (
  `id` int unsigned NOT NULL AUTO_INCREMENT,
  `currency` varchar(255) CHARACTER SET utf8mb4 COLLATE utf8mb4_unicode_ci NOT NULL,
  `currency_position` enum('left','right','left_with_space','right_with_space') CHARACTER SET utf8mb4 COLLATE utf8mb4_unicode_ci NOT NULL,
  `currency_separator` enum('dot','comma') CHARACTER SET utf8mb4 COLLATE utf8mb4_unicode_ci NOT NULL,
  `currency_decimal` int unsigned DEFAULT NULL,
  `exchange_rate` double(15,2) DEFAULT NULL,
  `order` int unsigned DEFAULT NULL,
  `created_at` bigint NOT NULL,
  PRIMARY KEY (`id`)
) ENGINE=InnoDB AUTO_INCREMENT=7 DEFAULT CHARSET=utf8mb4 COLLATE=utf8mb4_unicode_ci;

CREATE TABLE `delete_account_requests` (
  `id` int unsigned NOT NULL AUTO_INCREMENT,
  `user_id` int unsigned NOT NULL,
  `created_at` bigint unsigned NOT NULL,
  PRIMARY KEY (`id`),
  KEY `delete_account_requests_user_id_foreign` (`user_id`),
  CONSTRAINT `delete_account_requests_user_id_foreign` FOREIGN KEY (`user_id`) REFERENCES `users` (`id`) ON DELETE CASCADE
) ENGINE=InnoDB AUTO_INCREMENT=4 DEFAULT CHARSET=utf8mb4 COLLATE=utf8mb4_unicode_ci;

CREATE TABLE `discount_bundles` (
  `id` int unsigned NOT NULL AUTO_INCREMENT,
  `discount_id` int unsigned NOT NULL,
  `bundle_id` int unsigned NOT NULL,
  `created_at` int unsigned NOT NULL,
  PRIMARY KEY (`id`),
  KEY `discount_bundles_discount_id_foreign` (`discount_id`),
  KEY `discount_bundles_bundle_id_foreign` (`bundle_id`),
  CONSTRAINT `discount_bundles_bundle_id_foreign` FOREIGN KEY (`bundle_id`) REFERENCES `bundles` (`id`) ON DELETE CASCADE,
  CONSTRAINT `discount_bundles_discount_id_foreign` FOREIGN KEY (`discount_id`) REFERENCES `discounts` (`id`) ON DELETE CASCADE
) ENGINE=InnoDB AUTO_INCREMENT=5 DEFAULT CHARSET=utf8mb4 COLLATE=utf8mb4_unicode_ci;

CREATE TABLE `discount_categories` (
  `id` int unsigned NOT NULL AUTO_INCREMENT,
  `discount_id` int unsigned NOT NULL,
  `category_id` int unsigned NOT NULL,
  `created_at` int unsigned NOT NULL,
  PRIMARY KEY (`id`),
  KEY `discount_categories_discount_id_foreign` (`discount_id`),
  KEY `discount_categories_category_id_foreign` (`category_id`),
  CONSTRAINT `discount_categories_category_id_foreign` FOREIGN KEY (`category_id`) REFERENCES `categories` (`id`) ON DELETE CASCADE,
  CONSTRAINT `discount_categories_discount_id_foreign` FOREIGN KEY (`discount_id`) REFERENCES `discounts` (`id`) ON DELETE CASCADE
) ENGINE=InnoDB AUTO_INCREMENT=13 DEFAULT CHARSET=utf8mb4 COLLATE=utf8mb4_unicode_ci;

CREATE TABLE `discount_courses` (
  `id` int unsigned NOT NULL AUTO_INCREMENT,
  `discount_id` int unsigned NOT NULL,
  `course_id` int unsigned NOT NULL,
  `created_at` int unsigned NOT NULL,
  PRIMARY KEY (`id`),
  KEY `discount_courses_discount_id_foreign` (`discount_id`),
  KEY `discount_courses_course_id_foreign` (`course_id`),
  CONSTRAINT `discount_courses_course_id_foreign` FOREIGN KEY (`course_id`) REFERENCES `webinars` (`id`) ON DELETE CASCADE,
  CONSTRAINT `discount_courses_discount_id_foreign` FOREIGN KEY (`discount_id`) REFERENCES `discounts` (`id`) ON DELETE CASCADE
) ENGINE=InnoDB AUTO_INCREMENT=12 DEFAULT CHARSET=utf8mb4 COLLATE=utf8mb4_unicode_ci;

CREATE TABLE `discount_groups` (
  `id` int unsigned NOT NULL AUTO_INCREMENT,
  `discount_id` int unsigned NOT NULL,
  `group_id` int unsigned NOT NULL,
  `created_at` int unsigned NOT NULL,
  PRIMARY KEY (`id`),
  KEY `discount_groups_discount_id_foreign` (`discount_id`),
  KEY `discount_groups_group_id_foreign` (`group_id`),
  CONSTRAINT `discount_groups_discount_id_foreign` FOREIGN KEY (`discount_id`) REFERENCES `discounts` (`id`) ON DELETE CASCADE,
  CONSTRAINT `discount_groups_group_id_foreign` FOREIGN KEY (`group_id`) REFERENCES `groups` (`id`) ON DELETE CASCADE
) ENGINE=InnoDB AUTO_INCREMENT=8 DEFAULT CHARSET=utf8mb4 COLLATE=utf8mb4_unicode_ci;

CREATE TABLE `discount_users` (
  `id` int unsigned NOT NULL AUTO_INCREMENT,
  `discount_id` int unsigned NOT NULL,
  `user_id` int unsigned NOT NULL,
  `created_at` int unsigned NOT NULL,
  PRIMARY KEY (`id`) USING BTREE,
  KEY `discount_users_discount_id_foreign` (`discount_id`) USING BTREE,
  KEY `discount_users_user_id_foreign` (`user_id`) USING BTREE,
  CONSTRAINT `discount_users_discount_id_foreign` FOREIGN KEY (`discount_id`) REFERENCES `discounts` (`id`) ON DELETE CASCADE,
  CONSTRAINT `discount_users_user_id_foreign` FOREIGN KEY (`user_id`) REFERENCES `users` (`id`) ON DELETE CASCADE
) ENGINE=InnoDB AUTO_INCREMENT=10 DEFAULT CHARSET=utf8mb4 COLLATE=utf8mb4_unicode_ci ROW_FORMAT=DYNAMIC;

CREATE TABLE `discounts` (
  `id` int unsigned NOT NULL AUTO_INCREMENT,
  `creator_id` int unsigned NOT NULL,
  `title` varchar(255) CHARACTER SET utf8mb4 COLLATE utf8mb4_unicode_ci NOT NULL,
  `subtitle` varchar(255) CHARACTER SET utf8mb4 COLLATE utf8mb4_general_ci DEFAULT NULL,
  `discount_type` enum('percentage','fixed_amount') CHARACTER SET utf8mb4 COLLATE utf8mb4_unicode_ci NOT NULL,
  `source` enum('all','course','category','meeting','product','bundle') CHARACTER SET utf8mb4 COLLATE utf8mb4_unicode_ci NOT NULL,
  `code` varchar(64) CHARACTER SET utf8mb4 COLLATE utf8mb4_unicode_ci NOT NULL,
  `percent` int unsigned DEFAULT NULL,
  `amount` int unsigned DEFAULT NULL,
  `max_amount` int unsigned DEFAULT NULL,
  `minimum_order` int unsigned DEFAULT NULL,
  `count` int NOT NULL DEFAULT '1',
  `user_type` enum('all_users','special_users') CHARACTER SET utf8mb4 COLLATE utf8mb4_unicode_ci NOT NULL,
  `product_type` enum('all','physical','virtual') CHARACTER SET utf8mb4 COLLATE utf8mb4_unicode_ci DEFAULT NULL,
  `for_first_purchase` tinyint(1) NOT NULL DEFAULT '0',
  `status` enum('active','disable') CHARACTER SET utf8mb4 COLLATE utf8mb4_unicode_ci NOT NULL DEFAULT 'active',
  `expired_at` int unsigned NOT NULL,
  `created_at` int unsigned NOT NULL,
  PRIMARY KEY (`id`) USING BTREE,
  UNIQUE KEY `discounts_code_unique` (`code`),
  KEY `discounts_creator_id_foreign` (`creator_id`) USING BTREE,
  CONSTRAINT `discounts_creator_id_foreign` FOREIGN KEY (`creator_id`) REFERENCES `users` (`id`) ON DELETE CASCADE
) ENGINE=InnoDB AUTO_INCREMENT=27 DEFAULT CHARSET=utf8mb4 COLLATE=utf8mb4_unicode_ci ROW_FORMAT=DYNAMIC;

CREATE TABLE `failed_jobs` (
  `id` bigint unsigned NOT NULL AUTO_INCREMENT,
  `uuid` varchar(255) CHARACTER SET utf8mb4 COLLATE utf8mb4_unicode_ci NOT NULL,
  `connection` text CHARACTER SET utf8mb4 COLLATE utf8mb4_unicode_ci NOT NULL,
  `queue` text CHARACTER SET utf8mb4 COLLATE utf8mb4_unicode_ci NOT NULL,
  `payload` longtext CHARACTER SET utf8mb4 COLLATE utf8mb4_unicode_ci NOT NULL,
  `exception` longtext CHARACTER SET utf8mb4 COLLATE utf8mb4_unicode_ci NOT NULL,
  `failed_at` timestamp NOT NULL DEFAULT CURRENT_TIMESTAMP,
  PRIMARY KEY (`id`)
) ENGINE=MyISAM DEFAULT CHARSET=utf8mb4 COLLATE=utf8mb4_unicode_ci;

CREATE TABLE `faq_translations` (
  `id` bigint unsigned NOT NULL AUTO_INCREMENT,
  `faq_id` int unsigned NOT NULL,
  `locale` varchar(255) CHARACTER SET utf8mb4 COLLATE utf8mb4_unicode_ci NOT NULL,
  `title` varchar(255) CHARACTER SET utf8mb4 COLLATE utf8mb4_unicode_ci NOT NULL,
  `answer` text CHARACTER SET utf8mb4 COLLATE utf8mb4_unicode_ci NOT NULL,
  PRIMARY KEY (`id`),
  KEY `faq_translations_faq_id_foreign` (`faq_id`),
  KEY `faq_translations_locale_index` (`locale`),
  CONSTRAINT `faq_translations_faq_id_foreign` FOREIGN KEY (`faq_id`) REFERENCES `faqs` (`id`) ON DELETE CASCADE
) ENGINE=InnoDB AUTO_INCREMENT=52 DEFAULT CHARSET=utf8mb4 COLLATE=utf8mb4_unicode_ci;

CREATE TABLE `faqs` (
  `id` int unsigned NOT NULL AUTO_INCREMENT,
  `creator_id` int unsigned NOT NULL,
  `webinar_id` int unsigned DEFAULT NULL,
  `bundle_id` int unsigned DEFAULT NULL,
  `upcoming_course_id` int unsigned DEFAULT NULL,
  `order` int unsigned DEFAULT NULL,
  `created_at` int unsigned DEFAULT NULL,
  `updated_at` int unsigned DEFAULT NULL,
  PRIMARY KEY (`id`) USING BTREE,
  KEY `faqs_webinar_id_foreign` (`webinar_id`) USING BTREE,
  KEY `faqs_creator_id_foreign` (`creator_id`) USING BTREE,
  KEY `faqs_bundle_id_foreign` (`bundle_id`),
  KEY `faqs_upcoming_course_id_foreign` (`upcoming_course_id`),
  CONSTRAINT `faqs_bundle_id_foreign` FOREIGN KEY (`bundle_id`) REFERENCES `bundles` (`id`) ON DELETE CASCADE,
  CONSTRAINT `faqs_creator_id_foreign` FOREIGN KEY (`creator_id`) REFERENCES `users` (`id`) ON DELETE CASCADE,
  CONSTRAINT `faqs_upcoming_course_id_foreign` FOREIGN KEY (`upcoming_course_id`) REFERENCES `upcoming_courses` (`id`) ON DELETE CASCADE,
  CONSTRAINT `faqs_webinar_id_foreign` FOREIGN KEY (`webinar_id`) REFERENCES `webinars` (`id`) ON DELETE CASCADE
) ENGINE=InnoDB AUTO_INCREMENT=64 DEFAULT CHARSET=utf8mb4 COLLATE=utf8mb4_unicode_ci ROW_FORMAT=DYNAMIC;

CREATE TABLE `favorites` (
  `id` int unsigned NOT NULL AUTO_INCREMENT,
  `user_id` int unsigned NOT NULL,
  `webinar_id` int unsigned DEFAULT NULL,
  `bundle_id` int unsigned DEFAULT NULL,
  `upcoming_course_id` int unsigned DEFAULT NULL,
  `created_at` int NOT NULL,
  PRIMARY KEY (`id`) USING BTREE,
  KEY `favorites_webinar_id_foreign` (`webinar_id`) USING BTREE,
  KEY `favorites_user_id_foreign` (`user_id`) USING BTREE,
  KEY `favorites_bundle_id_foreign` (`bundle_id`),
  KEY `favorites_upcoming_course_id_foreign` (`upcoming_course_id`),
  CONSTRAINT `favorites_bundle_id_foreign` FOREIGN KEY (`bundle_id`) REFERENCES `bundles` (`id`) ON DELETE CASCADE,
  CONSTRAINT `favorites_upcoming_course_id_foreign` FOREIGN KEY (`upcoming_course_id`) REFERENCES `upcoming_courses` (`id`) ON DELETE CASCADE,
  CONSTRAINT `favorites_user_id_foreign` FOREIGN KEY (`user_id`) REFERENCES `users` (`id`) ON DELETE CASCADE,
  CONSTRAINT `favorites_webinar_id_foreign` FOREIGN KEY (`webinar_id`) REFERENCES `webinars` (`id`) ON DELETE CASCADE
) ENGINE=InnoDB AUTO_INCREMENT=21 DEFAULT CHARSET=utf8mb4 COLLATE=utf8mb4_unicode_ci ROW_FORMAT=DYNAMIC;

CREATE TABLE `feature_webinar_translations` (
  `id` bigint unsigned NOT NULL AUTO_INCREMENT,
  `feature_webinar_id` int unsigned NOT NULL,
  `locale` varchar(255) CHARACTER SET utf8mb4 COLLATE utf8mb4_unicode_ci NOT NULL,
  `description` text CHARACTER SET utf8mb4 COLLATE utf8mb4_unicode_ci,
  PRIMARY KEY (`id`),
  KEY `feature_webinar_translations_feature_webinar_id_foreign` (`feature_webinar_id`),
  KEY `feature_webinar_translations_locale_index` (`locale`),
  CONSTRAINT `feature_webinar_translations_feature_webinar_id_foreign` FOREIGN KEY (`feature_webinar_id`) REFERENCES `feature_webinars` (`id`) ON DELETE CASCADE
) ENGINE=InnoDB AUTO_INCREMENT=25 DEFAULT CHARSET=utf8mb4 COLLATE=utf8mb4_unicode_ci;

CREATE TABLE `feature_webinars` (
  `id` int unsigned NOT NULL AUTO_INCREMENT,
  `webinar_id` int unsigned NOT NULL,
  `page` enum('categories','home','home_categories') CHARACTER SET utf8mb4 COLLATE utf8mb4_unicode_ci NOT NULL,
  `status` enum('publish','pending') CHARACTER SET utf8mb4 COLLATE utf8mb4_unicode_ci NOT NULL,
  `updated_at` int unsigned NOT NULL,
  PRIMARY KEY (`id`) USING BTREE,
  KEY `feature_webinars_webinar_id_index` (`webinar_id`) USING BTREE,
  CONSTRAINT `feature_webinars_webinar_id_foreign` FOREIGN KEY (`webinar_id`) REFERENCES `webinars` (`id`) ON DELETE CASCADE
) ENGINE=InnoDB AUTO_INCREMENT=29 DEFAULT CHARSET=utf8mb4 COLLATE=utf8mb4_unicode_ci ROW_FORMAT=DYNAMIC;

CREATE TABLE `file_translations` (
  `id` bigint unsigned NOT NULL AUTO_INCREMENT,
  `file_id` int unsigned NOT NULL,
  `locale` varchar(255) CHARACTER SET utf8mb4 COLLATE utf8mb4_unicode_ci NOT NULL,
  `title` varchar(255) CHARACTER SET utf8mb4 COLLATE utf8mb4_unicode_ci NOT NULL,
  `description` text CHARACTER SET utf8mb4 COLLATE utf8mb4_unicode_ci,
  PRIMARY KEY (`id`),
  KEY `file_translations_file_id_foreign` (`file_id`),
  KEY `file_translations_locale_index` (`locale`),
  CONSTRAINT `file_translations_file_id_foreign` FOREIGN KEY (`file_id`) REFERENCES `files` (`id`) ON DELETE CASCADE
) ENGINE=InnoDB AUTO_INCREMENT=84 DEFAULT CHARSET=utf8mb4 COLLATE=utf8mb4_unicode_ci;

CREATE TABLE `files` (
  `id` int unsigned NOT NULL AUTO_INCREMENT,
  `creator_id` int unsigned NOT NULL,
  `webinar_id` int unsigned NOT NULL,
  `chapter_id` int unsigned DEFAULT NULL,
  `accessibility` enum('free','paid') CHARACTER SET utf8mb4 COLLATE utf8mb4_unicode_ci NOT NULL,
  `downloadable` tinyint(1) DEFAULT '0',
  `storage` enum('upload','youtube','vimeo','external_link','google_drive','dropbox','iframe','s3','upload_archive','secure_host') CHARACTER SET utf8mb4 COLLATE utf8mb4_unicode_ci NOT NULL,
  `file` text CHARACTER SET utf8mb4 COLLATE utf8mb4_unicode_ci NOT NULL,
  `volume` varchar(64) CHARACTER SET utf8mb4 COLLATE utf8mb4_unicode_ci NOT NULL,
  `file_type` varchar(64) CHARACTER SET utf8mb4 COLLATE utf8mb4_unicode_ci NOT NULL,
  `secure_host_upload_type` enum('direct','manual') CHARACTER SET utf8mb4 COLLATE utf8mb4_unicode_ci DEFAULT NULL,
  `interactive_type` enum('adobe_captivate','i_spring','custom') CHARACTER SET utf8mb4 COLLATE utf8mb4_unicode_ci DEFAULT NULL,
  `interactive_file_name` varchar(255) CHARACTER SET utf8mb4 COLLATE utf8mb4_unicode_ci DEFAULT NULL,
  `interactive_file_path` varchar(255) CHARACTER SET utf8mb4 COLLATE utf8mb4_unicode_ci DEFAULT NULL,
  `check_previous_parts` tinyint(1) NOT NULL DEFAULT '0',
  `access_after_day` int unsigned DEFAULT NULL,
  `online_viewer` tinyint(1) NOT NULL DEFAULT '0',
  `order` int unsigned DEFAULT NULL,
  `status` enum('active','inactive') CHARACTER SET utf8mb4 COLLATE utf8mb4_unicode_ci NOT NULL DEFAULT 'active',
  `created_at` int NOT NULL,
  `updated_at` int DEFAULT NULL,
  `deleted_at` int DEFAULT NULL,
  PRIMARY KEY (`id`) USING BTREE,
  KEY `files_webinar_id_foreign` (`webinar_id`) USING BTREE,
  KEY `files_creator_id_foreign` (`creator_id`) USING BTREE,
  KEY `files_chapter_id_foreign` (`chapter_id`),
  CONSTRAINT `files_chapter_id_foreign` FOREIGN KEY (`chapter_id`) REFERENCES `webinar_chapters` (`id`) ON DELETE CASCADE,
  CONSTRAINT `files_creator_id_foreign` FOREIGN KEY (`creator_id`) REFERENCES `users` (`id`) ON DELETE CASCADE,
  CONSTRAINT `files_webinar_id_foreign` FOREIGN KEY (`webinar_id`) REFERENCES `webinars` (`id`) ON DELETE CASCADE
) ENGINE=InnoDB AUTO_INCREMENT=115 DEFAULT CHARSET=utf8mb4 COLLATE=utf8mb4_unicode_ci ROW_FORMAT=DYNAMIC;

CREATE TABLE `filter_option_translations` (
  `id` bigint unsigned NOT NULL AUTO_INCREMENT,
  `filter_option_id` int unsigned NOT NULL,
  `locale` varchar(255) CHARACTER SET utf8mb4 COLLATE utf8mb4_unicode_ci NOT NULL,
  `title` varchar(255) CHARACTER SET utf8mb4 COLLATE utf8mb4_unicode_ci NOT NULL,
  PRIMARY KEY (`id`),
  KEY `filter_option_translations_filter_option_id_foreign` (`filter_option_id`),
  KEY `filter_option_translations_locale_index` (`locale`),
  CONSTRAINT `filter_option_translations_filter_option_id_foreign` FOREIGN KEY (`filter_option_id`) REFERENCES `filter_options` (`id`) ON DELETE CASCADE
) ENGINE=InnoDB AUTO_INCREMENT=1228 DEFAULT CHARSET=utf8mb4 COLLATE=utf8mb4_unicode_ci;

CREATE TABLE `filter_options` (
  `id` int unsigned NOT NULL AUTO_INCREMENT,
  `filter_id` int unsigned NOT NULL,
  `order` int unsigned DEFAULT NULL,
  PRIMARY KEY (`id`) USING BTREE,
  KEY `filter_options_filter_id_foreign` (`filter_id`) USING BTREE,
  CONSTRAINT `filter_options_filter_id_foreign` FOREIGN KEY (`filter_id`) REFERENCES `filters` (`id`) ON DELETE CASCADE
) ENGINE=InnoDB AUTO_INCREMENT=9294 DEFAULT CHARSET=utf8mb4 COLLATE=utf8mb4_unicode_ci ROW_FORMAT=DYNAMIC;

CREATE TABLE `filter_translations` (
  `id` bigint unsigned NOT NULL AUTO_INCREMENT,
  `filter_id` int unsigned NOT NULL,
  `locale` varchar(255) CHARACTER SET utf8mb4 COLLATE utf8mb4_unicode_ci NOT NULL,
  `title` varchar(255) CHARACTER SET utf8mb4 COLLATE utf8mb4_unicode_ci NOT NULL,
  PRIMARY KEY (`id`),
  KEY `filter_translations_filter_id_foreign` (`filter_id`),
  KEY `filter_translations_locale_index` (`locale`),
  CONSTRAINT `filter_translations_filter_id_foreign` FOREIGN KEY (`filter_id`) REFERENCES `filters` (`id`) ON DELETE CASCADE
) ENGINE=InnoDB AUTO_INCREMENT=279 DEFAULT CHARSET=utf8mb4 COLLATE=utf8mb4_unicode_ci;

CREATE TABLE `filters` (
  `id` int unsigned NOT NULL AUTO_INCREMENT,
  `category_id` int unsigned NOT NULL,
  PRIMARY KEY (`id`) USING BTREE,
  KEY `filters_category_id_foreign` (`category_id`) USING BTREE,
  CONSTRAINT `filters_category_id_foreign` FOREIGN KEY (`category_id`) REFERENCES `categories` (`id`) ON DELETE CASCADE
) ENGINE=InnoDB AUTO_INCREMENT=1849 DEFAULT CHARSET=utf8mb4 COLLATE=utf8mb4_unicode_ci ROW_FORMAT=DYNAMIC;

CREATE TABLE `floating_bar_translations` (
  `id` int unsigned NOT NULL AUTO_INCREMENT,
  `floating_bar_id` int unsigned NOT NULL,
  `locale` varchar(255) CHARACTER SET utf8mb4 COLLATE utf8mb4_unicode_ci NOT NULL,
  `title` varchar(255) CHARACTER SET utf8mb4 COLLATE utf8mb4_unicode_ci DEFAULT NULL,
  `description` text CHARACTER SET utf8mb4 COLLATE utf8mb4_unicode_ci,
  `btn_text` varchar(255) CHARACTER SET utf8mb4 COLLATE utf8mb4_unicode_ci DEFAULT NULL,
  PRIMARY KEY (`id`),
  KEY `floating_bar_translations_floating_bar_id_foreign` (`floating_bar_id`),
  KEY `floating_bar_translations_locale_index` (`locale`),
  CONSTRAINT `floating_bar_translations_floating_bar_id_foreign` FOREIGN KEY (`floating_bar_id`) REFERENCES `floating_bars` (`id`) ON DELETE CASCADE
) ENGINE=InnoDB AUTO_INCREMENT=4 DEFAULT CHARSET=utf8mb4 COLLATE=utf8mb4_unicode_ci;

CREATE TABLE `floating_bars` (
  `id` int unsigned NOT NULL AUTO_INCREMENT,
  `start_at` bigint DEFAULT NULL,
  `end_at` bigint DEFAULT NULL,
  `title_color` varchar(255) CHARACTER SET utf8mb4 COLLATE utf8mb4_unicode_ci DEFAULT NULL,
  `description_color` varchar(255) CHARACTER SET utf8mb4 COLLATE utf8mb4_unicode_ci DEFAULT NULL,
  `icon` varchar(255) CHARACTER SET utf8mb4 COLLATE utf8mb4_unicode_ci DEFAULT NULL,
  `background_color` varchar(255) CHARACTER SET utf8mb4 COLLATE utf8mb4_unicode_ci DEFAULT NULL,
  `background_image` varchar(255) CHARACTER SET utf8mb4 COLLATE utf8mb4_unicode_ci DEFAULT NULL,
  `btn_url` varchar(255) CHARACTER SET utf8mb4 COLLATE utf8mb4_unicode_ci DEFAULT NULL,
  `btn_color` varchar(255) CHARACTER SET utf8mb4 COLLATE utf8mb4_unicode_ci DEFAULT NULL,
  `btn_text_color` varchar(255) CHARACTER SET utf8mb4 COLLATE utf8mb4_unicode_ci DEFAULT NULL,
  `bar_height` int DEFAULT NULL,
  `position` enum('top','bottom') CHARACTER SET utf8mb4 COLLATE utf8mb4_unicode_ci NOT NULL,
  `fixed` tinyint(1) NOT NULL DEFAULT '0',
  `enable` tinyint(1) NOT NULL DEFAULT '0',
  PRIMARY KEY (`id`)
) ENGINE=InnoDB AUTO_INCREMENT=3 DEFAULT CHARSET=utf8mb4 COLLATE=utf8mb4_unicode_ci;

CREATE TABLE `follows` (
  `id` int unsigned NOT NULL AUTO_INCREMENT,
  `follower` int unsigned NOT NULL,
  `user_id` int unsigned NOT NULL,
  `status` enum('requested','accepted','rejected') CHARACTER SET utf8mb4 COLLATE utf8mb4_unicode_ci NOT NULL,
  PRIMARY KEY (`id`) USING BTREE,
  KEY `follows_follower_foreign` (`follower`) USING BTREE,
  KEY `follows_user_id_foreign` (`user_id`) USING BTREE,
  CONSTRAINT `follows_follower_foreign` FOREIGN KEY (`follower`) REFERENCES `users` (`id`) ON DELETE CASCADE,
  CONSTRAINT `follows_user_id_foreign` FOREIGN KEY (`user_id`) REFERENCES `users` (`id`) ON DELETE CASCADE
) ENGINE=InnoDB AUTO_INCREMENT=20 DEFAULT CHARSET=utf8mb4 COLLATE=utf8mb4_unicode_ci ROW_FORMAT=DYNAMIC;

CREATE TABLE `form_field_option_translations` (
  `id` int unsigned NOT NULL AUTO_INCREMENT,
  `form_field_option_id` int unsigned NOT NULL,
  `locale` varchar(255) CHARACTER SET utf8mb4 COLLATE utf8mb4_unicode_ci NOT NULL,
  `title` varchar(255) CHARACTER SET utf8mb4 COLLATE utf8mb4_unicode_ci NOT NULL,
  PRIMARY KEY (`id`),
  KEY `form_field_option_id_trans` (`form_field_option_id`),
  KEY `form_field_option_translations_locale_index` (`locale`),
  CONSTRAINT `form_field_option_id_trans` FOREIGN KEY (`form_field_option_id`) REFERENCES `form_field_options` (`id`) ON DELETE CASCADE
) ENGINE=InnoDB AUTO_INCREMENT=23 DEFAULT CHARSET=utf8mb4 COLLATE=utf8mb4_unicode_ci;

CREATE TABLE `form_field_options` (
  `id` int unsigned NOT NULL AUTO_INCREMENT,
  `form_field_id` int unsigned NOT NULL,
  `order` int DEFAULT NULL,
  PRIMARY KEY (`id`),
  KEY `form_field_options_form_field_id_foreign` (`form_field_id`),
  CONSTRAINT `form_field_options_form_field_id_foreign` FOREIGN KEY (`form_field_id`) REFERENCES `form_fields` (`id`) ON DELETE CASCADE
) ENGINE=InnoDB AUTO_INCREMENT=23 DEFAULT CHARSET=utf8mb4 COLLATE=utf8mb4_unicode_ci;

CREATE TABLE `form_field_translations` (
  `id` int unsigned NOT NULL AUTO_INCREMENT,
  `form_field_id` int unsigned NOT NULL,
  `locale` varchar(255) CHARACTER SET utf8mb4 COLLATE utf8mb4_unicode_ci NOT NULL,
  `title` varchar(255) CHARACTER SET utf8mb4 COLLATE utf8mb4_unicode_ci NOT NULL,
  PRIMARY KEY (`id`),
  KEY `form_field_translations_form_field_id_foreign` (`form_field_id`),
  KEY `form_field_translations_locale_index` (`locale`),
  CONSTRAINT `form_field_translations_form_field_id_foreign` FOREIGN KEY (`form_field_id`) REFERENCES `form_fields` (`id`) ON DELETE CASCADE
) ENGINE=InnoDB AUTO_INCREMENT=15 DEFAULT CHARSET=utf8mb4 COLLATE=utf8mb4_unicode_ci;

CREATE TABLE `form_fields` (
  `id` int unsigned NOT NULL AUTO_INCREMENT,
  `form_id` int unsigned NOT NULL,
  `type` enum('input','number','upload','date_picker','toggle','textarea','dropdown','checkbox','radio') CHARACTER SET utf8mb4 COLLATE utf8mb4_unicode_ci NOT NULL,
  `order` int DEFAULT NULL,
  `required` tinyint(1) NOT NULL DEFAULT '0',
  PRIMARY KEY (`id`),
  KEY `form_fields_form_id_foreign` (`form_id`),
  CONSTRAINT `form_fields_form_id_foreign` FOREIGN KEY (`form_id`) REFERENCES `forms` (`id`) ON DELETE CASCADE
) ENGINE=InnoDB AUTO_INCREMENT=15 DEFAULT CHARSET=utf8mb4 COLLATE=utf8mb4_unicode_ci;

CREATE TABLE `form_roles_users_groups` (
  `id` int unsigned NOT NULL AUTO_INCREMENT,
  `form_id` int unsigned NOT NULL,
  `role_id` int unsigned DEFAULT NULL,
  `user_id` int unsigned DEFAULT NULL,
  `group_id` int unsigned DEFAULT NULL,
  PRIMARY KEY (`id`),
  KEY `form_roles_users_groups_form_id_foreign` (`form_id`),
  KEY `form_roles_users_groups_role_id_foreign` (`role_id`),
  KEY `form_roles_users_groups_user_id_foreign` (`user_id`),
  KEY `form_roles_users_groups_group_id_foreign` (`group_id`),
  CONSTRAINT `form_roles_users_groups_form_id_foreign` FOREIGN KEY (`form_id`) REFERENCES `forms` (`id`) ON DELETE CASCADE,
  CONSTRAINT `form_roles_users_groups_group_id_foreign` FOREIGN KEY (`group_id`) REFERENCES `groups` (`id`) ON DELETE CASCADE,
  CONSTRAINT `form_roles_users_groups_role_id_foreign` FOREIGN KEY (`role_id`) REFERENCES `roles` (`id`) ON DELETE CASCADE,
  CONSTRAINT `form_roles_users_groups_user_id_foreign` FOREIGN KEY (`user_id`) REFERENCES `users` (`id`) ON DELETE CASCADE
) ENGINE=InnoDB AUTO_INCREMENT=17 DEFAULT CHARSET=utf8mb4 COLLATE=utf8mb4_unicode_ci;

CREATE TABLE `form_submission_items` (
  `id` int unsigned NOT NULL AUTO_INCREMENT,
  `submission_id` int unsigned NOT NULL,
  `form_field_id` int unsigned NOT NULL,
  `value` text CHARACTER SET utf8mb4 COLLATE utf8mb4_unicode_ci,
  PRIMARY KEY (`id`),
  KEY `form_submission_items_submission_id_foreign` (`submission_id`),
  KEY `form_submission_items_form_field_id_foreign` (`form_field_id`),
  CONSTRAINT `form_submission_items_form_field_id_foreign` FOREIGN KEY (`form_field_id`) REFERENCES `form_fields` (`id`) ON DELETE CASCADE,
  CONSTRAINT `form_submission_items_submission_id_foreign` FOREIGN KEY (`submission_id`) REFERENCES `form_submissions` (`id`) ON DELETE CASCADE
) ENGINE=InnoDB AUTO_INCREMENT=39 DEFAULT CHARSET=utf8mb4 COLLATE=utf8mb4_unicode_ci;

CREATE TABLE `form_submissions` (
  `id` int unsigned NOT NULL AUTO_INCREMENT,
  `user_id` int unsigned DEFAULT NULL,
  `form_id` int unsigned NOT NULL,
  `created_at` bigint unsigned NOT NULL,
  PRIMARY KEY (`id`),
  KEY `form_submissions_user_id_foreign` (`user_id`),
  KEY `form_submissions_form_id_foreign` (`form_id`),
  CONSTRAINT `form_submissions_form_id_foreign` FOREIGN KEY (`form_id`) REFERENCES `forms` (`id`) ON DELETE CASCADE,
  CONSTRAINT `form_submissions_user_id_foreign` FOREIGN KEY (`user_id`) REFERENCES `users` (`id`) ON DELETE CASCADE
) ENGINE=InnoDB AUTO_INCREMENT=5 DEFAULT CHARSET=utf8mb4 COLLATE=utf8mb4_unicode_ci;

CREATE TABLE `form_translations` (
  `id` int unsigned NOT NULL AUTO_INCREMENT,
  `form_id` int unsigned NOT NULL,
  `locale` varchar(255) CHARACTER SET utf8mb4 COLLATE utf8mb4_unicode_ci NOT NULL,
  `title` varchar(255) CHARACTER SET utf8mb4 COLLATE utf8mb4_unicode_ci NOT NULL,
  `heading_title` varchar(255) CHARACTER SET utf8mb4 COLLATE utf8mb4_unicode_ci DEFAULT NULL,
  `description` text CHARACTER SET utf8mb4 COLLATE utf8mb4_unicode_ci,
  `welcome_message_title` varchar(255) CHARACTER SET utf8mb4 COLLATE utf8mb4_unicode_ci DEFAULT NULL,
  `welcome_message_description` text CHARACTER SET utf8mb4 COLLATE utf8mb4_unicode_ci,
  `tank_you_message_title` varchar(255) CHARACTER SET utf8mb4 COLLATE utf8mb4_unicode_ci DEFAULT NULL,
  `tank_you_message_description` text CHARACTER SET utf8mb4 COLLATE utf8mb4_unicode_ci,
  PRIMARY KEY (`id`),
  KEY `form_translations_form_id_foreign` (`form_id`),
  KEY `form_translations_locale_index` (`locale`),
  CONSTRAINT `form_translations_form_id_foreign` FOREIGN KEY (`form_id`) REFERENCES `forms` (`id`) ON DELETE CASCADE
) ENGINE=InnoDB AUTO_INCREMENT=5 DEFAULT CHARSET=utf8mb4 COLLATE=utf8mb4_unicode_ci;

CREATE TABLE `forms` (
  `id` int unsigned NOT NULL AUTO_INCREMENT,
  `url` varchar(255) CHARACTER SET utf8mb4 COLLATE utf8mb4_unicode_ci NOT NULL,
  `cover` varchar(255) CHARACTER SET utf8mb4 COLLATE utf8mb4_unicode_ci DEFAULT NULL,
  `image` varchar(255) CHARACTER SET utf8mb4 COLLATE utf8mb4_unicode_ci DEFAULT NULL,
  `enable_login` tinyint(1) NOT NULL DEFAULT '0',
  `enable_resubmission` tinyint(1) NOT NULL DEFAULT '0',
  `enable_welcome_message` tinyint(1) NOT NULL DEFAULT '0',
  `enable_tank_you_message` tinyint(1) NOT NULL DEFAULT '0',
  `welcome_message_image` varchar(255) CHARACTER SET utf8mb4 COLLATE utf8mb4_unicode_ci DEFAULT NULL,
  `tank_you_message_image` varchar(255) CHARACTER SET utf8mb4 COLLATE utf8mb4_unicode_ci DEFAULT NULL,
  `start_date` bigint unsigned DEFAULT NULL,
  `end_date` bigint unsigned DEFAULT NULL,
  `enable` tinyint(1) NOT NULL DEFAULT '0',
  `created_at` bigint unsigned NOT NULL,
  PRIMARY KEY (`id`),
  UNIQUE KEY `forms_url_unique` (`url`)
) ENGINE=InnoDB AUTO_INCREMENT=5 DEFAULT CHARSET=utf8mb4 COLLATE=utf8mb4_unicode_ci;

CREATE TABLE `forum_featured_topics` (
  `id` int unsigned NOT NULL AUTO_INCREMENT,
  `topic_id` int unsigned NOT NULL,
  `icon` varchar(255) CHARACTER SET utf8mb4 COLLATE utf8mb4_unicode_ci NOT NULL,
  `created_at` bigint unsigned NOT NULL,
  PRIMARY KEY (`id`),
  KEY `forum_featured_topics_topic_id_foreign` (`topic_id`),
  CONSTRAINT `forum_featured_topics_topic_id_foreign` FOREIGN KEY (`topic_id`) REFERENCES `forum_topics` (`id`) ON DELETE CASCADE
) ENGINE=InnoDB AUTO_INCREMENT=6 DEFAULT CHARSET=utf8mb4 COLLATE=utf8mb4_unicode_ci;

CREATE TABLE `forum_recommended_topic_items` (
  `id` int unsigned NOT NULL AUTO_INCREMENT,
  `recommended_topic_id` int unsigned NOT NULL,
  `topic_id` int unsigned NOT NULL,
  `created_at` bigint unsigned NOT NULL,
  PRIMARY KEY (`id`),
  KEY `forum_recommended_topic_items_recommended_topic_id_foreign` (`recommended_topic_id`),
  KEY `forum_recommended_topic_items_topic_id_foreign` (`topic_id`),
  CONSTRAINT `forum_recommended_topic_items_recommended_topic_id_foreign` FOREIGN KEY (`recommended_topic_id`) REFERENCES `forum_recommended_topics` (`id`) ON DELETE CASCADE,
  CONSTRAINT `forum_recommended_topic_items_topic_id_foreign` FOREIGN KEY (`topic_id`) REFERENCES `forum_topics` (`id`) ON DELETE CASCADE
) ENGINE=InnoDB AUTO_INCREMENT=57 DEFAULT CHARSET=utf8mb4 COLLATE=utf8mb4_unicode_ci;

CREATE TABLE `forum_recommended_topics` (
  `id` int unsigned NOT NULL AUTO_INCREMENT,
  `title` varchar(255) CHARACTER SET utf8mb4 COLLATE utf8mb4_unicode_ci NOT NULL,
  `icon` varchar(255) CHARACTER SET utf8mb4 COLLATE utf8mb4_unicode_ci NOT NULL,
  `created_at` bigint unsigned NOT NULL,
  PRIMARY KEY (`id`)
) ENGINE=InnoDB AUTO_INCREMENT=7 DEFAULT CHARSET=utf8mb4 COLLATE=utf8mb4_unicode_ci;

CREATE TABLE `forum_topic_attachments` (
  `id` int unsigned NOT NULL AUTO_INCREMENT,
  `creator_id` int unsigned NOT NULL,
  `topic_id` int unsigned NOT NULL,
  `path` varchar(255) CHARACTER SET utf8mb4 COLLATE utf8mb4_unicode_ci NOT NULL,
  PRIMARY KEY (`id`),
  KEY `forum_topic_attachments_topic_id_foreign` (`topic_id`),
  KEY `forum_topic_attachments_creator_id_foreign` (`creator_id`),
  CONSTRAINT `forum_topic_attachments_creator_id_foreign` FOREIGN KEY (`creator_id`) REFERENCES `users` (`id`) ON DELETE CASCADE,
  CONSTRAINT `forum_topic_attachments_topic_id_foreign` FOREIGN KEY (`topic_id`) REFERENCES `forum_topics` (`id`) ON DELETE CASCADE
) ENGINE=InnoDB AUTO_INCREMENT=9 DEFAULT CHARSET=utf8mb4 COLLATE=utf8mb4_unicode_ci;

CREATE TABLE `forum_topic_bookmarks` (
  `id` int unsigned NOT NULL AUTO_INCREMENT,
  `user_id` int unsigned NOT NULL,
  `topic_id` int unsigned NOT NULL,
  `created_at` bigint unsigned NOT NULL,
  PRIMARY KEY (`id`),
  KEY `forum_topic_bookmarks_user_id_foreign` (`user_id`),
  KEY `forum_topic_bookmarks_topic_id_foreign` (`topic_id`),
  CONSTRAINT `forum_topic_bookmarks_topic_id_foreign` FOREIGN KEY (`topic_id`) REFERENCES `forum_topics` (`id`) ON DELETE CASCADE,
  CONSTRAINT `forum_topic_bookmarks_user_id_foreign` FOREIGN KEY (`user_id`) REFERENCES `users` (`id`) ON DELETE CASCADE
) ENGINE=InnoDB AUTO_INCREMENT=9 DEFAULT CHARSET=utf8mb4 COLLATE=utf8mb4_unicode_ci;

CREATE TABLE `forum_topic_likes` (
  `id` int unsigned NOT NULL AUTO_INCREMENT,
  `user_id` int unsigned NOT NULL,
  `topic_id` int unsigned DEFAULT NULL,
  `topic_post_id` int unsigned DEFAULT NULL,
  PRIMARY KEY (`id`),
  KEY `forum_topic_likes_user_id_foreign` (`user_id`),
  KEY `forum_topic_likes_topic_id_foreign` (`topic_id`),
  KEY `forum_topic_likes_topic_post_id_foreign` (`topic_post_id`),
  CONSTRAINT `forum_topic_likes_topic_id_foreign` FOREIGN KEY (`topic_id`) REFERENCES `forum_topics` (`id`) ON DELETE CASCADE,
  CONSTRAINT `forum_topic_likes_topic_post_id_foreign` FOREIGN KEY (`topic_post_id`) REFERENCES `forum_topic_posts` (`id`) ON DELETE CASCADE,
  CONSTRAINT `forum_topic_likes_user_id_foreign` FOREIGN KEY (`user_id`) REFERENCES `users` (`id`) ON DELETE CASCADE
) ENGINE=InnoDB AUTO_INCREMENT=5 DEFAULT CHARSET=utf8mb4 COLLATE=utf8mb4_unicode_ci;

CREATE TABLE `forum_topic_posts` (
  `id` int unsigned NOT NULL AUTO_INCREMENT,
  `user_id` int unsigned NOT NULL,
  `topic_id` int unsigned NOT NULL,
  `parent_id` int unsigned DEFAULT NULL,
  `description` text CHARACTER SET utf8mb4 COLLATE utf8mb4_unicode_ci NOT NULL,
  `attach` varchar(255) CHARACTER SET utf8mb4 COLLATE utf8mb4_unicode_ci DEFAULT NULL,
  `pin` tinyint(1) NOT NULL DEFAULT '0',
  `created_at` bigint unsigned NOT NULL,
  PRIMARY KEY (`id`),
  KEY `forum_topic_posts_user_id_foreign` (`user_id`),
  KEY `forum_topic_posts_topic_id_foreign` (`topic_id`),
  KEY `forum_topic_posts_parent_id_foreign` (`parent_id`),
  CONSTRAINT `forum_topic_posts_parent_id_foreign` FOREIGN KEY (`parent_id`) REFERENCES `forum_topic_posts` (`id`) ON DELETE SET NULL,
  CONSTRAINT `forum_topic_posts_topic_id_foreign` FOREIGN KEY (`topic_id`) REFERENCES `forum_topics` (`id`) ON DELETE CASCADE,
  CONSTRAINT `forum_topic_posts_user_id_foreign` FOREIGN KEY (`user_id`) REFERENCES `users` (`id`) ON DELETE CASCADE
) ENGINE=InnoDB AUTO_INCREMENT=20 DEFAULT CHARSET=utf8mb4 COLLATE=utf8mb4_unicode_ci;

CREATE TABLE `forum_topic_reports` (
  `id` int unsigned NOT NULL AUTO_INCREMENT,
  `user_id` int unsigned NOT NULL,
  `topic_id` int unsigned DEFAULT NULL,
  `topic_post_id` int unsigned DEFAULT NULL,
  `message` text CHARACTER SET utf8mb4 COLLATE utf8mb4_unicode_ci NOT NULL,
  `created_at` bigint unsigned NOT NULL,
  PRIMARY KEY (`id`),
  KEY `forum_topic_reports_user_id_foreign` (`user_id`),
  KEY `forum_topic_reports_topic_id_foreign` (`topic_id`),
  KEY `forum_topic_reports_topic_post_id_foreign` (`topic_post_id`),
  CONSTRAINT `forum_topic_reports_topic_id_foreign` FOREIGN KEY (`topic_id`) REFERENCES `forum_topics` (`id`) ON DELETE CASCADE,
  CONSTRAINT `forum_topic_reports_topic_post_id_foreign` FOREIGN KEY (`topic_post_id`) REFERENCES `forum_topic_posts` (`id`) ON DELETE CASCADE,
  CONSTRAINT `forum_topic_reports_user_id_foreign` FOREIGN KEY (`user_id`) REFERENCES `users` (`id`) ON DELETE CASCADE
) ENGINE=InnoDB AUTO_INCREMENT=4 DEFAULT CHARSET=utf8mb4 COLLATE=utf8mb4_unicode_ci;

CREATE TABLE `forum_topics` (
  `id` int unsigned NOT NULL AUTO_INCREMENT,
  `creator_id` int unsigned NOT NULL,
  `forum_id` int unsigned NOT NULL,
  `slug` varchar(255) CHARACTER SET utf8mb4 COLLATE utf8mb4_unicode_ci NOT NULL,
  `title` varchar(255) CHARACTER SET utf8mb4 COLLATE utf8mb4_unicode_ci NOT NULL,
  `description` text CHARACTER SET utf8mb4 COLLATE utf8mb4_unicode_ci NOT NULL,
  `pin` tinyint(1) NOT NULL DEFAULT '0',
  `close` tinyint(1) NOT NULL DEFAULT '0',
  `created_at` bigint unsigned NOT NULL,
  PRIMARY KEY (`id`),
  UNIQUE KEY `forum_topics_slug_unique` (`slug`),
  KEY `forum_topics_creator_id_foreign` (`creator_id`),
  KEY `forum_topics_forum_id_foreign` (`forum_id`),
  CONSTRAINT `forum_topics_creator_id_foreign` FOREIGN KEY (`creator_id`) REFERENCES `users` (`id`) ON DELETE CASCADE,
  CONSTRAINT `forum_topics_forum_id_foreign` FOREIGN KEY (`forum_id`) REFERENCES `forums` (`id`) ON DELETE CASCADE
) ENGINE=InnoDB AUTO_INCREMENT=11 DEFAULT CHARSET=utf8mb4 COLLATE=utf8mb4_unicode_ci;

CREATE TABLE `forum_translations` (
  `id` bigint unsigned NOT NULL AUTO_INCREMENT,
  `forum_id` int unsigned NOT NULL,
  `locale` varchar(255) CHARACTER SET utf8mb4 COLLATE utf8mb4_unicode_ci NOT NULL,
  `title` varchar(255) CHARACTER SET utf8mb4 COLLATE utf8mb4_unicode_ci NOT NULL,
  `description` text CHARACTER SET utf8mb4 COLLATE utf8mb4_unicode_ci,
  PRIMARY KEY (`id`),
  KEY `forum_translations_forum_id_foreign` (`forum_id`),
  KEY `forum_translations_locale_index` (`locale`),
  CONSTRAINT `forum_translations_forum_id_foreign` FOREIGN KEY (`forum_id`) REFERENCES `forums` (`id`) ON DELETE CASCADE
) ENGINE=InnoDB AUTO_INCREMENT=13 DEFAULT CHARSET=utf8mb4 COLLATE=utf8mb4_unicode_ci;

CREATE TABLE `forums` (
  `id` int unsigned NOT NULL AUTO_INCREMENT,
  `slug` varchar(255) CHARACTER SET utf8mb4 COLLATE utf8mb4_unicode_ci NOT NULL,
  `role_id` int unsigned DEFAULT NULL,
  `group_id` int unsigned DEFAULT NULL,
  `parent_id` int unsigned DEFAULT NULL,
  `icon` varchar(255) CHARACTER SET utf8mb4 COLLATE utf8mb4_unicode_ci DEFAULT NULL,
  `status` enum('disabled','active') CHARACTER SET utf8mb4 COLLATE utf8mb4_unicode_ci DEFAULT NULL,
  `close` tinyint(1) NOT NULL DEFAULT '0',
  `order` int DEFAULT NULL,
  PRIMARY KEY (`id`),
  UNIQUE KEY `forums_slug_unique` (`slug`),
  KEY `forums_role_id_foreign` (`role_id`),
  KEY `forums_group_id_foreign` (`group_id`),
  CONSTRAINT `forums_group_id_foreign` FOREIGN KEY (`group_id`) REFERENCES `groups` (`id`) ON DELETE CASCADE,
  CONSTRAINT `forums_role_id_foreign` FOREIGN KEY (`role_id`) REFERENCES `roles` (`id`) ON DELETE CASCADE
) ENGINE=InnoDB AUTO_INCREMENT=13 DEFAULT CHARSET=utf8mb4 COLLATE=utf8mb4_unicode_ci;

CREATE TABLE `gifts` (
  `id` int unsigned NOT NULL AUTO_INCREMENT,
  `user_id` int unsigned NOT NULL,
  `webinar_id` int unsigned DEFAULT NULL,
  `bundle_id` int unsigned DEFAULT NULL,
  `product_id` int unsigned DEFAULT NULL,
  `name` varchar(255) CHARACTER SET utf8mb4 COLLATE utf8mb4_unicode_ci NOT NULL,
  `email` varchar(255) CHARACTER SET utf8mb4 COLLATE utf8mb4_unicode_ci NOT NULL,
  `date` bigint unsigned DEFAULT NULL,
  `description` text CHARACTER SET utf8mb4 COLLATE utf8mb4_unicode_ci,
  `viewed` tinyint(1) NOT NULL DEFAULT '0' COMMENT 'for show modal in recipient user panel',
  `status` enum('active','pending','cancel') CHARACTER SET utf8mb4 COLLATE utf8mb4_unicode_ci DEFAULT 'pending',
  `created_at` bigint unsigned NOT NULL,
  PRIMARY KEY (`id`),
  KEY `gifts_user_id_foreign` (`user_id`),
  KEY `gifts_webinar_id_foreign` (`webinar_id`),
  KEY `gifts_bundle_id_foreign` (`bundle_id`),
  KEY `gifts_product_id_foreign` (`product_id`),
  CONSTRAINT `gifts_bundle_id_foreign` FOREIGN KEY (`bundle_id`) REFERENCES `bundles` (`id`) ON DELETE CASCADE,
  CONSTRAINT `gifts_product_id_foreign` FOREIGN KEY (`product_id`) REFERENCES `products` (`id`) ON DELETE CASCADE,
  CONSTRAINT `gifts_user_id_foreign` FOREIGN KEY (`user_id`) REFERENCES `users` (`id`) ON DELETE CASCADE,
  CONSTRAINT `gifts_webinar_id_foreign` FOREIGN KEY (`webinar_id`) REFERENCES `webinars` (`id`) ON DELETE CASCADE
) ENGINE=InnoDB AUTO_INCREMENT=7 DEFAULT CHARSET=utf8mb4 COLLATE=utf8mb4_unicode_ci;

CREATE TABLE `group_operation_student` (
  `id` bigint unsigned NOT NULL AUTO_INCREMENT,
  `group_id` bigint unsigned NOT NULL,
  `student_id` bigint unsigned NOT NULL,
  `created_at` timestamp NULL DEFAULT NULL,
  `updated_at` timestamp NULL DEFAULT NULL,
  PRIMARY KEY (`id`)
) ENGINE=InnoDB AUTO_INCREMENT=26 DEFAULT CHARSET=utf8mb4 COLLATE=utf8mb4_general_ci;

CREATE TABLE `group_operations` (
  `id` bigint unsigned NOT NULL AUTO_INCREMENT,
  `name` varchar(255) COLLATE utf8mb4_general_ci NOT NULL,
  `instructor_id` bigint unsigned NOT NULL,
  `course_id` bigint unsigned NOT NULL,
  `meeting_times_id` bigint unsigned NOT NULL,
  `group_type` varchar(255) COLLATE utf8mb4_general_ci NOT NULL DEFAULT 'study',
  `age_level` varchar(255) COLLATE utf8mb4_general_ci NOT NULL DEFAULT '6-8',
  `study_level` varchar(255) COLLATE utf8mb4_general_ci NOT NULL DEFAULT 'standard',
  `language` varchar(255) COLLATE utf8mb4_general_ci NOT NULL DEFAULT 'en',
  `created_at` timestamp NULL DEFAULT NULL,
  `updated_at` timestamp NULL DEFAULT NULL,
  PRIMARY KEY (`id`)
) ENGINE=InnoDB AUTO_INCREMENT=13 DEFAULT CHARSET=utf8mb4 COLLATE=utf8mb4_general_ci;

CREATE TABLE `group_users` (
  `id` int unsigned NOT NULL AUTO_INCREMENT,
  `group_id` int unsigned NOT NULL,
  `user_id` int unsigned NOT NULL,
  `created_at` int unsigned NOT NULL,
  PRIMARY KEY (`id`) USING BTREE,
  KEY `group_users_group_id_foreign` (`group_id`) USING BTREE,
  KEY `group_users_user_id_foreign` (`user_id`) USING BTREE,
  CONSTRAINT `group_users_group_id_foreign` FOREIGN KEY (`group_id`) REFERENCES `groups` (`id`) ON DELETE CASCADE,
  CONSTRAINT `group_users_user_id_foreign` FOREIGN KEY (`user_id`) REFERENCES `users` (`id`) ON DELETE CASCADE
) ENGINE=InnoDB AUTO_INCREMENT=73 DEFAULT CHARSET=utf8mb4 COLLATE=utf8mb4_unicode_ci ROW_FORMAT=DYNAMIC;

CREATE TABLE `groups` (
  `id` int unsigned NOT NULL AUTO_INCREMENT,
  `creator_id` int unsigned NOT NULL,
  `name` varchar(64) CHARACTER SET utf8mb4 COLLATE utf8mb4_unicode_ci DEFAULT NULL,
  `discount` int DEFAULT NULL,
  `status` enum('active','inactive') CHARACTER SET utf8mb4 COLLATE utf8mb4_unicode_ci NOT NULL DEFAULT 'inactive',
  `created_at` int unsigned NOT NULL,
  PRIMARY KEY (`id`) USING BTREE,
  KEY `groups_creator_id_foreign` (`creator_id`) USING BTREE,
  CONSTRAINT `groups_creator_id_foreign` FOREIGN KEY (`creator_id`) REFERENCES `users` (`id`) ON DELETE CASCADE
) ENGINE=InnoDB AUTO_INCREMENT=5 DEFAULT CHARSET=utf8mb4 COLLATE=utf8mb4_unicode_ci ROW_FORMAT=DYNAMIC;

CREATE TABLE `groups_registration_packages` (
  `id` bigint unsigned NOT NULL AUTO_INCREMENT,
  `group_id` int unsigned NOT NULL,
  `instructors_count` int DEFAULT NULL,
  `students_count` int DEFAULT NULL,
  `courses_capacity` int DEFAULT NULL,
  `courses_count` int DEFAULT NULL,
  `meeting_count` int DEFAULT NULL,
  `status` enum('disabled','active') CHARACTER SET utf8mb4 COLLATE utf8mb4_unicode_ci NOT NULL,
  `created_at` int unsigned NOT NULL,
  PRIMARY KEY (`id`),
  KEY `groups_registration_packages_group_id_foreign` (`group_id`),
  CONSTRAINT `groups_registration_packages_group_id_foreign` FOREIGN KEY (`group_id`) REFERENCES `groups` (`id`) ON DELETE CASCADE
) ENGINE=InnoDB AUTO_INCREMENT=3 DEFAULT CHARSET=utf8mb4 COLLATE=utf8mb4_unicode_ci;

CREATE TABLE `hero_sections` (
  `id` bigint unsigned NOT NULL AUTO_INCREMENT,
  `title` varchar(255) CHARACTER SET utf8mb4 COLLATE utf8mb4_general_ci DEFAULT NULL,
  `description` text CHARACTER SET utf8mb4 COLLATE utf8mb4_general_ci,
  `button_text` varchar(255) CHARACTER SET utf8mb4 COLLATE utf8mb4_general_ci DEFAULT NULL,
  `created_at` timestamp NULL DEFAULT NULL,
  `updated_at` timestamp NULL DEFAULT NULL,
  PRIMARY KEY (`id`)
) ENGINE=InnoDB AUTO_INCREMENT=2 DEFAULT CHARSET=utf8mb4 COLLATE=utf8mb4_general_ci;

CREATE TABLE `home_page_statistic_translations` (
  `id` int unsigned NOT NULL AUTO_INCREMENT,
  `home_page_statistic_id` int unsigned NOT NULL,
  `locale` varchar(255) CHARACTER SET utf8mb4 COLLATE utf8mb4_unicode_ci NOT NULL,
  `title` varchar(255) CHARACTER SET utf8mb4 COLLATE utf8mb4_unicode_ci NOT NULL,
  `description` text CHARACTER SET utf8mb4 COLLATE utf8mb4_unicode_ci NOT NULL,
  PRIMARY KEY (`id`),
  KEY `home_page_statistic_id` (`home_page_statistic_id`),
  KEY `home_page_statistic_translations_locale_index` (`locale`),
  CONSTRAINT `home_page_statistic_id` FOREIGN KEY (`home_page_statistic_id`) REFERENCES `home_page_statistics` (`id`) ON DELETE CASCADE
) ENGINE=InnoDB AUTO_INCREMENT=7 DEFAULT CHARSET=utf8mb4 COLLATE=utf8mb4_unicode_ci;

CREATE TABLE `home_page_statistics` (
  `id` int unsigned NOT NULL AUTO_INCREMENT,
  `icon` varchar(255) CHARACTER SET utf8mb4 COLLATE utf8mb4_unicode_ci NOT NULL,
  `color` varchar(255) CHARACTER SET utf8mb4 COLLATE utf8mb4_unicode_ci NOT NULL,
  `count` int unsigned NOT NULL,
  `order` int unsigned DEFAULT NULL,
  `created_at` bigint unsigned NOT NULL,
  PRIMARY KEY (`id`)
) ENGINE=InnoDB AUTO_INCREMENT=6 DEFAULT CHARSET=utf8mb4 COLLATE=utf8mb4_unicode_ci;

CREATE TABLE `home_sections` (
  `id` int unsigned NOT NULL AUTO_INCREMENT,
  `name` enum('featured_classes','latest_bundles','latest_classes','best_rates','trend_categories','full_advertising_banner','best_sellers','discount_classes','free_classes','store_products','testimonials','subscribes','find_instructors','reward_program','become_instructor','forum_section','video_or_image_section','instructors','half_advertising_banner','organizations','blog','upcoming_courses') CHARACTER SET utf8mb4 COLLATE utf8mb4_unicode_ci NOT NULL,
  `order` int unsigned NOT NULL,
  PRIMARY KEY (`id`),
  KEY `home_sections_name_index` (`name`)
) ENGINE=InnoDB AUTO_INCREMENT=33 DEFAULT CHARSET=utf8mb4 COLLATE=utf8mb4_unicode_ci;

CREATE TABLE `installment_order_attachments` (
  `id` int unsigned NOT NULL AUTO_INCREMENT,
  `installment_order_id` int unsigned NOT NULL,
  `title` varchar(255) CHARACTER SET utf8mb4 COLLATE utf8mb4_unicode_ci NOT NULL,
  `file` varchar(255) CHARACTER SET utf8mb4 COLLATE utf8mb4_unicode_ci NOT NULL,
  PRIMARY KEY (`id`),
  KEY `installment_order_id_attachment` (`installment_order_id`),
  CONSTRAINT `installment_order_id_attachment` FOREIGN KEY (`installment_order_id`) REFERENCES `installment_orders` (`id`) ON DELETE CASCADE
) ENGINE=InnoDB AUTO_INCREMENT=3 DEFAULT CHARSET=utf8mb4 COLLATE=utf8mb4_unicode_ci;

CREATE TABLE `installment_order_payments` (
  `id` int unsigned NOT NULL AUTO_INCREMENT,
  `installment_order_id` int unsigned NOT NULL,
  `sale_id` int unsigned DEFAULT NULL,
  `type` enum('upfront','step') CHARACTER SET utf8mb4 COLLATE utf8mb4_unicode_ci NOT NULL,
  `selected_installment_step_id` int unsigned DEFAULT NULL,
  `amount` double(15,2) NOT NULL,
  `status` enum('paying','paid','canceled','refunded') CHARACTER SET utf8mb4 COLLATE utf8mb4_unicode_ci NOT NULL DEFAULT 'paying',
  `created_at` bigint unsigned NOT NULL,
  PRIMARY KEY (`id`),
  KEY `installment_order_id` (`installment_order_id`),
  KEY `installment_order_payments_sale_id_foreign` (`sale_id`),
  KEY `installment_order_payments_selected_installment_step_id_foreign` (`selected_installment_step_id`),
  CONSTRAINT `installment_order_id` FOREIGN KEY (`installment_order_id`) REFERENCES `installment_orders` (`id`) ON DELETE CASCADE,
  CONSTRAINT `installment_order_payments_sale_id_foreign` FOREIGN KEY (`sale_id`) REFERENCES `sales` (`id`) ON DELETE CASCADE,
  CONSTRAINT `installment_order_payments_selected_installment_step_id_foreign` FOREIGN KEY (`selected_installment_step_id`) REFERENCES `selected_installment_steps` (`id`) ON DELETE CASCADE
) ENGINE=InnoDB AUTO_INCREMENT=3 DEFAULT CHARSET=utf8mb4 COLLATE=utf8mb4_unicode_ci;

CREATE TABLE `installment_orders` (
  `id` int unsigned NOT NULL AUTO_INCREMENT,
  `installment_id` int unsigned NOT NULL,
  `user_id` int unsigned NOT NULL,
  `webinar_id` int unsigned DEFAULT NULL,
  `product_id` int unsigned DEFAULT NULL,
  `bundle_id` int unsigned DEFAULT NULL,
  `subscribe_id` int unsigned DEFAULT NULL,
  `registration_package_id` int unsigned DEFAULT NULL,
  `product_order_id` int unsigned DEFAULT NULL,
  `item_price` double(15,2) NOT NULL DEFAULT '0.00',
  `status` enum('paying','open','rejected','pending_verification','canceled','refunded') CHARACTER SET utf8mb4 COLLATE utf8mb4_unicode_ci NOT NULL DEFAULT 'paying',
  `created_at` bigint unsigned NOT NULL,
  `refund_at` bigint unsigned DEFAULT NULL,
  PRIMARY KEY (`id`),
  KEY `installment_orders_installment_id_foreign` (`installment_id`),
  KEY `installment_orders_user_id_foreign` (`user_id`),
  KEY `installment_orders_webinar_id_foreign` (`webinar_id`),
  KEY `installment_orders_product_id_foreign` (`product_id`),
  KEY `installment_orders_bundle_id_foreign` (`bundle_id`),
  KEY `installment_orders_subscribe_id_foreign` (`subscribe_id`),
  KEY `installment_orders_registration_package_id_foreign` (`registration_package_id`),
  KEY `installment_product_order_id` (`product_order_id`),
  CONSTRAINT `installment_orders_bundle_id_foreign` FOREIGN KEY (`bundle_id`) REFERENCES `bundles` (`id`) ON DELETE CASCADE,
  CONSTRAINT `installment_orders_installment_id_foreign` FOREIGN KEY (`installment_id`) REFERENCES `installments` (`id`) ON DELETE CASCADE,
  CONSTRAINT `installment_orders_product_id_foreign` FOREIGN KEY (`product_id`) REFERENCES `products` (`id`) ON DELETE CASCADE,
  CONSTRAINT `installment_orders_registration_package_id_foreign` FOREIGN KEY (`registration_package_id`) REFERENCES `registration_packages` (`id`) ON DELETE CASCADE,
  CONSTRAINT `installment_orders_subscribe_id_foreign` FOREIGN KEY (`subscribe_id`) REFERENCES `subscribes` (`id`) ON DELETE CASCADE,
  CONSTRAINT `installment_orders_user_id_foreign` FOREIGN KEY (`user_id`) REFERENCES `users` (`id`) ON DELETE CASCADE,
  CONSTRAINT `installment_orders_webinar_id_foreign` FOREIGN KEY (`webinar_id`) REFERENCES `webinars` (`id`) ON DELETE CASCADE,
  CONSTRAINT `installment_product_order_id` FOREIGN KEY (`product_order_id`) REFERENCES `product_orders` (`id`) ON DELETE CASCADE
) ENGINE=InnoDB AUTO_INCREMENT=3 DEFAULT CHARSET=utf8mb4 COLLATE=utf8mb4_unicode_ci;

CREATE TABLE `installment_reminders` (
  `id` int unsigned NOT NULL AUTO_INCREMENT,
  `user_id` int unsigned NOT NULL,
  `installment_order_id` int unsigned NOT NULL,
  `installment_step_id` int unsigned NOT NULL,
  `type` enum('before_due','due','after_due') CHARACTER SET utf8mb4 COLLATE utf8mb4_unicode_ci NOT NULL,
  `created_at` bigint unsigned NOT NULL,
  PRIMARY KEY (`id`),
  KEY `installment_reminders_user_id_foreign` (`user_id`),
  CONSTRAINT `installment_reminders_user_id_foreign` FOREIGN KEY (`user_id`) REFERENCES `users` (`id`) ON DELETE CASCADE
) ENGINE=InnoDB AUTO_INCREMENT=4 DEFAULT CHARSET=utf8mb4 COLLATE=utf8mb4_unicode_ci;

CREATE TABLE `installment_specification_items` (
  `id` int unsigned NOT NULL AUTO_INCREMENT,
  `installment_id` int unsigned NOT NULL,
  `category_id` int unsigned DEFAULT NULL,
  `instructor_id` int unsigned DEFAULT NULL,
  `seller_id` int unsigned DEFAULT NULL,
  `webinar_id` int unsigned DEFAULT NULL,
  `product_id` int unsigned DEFAULT NULL,
  `bundle_id` int unsigned DEFAULT NULL,
  `subscribe_id` int unsigned DEFAULT NULL,
  `registration_package_id` int unsigned DEFAULT NULL,
  PRIMARY KEY (`id`),
  KEY `installment_specification_items_installment_id_foreign` (`installment_id`),
  KEY `installment_specification_items_category_id_foreign` (`category_id`),
  KEY `installment_specification_items_instructor_id_foreign` (`instructor_id`),
  KEY `installment_specification_items_seller_id_foreign` (`seller_id`),
  KEY `installment_specification_items_webinar_id_foreign` (`webinar_id`),
  KEY `installment_specification_items_product_id_foreign` (`product_id`),
  KEY `installment_specification_items_bundle_id_foreign` (`bundle_id`),
  KEY `installment_specification_items_subscribe_id_foreign` (`subscribe_id`),
  KEY `installment_specification_items_registration_package_id_foreign` (`registration_package_id`),
  CONSTRAINT `installment_specification_items_bundle_id_foreign` FOREIGN KEY (`bundle_id`) REFERENCES `bundles` (`id`) ON DELETE CASCADE,
  CONSTRAINT `installment_specification_items_category_id_foreign` FOREIGN KEY (`category_id`) REFERENCES `categories` (`id`) ON DELETE CASCADE,
  CONSTRAINT `installment_specification_items_installment_id_foreign` FOREIGN KEY (`installment_id`) REFERENCES `installments` (`id`) ON DELETE CASCADE,
  CONSTRAINT `installment_specification_items_instructor_id_foreign` FOREIGN KEY (`instructor_id`) REFERENCES `users` (`id`) ON DELETE CASCADE,
  CONSTRAINT `installment_specification_items_product_id_foreign` FOREIGN KEY (`product_id`) REFERENCES `products` (`id`) ON DELETE CASCADE,
  CONSTRAINT `installment_specification_items_registration_package_id_foreign` FOREIGN KEY (`registration_package_id`) REFERENCES `registration_packages` (`id`) ON DELETE CASCADE,
  CONSTRAINT `installment_specification_items_seller_id_foreign` FOREIGN KEY (`seller_id`) REFERENCES `users` (`id`) ON DELETE CASCADE,
  CONSTRAINT `installment_specification_items_subscribe_id_foreign` FOREIGN KEY (`subscribe_id`) REFERENCES `subscribes` (`id`) ON DELETE CASCADE,
  CONSTRAINT `installment_specification_items_webinar_id_foreign` FOREIGN KEY (`webinar_id`) REFERENCES `webinars` (`id`) ON DELETE CASCADE
) ENGINE=InnoDB AUTO_INCREMENT=16 DEFAULT CHARSET=utf8mb4 COLLATE=utf8mb4_unicode_ci;

CREATE TABLE `installment_step_translations` (
  `id` int unsigned NOT NULL AUTO_INCREMENT,
  `installment_step_id` int unsigned NOT NULL,
  `locale` varchar(255) CHARACTER SET utf8mb4 COLLATE utf8mb4_unicode_ci NOT NULL,
  `title` varchar(255) CHARACTER SET utf8mb4 COLLATE utf8mb4_unicode_ci NOT NULL,
  PRIMARY KEY (`id`),
  KEY `installment_step_translations_installment_step_id_foreign` (`installment_step_id`),
  KEY `installment_step_translations_locale_index` (`locale`),
  CONSTRAINT `installment_step_translations_installment_step_id_foreign` FOREIGN KEY (`installment_step_id`) REFERENCES `installment_steps` (`id`) ON DELETE CASCADE
) ENGINE=InnoDB AUTO_INCREMENT=4 DEFAULT CHARSET=utf8mb4 COLLATE=utf8mb4_unicode_ci;

CREATE TABLE `installment_steps` (
  `id` int unsigned NOT NULL AUTO_INCREMENT,
  `installment_id` int unsigned NOT NULL,
  `deadline` int unsigned DEFAULT NULL,
  `amount` double(15,2) DEFAULT NULL,
  `amount_type` enum('fixed_amount','percent') CHARACTER SET utf8mb4 COLLATE utf8mb4_unicode_ci DEFAULT NULL,
  `order` int unsigned DEFAULT NULL,
  PRIMARY KEY (`id`),
  KEY `installment_steps_installment_id_foreign` (`installment_id`),
  CONSTRAINT `installment_steps_installment_id_foreign` FOREIGN KEY (`installment_id`) REFERENCES `installments` (`id`) ON DELETE CASCADE
) ENGINE=InnoDB AUTO_INCREMENT=4 DEFAULT CHARSET=utf8mb4 COLLATE=utf8mb4_unicode_ci;

CREATE TABLE `installment_translations` (
  `id` int unsigned NOT NULL AUTO_INCREMENT,
  `installment_id` int unsigned NOT NULL,
  `locale` varchar(255) CHARACTER SET utf8mb4 COLLATE utf8mb4_unicode_ci NOT NULL,
  `title` varchar(255) CHARACTER SET utf8mb4 COLLATE utf8mb4_unicode_ci NOT NULL,
  `main_title` varchar(255) CHARACTER SET utf8mb4 COLLATE utf8mb4_unicode_ci NOT NULL,
  `description` text CHARACTER SET utf8mb4 COLLATE utf8mb4_unicode_ci NOT NULL,
  `banner` varchar(255) CHARACTER SET utf8mb4 COLLATE utf8mb4_unicode_ci DEFAULT NULL,
  `options` text CHARACTER SET utf8mb4 COLLATE utf8mb4_unicode_ci,
  `verification_description` text CHARACTER SET utf8mb4 COLLATE utf8mb4_unicode_ci,
  `verification_banner` varchar(255) CHARACTER SET utf8mb4 COLLATE utf8mb4_unicode_ci DEFAULT NULL,
  `verification_video` varchar(255) CHARACTER SET utf8mb4 COLLATE utf8mb4_unicode_ci DEFAULT NULL,
  PRIMARY KEY (`id`),
  KEY `installment_translations_installment_id_foreign` (`installment_id`),
  KEY `installment_translations_locale_index` (`locale`),
  CONSTRAINT `installment_translations_installment_id_foreign` FOREIGN KEY (`installment_id`) REFERENCES `installments` (`id`) ON DELETE CASCADE
) ENGINE=InnoDB AUTO_INCREMENT=3 DEFAULT CHARSET=utf8mb4 COLLATE=utf8mb4_unicode_ci;

CREATE TABLE `installment_user_groups` (
  `id` int unsigned NOT NULL AUTO_INCREMENT,
  `installment_id` int unsigned NOT NULL,
  `group_id` int unsigned DEFAULT NULL,
  PRIMARY KEY (`id`),
  KEY `installment_user_groups_installment_id_foreign` (`installment_id`),
  KEY `installment_user_groups_group_id_foreign` (`group_id`),
  CONSTRAINT `installment_user_groups_group_id_foreign` FOREIGN KEY (`group_id`) REFERENCES `groups` (`id`) ON DELETE CASCADE,
  CONSTRAINT `installment_user_groups_installment_id_foreign` FOREIGN KEY (`installment_id`) REFERENCES `installments` (`id`) ON DELETE CASCADE
) ENGINE=InnoDB AUTO_INCREMENT=2 DEFAULT CHARSET=utf8mb4 COLLATE=utf8mb4_unicode_ci;

CREATE TABLE `installments` (
  `id` int unsigned NOT NULL AUTO_INCREMENT,
  `target_type` enum('all','courses','store_products','bundles','meetings','registration_packages','subscription_packages') CHARACTER SET utf8mb4 COLLATE utf8mb4_unicode_ci NOT NULL,
  `target` varchar(255) CHARACTER SET utf8mb4 COLLATE utf8mb4_unicode_ci DEFAULT NULL,
  `capacity` int unsigned DEFAULT NULL,
  `start_date` bigint unsigned DEFAULT NULL,
  `end_date` bigint unsigned DEFAULT NULL,
  `verification` tinyint(1) NOT NULL DEFAULT '0',
  `request_uploads` tinyint(1) NOT NULL DEFAULT '0',
  `bypass_verification_for_verified_users` tinyint(1) NOT NULL DEFAULT '0',
  `upfront` double(15,2) DEFAULT NULL,
  `upfront_type` enum('fixed_amount','percent') CHARACTER SET utf8mb4 COLLATE utf8mb4_unicode_ci DEFAULT NULL,
  `enable` tinyint(1) NOT NULL DEFAULT '0',
  `created_at` bigint unsigned NOT NULL,
  PRIMARY KEY (`id`)
) ENGINE=InnoDB AUTO_INCREMENT=3 DEFAULT CHARSET=utf8mb4 COLLATE=utf8mb4_unicode_ci;

CREATE TABLE `ip_restrictions` (
  `id` int unsigned NOT NULL AUTO_INCREMENT,
  `type` enum('full_ip','ip_range','country') CHARACTER SET utf8mb4 COLLATE utf8mb4_general_ci NOT NULL,
  `value` varchar(255) CHARACTER SET utf8mb4 COLLATE utf8mb4_general_ci NOT NULL COMMENT 'full ip or ip range or country name',
  `reason` text CHARACTER SET utf8mb4 COLLATE utf8mb4_general_ci NOT NULL,
  `created_at` bigint unsigned NOT NULL,
  PRIMARY KEY (`id`)
) ENGINE=InnoDB AUTO_INCREMENT=5 DEFAULT CHARSET=utf8mb4 COLLATE=utf8mb4_general_ci;

CREATE TABLE `jazzcash_transactions` (
  `id` bigint unsigned NOT NULL AUTO_INCREMENT,
  `txn_ref_no` varchar(255) CHARACTER SET utf8mb4 COLLATE utf8mb4_unicode_ci NOT NULL,
  `order` longtext CHARACTER SET utf8mb4 COLLATE utf8mb4_bin NOT NULL COMMENT 'Order data fields and values',
  `request` longtext CHARACTER SET utf8mb4 COLLATE utf8mb4_bin NOT NULL COMMENT 'Jazzcash request data fields and values',
  `response` longtext CHARACTER SET utf8mb4 COLLATE utf8mb4_bin COMMENT 'Jazzcash response data fields and values',
  `status` enum('pending','error','completed') CHARACTER SET utf8mb4 COLLATE utf8mb4_unicode_ci NOT NULL DEFAULT 'pending',
  `created_at` timestamp NULL DEFAULT NULL,
  `updated_at` timestamp NULL DEFAULT NULL,
  PRIMARY KEY (`id`)
) ENGINE=InnoDB AUTO_INCREMENT=19 DEFAULT CHARSET=utf8mb4 COLLATE=utf8mb4_unicode_ci;

CREATE TABLE `meeting_times` (
  `id` int unsigned NOT NULL AUTO_INCREMENT,
  `meeting_id` int unsigned NOT NULL,
  `meeting_type` enum('all','in_person','online') CHARACTER SET utf8mb4 COLLATE utf8mb4_unicode_ci NOT NULL DEFAULT 'all',
  `day_label` enum('saturday','sunday','monday','tuesday','wednesday','thursday','friday') CHARACTER SET utf8mb4 COLLATE utf8mb4_unicode_ci NOT NULL,
  `time` varchar(64) CHARACTER SET utf8mb4 COLLATE utf8mb4_unicode_ci NOT NULL,
  `description` text CHARACTER SET utf8mb4 COLLATE utf8mb4_unicode_ci,
  `created_at` int NOT NULL,
  PRIMARY KEY (`id`) USING BTREE,
  KEY `meeting_times_meeting_id_foreign` (`meeting_id`) USING BTREE,
  CONSTRAINT `meeting_times_meeting_id_foreign` FOREIGN KEY (`meeting_id`) REFERENCES `meetings` (`id`) ON DELETE CASCADE
) ENGINE=InnoDB AUTO_INCREMENT=174 DEFAULT CHARSET=utf8mb4 COLLATE=utf8mb4_unicode_ci ROW_FORMAT=DYNAMIC;

CREATE TABLE `meetings` (
  `id` int unsigned NOT NULL AUTO_INCREMENT,
  `creator_id` int unsigned NOT NULL,
  `amount` double(15,2) unsigned DEFAULT NULL,
  `discount` int DEFAULT NULL,
  `in_person` tinyint(1) NOT NULL DEFAULT '0',
  `in_person_amount` double(15,2) DEFAULT NULL,
  `group_meeting` tinyint(1) NOT NULL DEFAULT '0',
  `online_group_min_student` int DEFAULT NULL,
  `online_group_max_student` int DEFAULT NULL,
  `online_group_amount` double(15,2) DEFAULT NULL,
  `in_person_group_min_student` int DEFAULT NULL,
  `in_person_group_max_student` int DEFAULT NULL,
  `in_person_group_amount` double(15,2) DEFAULT NULL,
  `disabled` tinyint(1) DEFAULT '0',
  `created_at` int NOT NULL,
  PRIMARY KEY (`id`) USING BTREE,
  KEY `meetings_creator_id_foreign` (`creator_id`) USING BTREE,
  CONSTRAINT `meetings_creator_id_foreign` FOREIGN KEY (`creator_id`) REFERENCES `users` (`id`) ON DELETE CASCADE
) ENGINE=InnoDB AUTO_INCREMENT=36 DEFAULT CHARSET=utf8mb4 COLLATE=utf8mb4_unicode_ci ROW_FORMAT=DYNAMIC;

CREATE TABLE `migrations` (
  `id` int unsigned NOT NULL AUTO_INCREMENT,
  `migration` varchar(255) CHARACTER SET utf8mb4 COLLATE utf8mb4_unicode_ci NOT NULL,
  `batch` int NOT NULL,
  PRIMARY KEY (`id`) USING BTREE
) ENGINE=InnoDB AUTO_INCREMENT=586 DEFAULT CHARSET=utf8mb4 COLLATE=utf8mb4_unicode_ci;

CREATE TABLE `navbar_button_translations` (
  `id` int unsigned NOT NULL AUTO_INCREMENT,
  `navbar_button_id` int unsigned NOT NULL,
  `locale` varchar(255) CHARACTER SET utf8mb4 COLLATE utf8mb4_unicode_ci NOT NULL,
  `title` varchar(255) CHARACTER SET utf8mb4 COLLATE utf8mb4_unicode_ci NOT NULL,
  `url` varchar(255) CHARACTER SET utf8mb4 COLLATE utf8mb4_unicode_ci NOT NULL,
  PRIMARY KEY (`id`),
  KEY `navbar_button_translations_navbar_button_id_foreign` (`navbar_button_id`),
  KEY `navbar_button_translations_locale_index` (`locale`),
  CONSTRAINT `navbar_button_translations_navbar_button_id_foreign` FOREIGN KEY (`navbar_button_id`) REFERENCES `navbar_buttons` (`id`) ON DELETE CASCADE
) ENGINE=InnoDB AUTO_INCREMENT=12 DEFAULT CHARSET=utf8mb4 COLLATE=utf8mb4_unicode_ci;

CREATE TABLE `navbar_buttons` (
  `id` int unsigned NOT NULL AUTO_INCREMENT,
  `role_id` int unsigned DEFAULT NULL,
  `for_guest` tinyint(1) NOT NULL DEFAULT '0',
  PRIMARY KEY (`id`),
  KEY `navbar_buttons_role_id_foreign` (`role_id`),
  CONSTRAINT `navbar_buttons_role_id_foreign` FOREIGN KEY (`role_id`) REFERENCES `roles` (`id`) ON DELETE CASCADE
) ENGINE=InnoDB AUTO_INCREMENT=7 DEFAULT CHARSET=utf8mb4 COLLATE=utf8mb4_unicode_ci;

CREATE TABLE `new_about_sections` (
  `id` bigint unsigned NOT NULL AUTO_INCREMENT,
  `sm_title` varchar(255) CHARACTER SET utf8mb4 COLLATE utf8mb4_general_ci DEFAULT NULL,
  `big_title` varchar(255) CHARACTER SET utf8mb4 COLLATE utf8mb4_general_ci DEFAULT NULL,
  `description` text CHARACTER SET utf8mb4 COLLATE utf8mb4_general_ci,
  `image` varchar(255) CHARACTER SET utf8mb4 COLLATE utf8mb4_general_ci DEFAULT NULL,
  `overview_icon` varchar(255) CHARACTER SET utf8mb4 COLLATE utf8mb4_general_ci DEFAULT NULL,
  `overview_number` varchar(255) CHARACTER SET utf8mb4 COLLATE utf8mb4_general_ci DEFAULT NULL,
  `overview_text` varchar(255) CHARACTER SET utf8mb4 COLLATE utf8mb4_general_ci DEFAULT NULL,
  `btn_text` varchar(255) CHARACTER SET utf8mb4 COLLATE utf8mb4_general_ci DEFAULT NULL,
  `btn_link` varchar(255) CHARACTER SET utf8mb4 COLLATE utf8mb4_general_ci DEFAULT NULL,
  `feature_cards` json DEFAULT NULL,
  `created_at` timestamp NULL DEFAULT NULL,
  `updated_at` timestamp NULL DEFAULT NULL,
  PRIMARY KEY (`id`)
) ENGINE=InnoDB AUTO_INCREMENT=2 DEFAULT CHARSET=utf8mb4 COLLATE=utf8mb4_general_ci;

CREATE TABLE `newsletters` (
  `id` int unsigned NOT NULL AUTO_INCREMENT,
  `user_id` int unsigned DEFAULT NULL,
  `email` varchar(255) CHARACTER SET utf8mb4 COLLATE utf8mb4_unicode_ci NOT NULL,
  `created_at` int unsigned NOT NULL,
  PRIMARY KEY (`id`)
) ENGINE=InnoDB AUTO_INCREMENT=118 DEFAULT CHARSET=utf8mb4 COLLATE=utf8mb4_unicode_ci;

CREATE TABLE `newsletters_history` (
  `id` int unsigned NOT NULL AUTO_INCREMENT,
  `title` varchar(255) CHARACTER SET utf8mb4 COLLATE utf8mb4_unicode_ci NOT NULL,
  `description` longtext CHARACTER SET utf8mb4 COLLATE utf8mb4_unicode_ci NOT NULL,
  `send_method` enum('send_to_all','send_to_bcc','send_to_excel') CHARACTER SET utf8mb4 COLLATE utf8mb4_unicode_ci NOT NULL,
  `bcc_email` varchar(255) CHARACTER SET utf8mb4 COLLATE utf8mb4_unicode_ci DEFAULT NULL,
  `email_count` int DEFAULT NULL,
  `created_at` bigint NOT NULL,
  PRIMARY KEY (`id`)
) ENGINE=InnoDB AUTO_INCREMENT=3 DEFAULT CHARSET=utf8mb4 COLLATE=utf8mb4_unicode_ci;

CREATE TABLE `noticeboards` (
  `id` int unsigned NOT NULL AUTO_INCREMENT,
  `organ_id` int unsigned DEFAULT NULL,
  `instructor_id` int unsigned DEFAULT NULL,
  `webinar_id` int unsigned DEFAULT NULL,
  `user_id` int unsigned DEFAULT NULL,
  `type` enum('all','organizations','students','instructors','students_and_instructors') CHARACTER SET utf8mb4 COLLATE utf8mb4_unicode_ci NOT NULL,
  `sender` varchar(255) CHARACTER SET utf8mb4 COLLATE utf8mb4_unicode_ci DEFAULT NULL,
  `title` varchar(255) CHARACTER SET utf8mb4 COLLATE utf8mb4_unicode_ci NOT NULL,
  `message` text CHARACTER SET utf8mb4 COLLATE utf8mb4_unicode_ci NOT NULL,
  `created_at` int unsigned NOT NULL,
  PRIMARY KEY (`id`),
  KEY `noticeboards_organ_id_foreign` (`organ_id`),
  KEY `noticeboards_user_id_foreign` (`user_id`),
  KEY `noticeboards_instructor_id_foreign` (`instructor_id`),
  KEY `noticeboards_webinar_id_foreign` (`webinar_id`),
  CONSTRAINT `noticeboards_instructor_id_foreign` FOREIGN KEY (`instructor_id`) REFERENCES `users` (`id`) ON DELETE CASCADE,
  CONSTRAINT `noticeboards_organ_id_foreign` FOREIGN KEY (`organ_id`) REFERENCES `users` (`id`) ON DELETE CASCADE,
  CONSTRAINT `noticeboards_user_id_foreign` FOREIGN KEY (`user_id`) REFERENCES `users` (`id`) ON DELETE CASCADE,
  CONSTRAINT `noticeboards_webinar_id_foreign` FOREIGN KEY (`webinar_id`) REFERENCES `webinars` (`id`) ON DELETE CASCADE
) ENGINE=InnoDB AUTO_INCREMENT=16 DEFAULT CHARSET=utf8mb4 COLLATE=utf8mb4_unicode_ci;

CREATE TABLE `noticeboards_status` (
  `id` int unsigned NOT NULL AUTO_INCREMENT,
  `user_id` int unsigned NOT NULL,
  `noticeboard_id` int unsigned NOT NULL,
  `seen_at` int unsigned NOT NULL,
  PRIMARY KEY (`id`),
  KEY `noticeboards_status_noticeboard_id_foreign` (`noticeboard_id`),
  CONSTRAINT `noticeboards_status_noticeboard_id_foreign` FOREIGN KEY (`noticeboard_id`) REFERENCES `noticeboards` (`id`) ON DELETE CASCADE
) ENGINE=InnoDB AUTO_INCREMENT=8 DEFAULT CHARSET=utf8mb4 COLLATE=utf8mb4_unicode_ci;

CREATE TABLE `notification_templates` (
  `id` int unsigned NOT NULL AUTO_INCREMENT,
  `title` varchar(255) CHARACTER SET utf8mb4 COLLATE utf8mb4_unicode_ci NOT NULL,
  `template` text CHARACTER SET utf8mb4 COLLATE utf8mb4_unicode_ci NOT NULL,
  PRIMARY KEY (`id`) USING BTREE
) ENGINE=InnoDB AUTO_INCREMENT=124 DEFAULT CHARSET=utf8mb4 COLLATE=utf8mb4_unicode_ci ROW_FORMAT=DYNAMIC;

CREATE TABLE `notifications` (
  `id` int unsigned NOT NULL AUTO_INCREMENT,
  `user_id` int unsigned DEFAULT NULL,
  `sender_id` int unsigned DEFAULT NULL,
  `group_id` int unsigned DEFAULT NULL,
  `webinar_id` int unsigned DEFAULT NULL,
  `title` varchar(255) CHARACTER SET utf8mb4 COLLATE utf8mb4_unicode_ci NOT NULL,
  `message` text CHARACTER SET utf8mb4 COLLATE utf8mb4_unicode_ci NOT NULL,
  `sender` enum('system','admin') CHARACTER SET utf8mb4 COLLATE utf8mb4_unicode_ci DEFAULT 'system',
  `type` enum('single','all_users','students','instructors','organizations','group','course_students') CHARACTER SET utf8mb4 COLLATE utf8mb4_unicode_ci NOT NULL,
  `created_at` int unsigned NOT NULL,
  PRIMARY KEY (`id`) USING BTREE,
  KEY `notifications_user_id_foreign` (`user_id`) USING BTREE,
  KEY `notifications_group_id_foreign` (`group_id`) USING BTREE,
  KEY `webinar_id` (`webinar_id`),
  CONSTRAINT `notifications_group_id_foreign` FOREIGN KEY (`group_id`) REFERENCES `groups` (`id`) ON DELETE CASCADE,
  CONSTRAINT `notifications_ibfk_1` FOREIGN KEY (`webinar_id`) REFERENCES `webinars` (`id`) ON DELETE CASCADE,
  CONSTRAINT `notifications_user_id_foreign` FOREIGN KEY (`user_id`) REFERENCES `users` (`id`) ON DELETE CASCADE
) ENGINE=InnoDB AUTO_INCREMENT=2511 DEFAULT CHARSET=utf8mb4 COLLATE=utf8mb4_unicode_ci ROW_FORMAT=DYNAMIC;

CREATE TABLE `notifications_status` (
  `id` int unsigned NOT NULL AUTO_INCREMENT,
  `user_id` int unsigned NOT NULL,
  `notification_id` int unsigned NOT NULL,
  `seen_at` int unsigned NOT NULL,
  PRIMARY KEY (`id`) USING BTREE,
  KEY `notifications_status_notification_id_foreign` (`notification_id`) USING BTREE,
  CONSTRAINT `notifications_status_notification_id_foreign` FOREIGN KEY (`notification_id`) REFERENCES `notifications` (`id`) ON DELETE CASCADE
) ENGINE=InnoDB AUTO_INCREMENT=351 DEFAULT CHARSET=utf8mb4 COLLATE=utf8mb4_unicode_ci ROW_FORMAT=DYNAMIC;

CREATE TABLE `offline_bank_specification_translations` (
  `id` int unsigned NOT NULL AUTO_INCREMENT,
  `offline_bank_specification_id` int unsigned NOT NULL,
  `locale` varchar(255) CHARACTER SET utf8mb4 COLLATE utf8mb4_unicode_ci NOT NULL,
  `name` varchar(255) CHARACTER SET utf8mb4 COLLATE utf8mb4_unicode_ci NOT NULL,
  PRIMARY KEY (`id`),
  KEY `offline_bank_specification_id` (`offline_bank_specification_id`),
  KEY `locale` (`locale`) USING BTREE,
  CONSTRAINT `offline_bank_specification_id` FOREIGN KEY (`offline_bank_specification_id`) REFERENCES `offline_bank_specifications` (`id`) ON DELETE CASCADE
) ENGINE=InnoDB AUTO_INCREMENT=29 DEFAULT CHARSET=utf8mb4 COLLATE=utf8mb4_unicode_ci;

CREATE TABLE `offline_bank_specifications` (
  `id` int unsigned NOT NULL AUTO_INCREMENT,
  `offline_bank_id` int unsigned NOT NULL,
  `value` varchar(255) CHARACTER SET utf8mb4 COLLATE utf8mb4_unicode_ci NOT NULL,
  PRIMARY KEY (`id`),
  KEY `offline_bank_specifications_offline_bank_id_foreign` (`offline_bank_id`),
  CONSTRAINT `offline_bank_specifications_offline_bank_id_foreign` FOREIGN KEY (`offline_bank_id`) REFERENCES `offline_banks` (`id`) ON DELETE CASCADE
) ENGINE=InnoDB AUTO_INCREMENT=26 DEFAULT CHARSET=utf8mb4 COLLATE=utf8mb4_unicode_ci;

CREATE TABLE `offline_bank_translations` (
  `id` int unsigned NOT NULL AUTO_INCREMENT,
  `offline_bank_id` int unsigned NOT NULL,
  `locale` varchar(255) CHARACTER SET utf8mb4 COLLATE utf8mb4_unicode_ci NOT NULL,
  `title` varchar(255) CHARACTER SET utf8mb4 COLLATE utf8mb4_unicode_ci NOT NULL,
  PRIMARY KEY (`id`),
  KEY `offline_bank_translations_offline_bank_id_foreign` (`offline_bank_id`),
  KEY `offline_bank_translations_locale_index` (`locale`),
  CONSTRAINT `offline_bank_translations_offline_bank_id_foreign` FOREIGN KEY (`offline_bank_id`) REFERENCES `offline_banks` (`id`) ON DELETE CASCADE
) ENGINE=InnoDB AUTO_INCREMENT=10 DEFAULT CHARSET=utf8mb4 COLLATE=utf8mb4_unicode_ci;

CREATE TABLE `offline_banks` (
  `id` int unsigned NOT NULL AUTO_INCREMENT,
  `logo` varchar(255) CHARACTER SET utf8mb4 COLLATE utf8mb4_unicode_ci NOT NULL,
  `created_at` bigint unsigned NOT NULL,
  PRIMARY KEY (`id`)
) ENGINE=InnoDB AUTO_INCREMENT=9 DEFAULT CHARSET=utf8mb4 COLLATE=utf8mb4_unicode_ci;

CREATE TABLE `offline_payments` (
  `id` int unsigned NOT NULL AUTO_INCREMENT,
  `user_id` int unsigned NOT NULL,
  `amount` int NOT NULL,
  `offline_bank_id` int unsigned DEFAULT NULL,
  `reference_number` varchar(64) CHARACTER SET utf8mb4 COLLATE utf8mb4_unicode_ci NOT NULL,
  `attachment` varchar(255) CHARACTER SET utf8mb4 COLLATE utf8mb4_unicode_ci DEFAULT NULL,
  `status` enum('waiting','approved','reject') CHARACTER SET utf8mb4 COLLATE utf8mb4_unicode_ci NOT NULL,
  `pay_date` varchar(64) CHARACTER SET utf8mb4 COLLATE utf8mb4_unicode_ci NOT NULL,
  `created_at` int NOT NULL,
  PRIMARY KEY (`id`) USING BTREE,
  KEY `offline_payments_user_id_foreign` (`user_id`) USING BTREE,
  KEY `offline_payments_offline_bank_id_foreign` (`offline_bank_id`),
  CONSTRAINT `offline_payments_offline_bank_id_foreign` FOREIGN KEY (`offline_bank_id`) REFERENCES `offline_banks` (`id`) ON DELETE SET NULL,
  CONSTRAINT `offline_payments_user_id_foreign` FOREIGN KEY (`user_id`) REFERENCES `users` (`id`) ON DELETE CASCADE
) ENGINE=InnoDB AUTO_INCREMENT=42 DEFAULT CHARSET=utf8mb4 COLLATE=utf8mb4_unicode_ci ROW_FORMAT=DYNAMIC;

CREATE TABLE `order_items` (
  `id` int unsigned NOT NULL AUTO_INCREMENT,
  `user_id` int unsigned NOT NULL,
  `order_id` int unsigned NOT NULL,
  `webinar_id` int unsigned DEFAULT NULL,
  `bundle_id` int unsigned DEFAULT NULL,
  `subscribe_id` int unsigned DEFAULT NULL,
  `promotion_id` int unsigned DEFAULT NULL,
  `gift_id` int unsigned DEFAULT NULL,
  `registration_package_id` int unsigned DEFAULT NULL,
  `product_id` int unsigned DEFAULT NULL,
  `product_order_id` int unsigned DEFAULT NULL,
  `installment_payment_id` int unsigned DEFAULT NULL,
  `reserve_meeting_id` int unsigned DEFAULT NULL,
  `ticket_id` int unsigned DEFAULT NULL,
  `discount_id` int DEFAULT NULL,
  `become_instructor_id` int unsigned DEFAULT NULL,
  `amount` double(15,2) unsigned DEFAULT NULL,
  `tax` int unsigned DEFAULT NULL,
  `tax_price` double(15,2) unsigned DEFAULT NULL,
  `commission` int unsigned DEFAULT NULL,
  `commission_price` double(15,2) unsigned DEFAULT NULL,
  `discount` double(15,2) unsigned DEFAULT NULL,
  `total_amount` double(15,2) unsigned DEFAULT NULL,
  `product_delivery_fee` double(15,2) unsigned DEFAULT NULL,
  `created_at` int unsigned DEFAULT NULL,
  PRIMARY KEY (`id`) USING BTREE,
  KEY `order_items_order_id_foreign` (`order_id`) USING BTREE,
  KEY `order_items_webinar_id_foreign` (`webinar_id`) USING BTREE,
  KEY `order_items_ticket_id_foreign` (`ticket_id`) USING BTREE,
  KEY `order_items_reserve_meeting_id_foreign` (`reserve_meeting_id`) USING BTREE,
  KEY `order_items_subscribe_id_foreign` (`subscribe_id`) USING BTREE,
  KEY `order_items_promotion_id_foreign` (`promotion_id`) USING BTREE,
  KEY `order_items_gift_id_foreign` (`gift_id`),
  CONSTRAINT `order_items_gift_id_foreign` FOREIGN KEY (`gift_id`) REFERENCES `gifts` (`id`) ON DELETE CASCADE
) ENGINE=InnoDB AUTO_INCREMENT=711 DEFAULT CHARSET=utf8mb4 COLLATE=utf8mb4_unicode_ci ROW_FORMAT=DYNAMIC;

CREATE TABLE `orders` (
  `id` int unsigned NOT NULL AUTO_INCREMENT,
  `user_id` int unsigned NOT NULL,
  `status` enum('pending','paying','paid','fail') CHARACTER SET utf8mb4 COLLATE utf8mb4_unicode_ci NOT NULL,
  `payment_method` enum('credit','payment_channel') CHARACTER SET utf8mb4 COLLATE utf8mb4_unicode_ci DEFAULT NULL,
  `is_charge_account` tinyint(1) NOT NULL DEFAULT '0',
  `amount` double(15,2) unsigned NOT NULL,
  `tax` decimal(13,2) unsigned DEFAULT NULL,
  `total_discount` decimal(13,2) unsigned DEFAULT NULL,
  `total_amount` decimal(13,2) unsigned DEFAULT NULL,
  `product_delivery_fee` decimal(13,2) unsigned DEFAULT NULL,
  `reference_id` text CHARACTER SET utf8mb4 COLLATE utf8mb4_unicode_ci,
  `payment_data` text CHARACTER SET utf8mb4 COLLATE utf8mb4_unicode_ci,
  `created_at` int unsigned NOT NULL,
  PRIMARY KEY (`id`) USING BTREE,
  KEY `orders_user_id_foreign` (`user_id`) USING BTREE,
  CONSTRAINT `orders_user_id_foreign` FOREIGN KEY (`user_id`) REFERENCES `users` (`id`) ON DELETE CASCADE
) ENGINE=InnoDB AUTO_INCREMENT=713 DEFAULT CHARSET=utf8mb4 COLLATE=utf8mb4_unicode_ci ROW_FORMAT=DYNAMIC;

CREATE TABLE `packages` (
  `id` bigint unsigned NOT NULL AUTO_INCREMENT,
  `name` varchar(255) COLLATE utf8mb4_general_ci NOT NULL,
  `slug` varchar(255) COLLATE utf8mb4_general_ci NOT NULL,
  `description` varchar(255) COLLATE utf8mb4_general_ci DEFAULT NULL,
  `price` decimal(10,2) NOT NULL DEFAULT '0.00',
  `is_active` tinyint(1) NOT NULL DEFAULT '1',
  `created_at` timestamp NULL DEFAULT NULL,
  `updated_at` timestamp NULL DEFAULT NULL,
  PRIMARY KEY (`id`),
  UNIQUE KEY `packages_name_unique` (`name`),
  UNIQUE KEY `packages_slug_unique` (`slug`)
) ENGINE=InnoDB DEFAULT CHARSET=utf8mb4 COLLATE=utf8mb4_general_ci;

CREATE TABLE `page_translations` (
  `id` bigint unsigned NOT NULL AUTO_INCREMENT,
  `page_id` int unsigned NOT NULL,
  `locale` varchar(255) CHARACTER SET utf8mb4 COLLATE utf8mb4_unicode_ci NOT NULL,
  `title` varchar(255) CHARACTER SET utf8mb4 COLLATE utf8mb4_unicode_ci NOT NULL,
  `seo_description` varchar(255) CHARACTER SET utf8mb4 COLLATE utf8mb4_unicode_ci DEFAULT NULL,
  `content` longtext CHARACTER SET utf8mb4 COLLATE utf8mb4_unicode_ci NOT NULL,
  PRIMARY KEY (`id`),
  KEY `page_translations_page_id_foreign` (`page_id`),
  KEY `page_translations_locale_index` (`locale`),
  CONSTRAINT `page_translations_page_id_foreign` FOREIGN KEY (`page_id`) REFERENCES `pages` (`id`) ON DELETE CASCADE
) ENGINE=InnoDB AUTO_INCREMENT=8 DEFAULT CHARSET=utf8mb4 COLLATE=utf8mb4_unicode_ci;

CREATE TABLE `pages` (
  `id` int unsigned NOT NULL AUTO_INCREMENT,
  `link` varchar(255) CHARACTER SET utf8mb4 COLLATE utf8mb4_unicode_ci NOT NULL,
  `name` varchar(255) CHARACTER SET utf8mb4 COLLATE utf8mb4_unicode_ci NOT NULL,
  `robot` tinyint(1) NOT NULL DEFAULT '0',
  `status` enum('publish','draft') CHARACTER SET utf8mb4 COLLATE utf8mb4_unicode_ci NOT NULL DEFAULT 'draft',
  `created_at` int unsigned NOT NULL,
  PRIMARY KEY (`id`),
  UNIQUE KEY `pages_link_unique` (`link`)
) ENGINE=InnoDB AUTO_INCREMENT=9 DEFAULT CHARSET=utf8mb4 COLLATE=utf8mb4_unicode_ci;

CREATE TABLE `password_resets` (
  `email` varchar(255) CHARACTER SET utf8mb4 COLLATE utf8mb4_unicode_ci NOT NULL,
  `token` varchar(255) CHARACTER SET utf8mb4 COLLATE utf8mb4_unicode_ci NOT NULL,
  `created_at` timestamp NULL DEFAULT NULL,
  KEY `password_resets_email_index` (`email`) USING BTREE
) ENGINE=InnoDB DEFAULT CHARSET=utf8mb4 COLLATE=utf8mb4_unicode_ci ROW_FORMAT=DYNAMIC;

CREATE TABLE `payku_payments` (
  `transaction_id` varchar(255) CHARACTER SET utf8mb4 COLLATE utf8mb4_unicode_ci NOT NULL,
  `start` date NOT NULL,
  `end` date NOT NULL,
  `media` varchar(255) CHARACTER SET utf8mb4 COLLATE utf8mb4_unicode_ci NOT NULL,
  `verification_key` varchar(255) CHARACTER SET utf8mb4 COLLATE utf8mb4_unicode_ci NOT NULL,
  `authorization_code` varchar(255) CHARACTER SET utf8mb4 COLLATE utf8mb4_unicode_ci NOT NULL,
  `last_4_digits` int unsigned DEFAULT NULL,
  `installments` varchar(255) CHARACTER SET utf8mb4 COLLATE utf8mb4_unicode_ci DEFAULT NULL,
  `card_type` varchar(255) CHARACTER SET utf8mb4 COLLATE utf8mb4_unicode_ci DEFAULT NULL,
  `additional_parameters` varchar(255) CHARACTER SET utf8mb4 COLLATE utf8mb4_unicode_ci DEFAULT NULL,
  `currency` varchar(255) CHARACTER SET utf8mb4 COLLATE utf8mb4_unicode_ci NOT NULL,
  `created_at` timestamp NULL DEFAULT NULL,
  `updated_at` timestamp NULL DEFAULT NULL,
  `payment_key` varchar(255) CHARACTER SET utf8mb4 COLLATE utf8mb4_unicode_ci DEFAULT NULL,
  `transaction_key` varchar(255) CHARACTER SET utf8mb4 COLLATE utf8mb4_unicode_ci DEFAULT NULL,
  `deposit_date` datetime DEFAULT NULL,
  UNIQUE KEY `payku_payments_transaction_id_unique` (`transaction_id`),
  CONSTRAINT `payku_payments_transaction_id_foreign` FOREIGN KEY (`transaction_id`) REFERENCES `payku_transactions` (`id`)
) ENGINE=InnoDB DEFAULT CHARSET=utf8mb4 COLLATE=utf8mb4_unicode_ci;

CREATE TABLE `payku_transactions` (
  `id` varchar(255) CHARACTER SET utf8mb4 COLLATE utf8mb4_unicode_ci NOT NULL,
  `status` varchar(255) CHARACTER SET utf8mb4 COLLATE utf8mb4_unicode_ci DEFAULT NULL,
  `order` varchar(255) CHARACTER SET utf8mb4 COLLATE utf8mb4_unicode_ci DEFAULT NULL,
  `email` varchar(255) CHARACTER SET utf8mb4 COLLATE utf8mb4_unicode_ci DEFAULT NULL,
  `subject` varchar(255) CHARACTER SET utf8mb4 COLLATE utf8mb4_unicode_ci DEFAULT NULL,
  `url` text CHARACTER SET utf8mb4 COLLATE utf8mb4_unicode_ci,
  `amount` int unsigned DEFAULT NULL,
  `notified_at` datetime DEFAULT NULL,
  `created_at` timestamp NULL DEFAULT NULL,
  `updated_at` timestamp NULL DEFAULT NULL,
  `full_name` varchar(255) CHARACTER SET utf8mb4 COLLATE utf8mb4_unicode_ci DEFAULT NULL,
  UNIQUE KEY `payku_transactions_id_unique` (`id`),
  UNIQUE KEY `payku_transactions_order_unique` (`order`)
) ENGINE=InnoDB DEFAULT CHARSET=utf8mb4 COLLATE=utf8mb4_unicode_ci;

CREATE TABLE `payment_channels` (
  `id` int unsigned NOT NULL AUTO_INCREMENT,
  `title` varchar(255) CHARACTER SET utf8mb4 COLLATE utf8mb4_unicode_ci NOT NULL,
  `class_name` varchar(255) CHARACTER SET utf8mb4 COLLATE utf8mb4_unicode_ci NOT NULL,
  `status` enum('active','inactive') CHARACTER SET utf8mb4 COLLATE utf8mb4_unicode_ci NOT NULL,
  `image` varchar(255) CHARACTER SET utf8mb4 COLLATE utf8mb4_unicode_ci DEFAULT NULL,
  `credentials` text CHARACTER SET utf8mb4 COLLATE utf8mb4_unicode_ci,
  `currencies` text CHARACTER SET utf8mb4 COLLATE utf8mb4_unicode_ci,
  `created_at` varchar(255) CHARACTER SET utf8mb4 COLLATE utf8mb4_unicode_ci NOT NULL,
  PRIMARY KEY (`id`) USING BTREE
) ENGINE=InnoDB AUTO_INCREMENT=79 DEFAULT CHARSET=utf8mb4 COLLATE=utf8mb4_unicode_ci ROW_FORMAT=DYNAMIC;

CREATE TABLE `payouts` (
  `id` int unsigned NOT NULL AUTO_INCREMENT,
  `user_id` int unsigned NOT NULL,
  `user_selected_bank_id` int unsigned NOT NULL,
  `amount` decimal(13,2) NOT NULL,
  `status` enum('waiting','done','reject') CHARACTER SET utf8mb4 COLLATE utf8mb4_unicode_ci NOT NULL,
  `created_at` int NOT NULL,
  PRIMARY KEY (`id`) USING BTREE,
  KEY `payouts_user_id_foreign` (`user_id`) USING BTREE,
  KEY `payout_user_selected_bank_id` (`user_selected_bank_id`) USING BTREE,
  CONSTRAINT `payout_user_selected_bank_id` FOREIGN KEY (`user_selected_bank_id`) REFERENCES `user_selected_banks` (`id`) ON DELETE CASCADE,
  CONSTRAINT `payouts_user_id_foreign` FOREIGN KEY (`user_id`) REFERENCES `users` (`id`) ON DELETE CASCADE
) ENGINE=InnoDB DEFAULT CHARSET=utf8mb4 COLLATE=utf8mb4_unicode_ci ROW_FORMAT=DYNAMIC;

CREATE TABLE `payu_transactions` (
  `id` bigint unsigned NOT NULL AUTO_INCREMENT,
  `paid_for_id` bigint unsigned DEFAULT NULL,
  `paid_for_type` varchar(255) CHARACTER SET utf8mb4 COLLATE utf8mb4_unicode_ci DEFAULT NULL,
  `transaction_id` varchar(255) CHARACTER SET utf8mb4 COLLATE utf8mb4_unicode_ci NOT NULL,
  `gateway` text CHARACTER SET utf8mb4 COLLATE utf8mb4_unicode_ci NOT NULL,
  `body` text CHARACTER SET utf8mb4 COLLATE utf8mb4_unicode_ci NOT NULL,
  `destination` varchar(255) CHARACTER SET utf8mb4 COLLATE utf8mb4_unicode_ci NOT NULL,
  `hash` text CHARACTER SET utf8mb4 COLLATE utf8mb4_unicode_ci NOT NULL,
  `response` text CHARACTER SET utf8mb4 COLLATE utf8mb4_unicode_ci,
  `status` enum('pending','failed','successful','invalid') CHARACTER SET utf8mb4 COLLATE utf8mb4_unicode_ci NOT NULL DEFAULT 'pending',
  `verified_at` timestamp NULL DEFAULT NULL,
  `deleted_at` timestamp NULL DEFAULT NULL,
  `created_at` timestamp NULL DEFAULT NULL,
  `updated_at` timestamp NULL DEFAULT NULL,
  PRIMARY KEY (`id`) USING BTREE,
  UNIQUE KEY `payu_transactions_transaction_id_unique` (`transaction_id`) USING BTREE,
  KEY `payu_transactions_status_index` (`status`) USING BTREE,
  KEY `payu_transactions_verified_at_index` (`verified_at`) USING BTREE
) ENGINE=InnoDB AUTO_INCREMENT=15 DEFAULT CHARSET=utf8mb4 COLLATE=utf8mb4_unicode_ci ROW_FORMAT=DYNAMIC;

CREATE TABLE `permissions` (
  `id` int unsigned NOT NULL AUTO_INCREMENT,
  `role_id` int unsigned DEFAULT NULL,
  `section_id` int unsigned DEFAULT NULL,
  `allow` tinyint(1) NOT NULL DEFAULT '0',
  PRIMARY KEY (`id`) USING BTREE,
  KEY `permissions_role_id_index` (`role_id`) USING BTREE,
  KEY `permissions_section_id_index` (`section_id`) USING BTREE,
  CONSTRAINT `permissions_role_id_foreign` FOREIGN KEY (`role_id`) REFERENCES `roles` (`id`) ON DELETE CASCADE,
  CONSTRAINT `permissions_section_id_foreign` FOREIGN KEY (`section_id`) REFERENCES `sections` (`id`)
) ENGINE=InnoDB AUTO_INCREMENT=19516 DEFAULT CHARSET=utf8mb4 COLLATE=utf8mb4_unicode_ci;

CREATE TABLE `prerequisites` (
  `id` int unsigned NOT NULL AUTO_INCREMENT,
  `webinar_id` int unsigned NOT NULL,
  `prerequisite_id` int unsigned NOT NULL,
  `required` tinyint(1) NOT NULL DEFAULT '0',
  `order` int unsigned DEFAULT NULL,
  `created_at` int NOT NULL,
  `updated_at` int DEFAULT NULL,
  PRIMARY KEY (`id`) USING BTREE,
  KEY `prerequisites_webinar_id_foreign` (`webinar_id`) USING BTREE,
  KEY `prerequisite_id` (`prerequisite_id`),
  CONSTRAINT `prerequisite_id` FOREIGN KEY (`prerequisite_id`) REFERENCES `webinars` (`id`) ON DELETE CASCADE,
  CONSTRAINT `prerequisites_webinar_id_foreign` FOREIGN KEY (`webinar_id`) REFERENCES `webinars` (`id`) ON DELETE CASCADE
) ENGINE=InnoDB AUTO_INCREMENT=35 DEFAULT CHARSET=utf8mb4 COLLATE=utf8mb4_unicode_ci ROW_FORMAT=DYNAMIC;

CREATE TABLE `product_badge_contents` (
  `id` int unsigned NOT NULL AUTO_INCREMENT,
  `product_badge_id` int unsigned NOT NULL,
  `targetable_id` int unsigned NOT NULL,
  `targetable_type` varchar(255) CHARACTER SET utf8mb4 COLLATE utf8mb4_general_ci NOT NULL,
  PRIMARY KEY (`id`),
  KEY `product_badge_contents_product_badge_id_foreign` (`product_badge_id`),
  CONSTRAINT `product_badge_contents_product_badge_id_foreign` FOREIGN KEY (`product_badge_id`) REFERENCES `product_badges` (`id`) ON DELETE CASCADE
) ENGINE=InnoDB AUTO_INCREMENT=22 DEFAULT CHARSET=utf8mb4 COLLATE=utf8mb4_general_ci;

CREATE TABLE `product_badge_translations` (
  `id` int unsigned NOT NULL AUTO_INCREMENT,
  `product_badge_id` int unsigned NOT NULL,
  `locale` varchar(191) CHARACTER SET utf8mb4 COLLATE utf8mb4_general_ci NOT NULL,
  `title` varchar(255) CHARACTER SET utf8mb4 COLLATE utf8mb4_general_ci NOT NULL,
  PRIMARY KEY (`id`),
  KEY `product_badge_translations_product_badge_id_foreign` (`product_badge_id`),
  KEY `product_badge_translations_locale_index` (`locale`),
  CONSTRAINT `product_badge_translations_product_badge_id_foreign` FOREIGN KEY (`product_badge_id`) REFERENCES `product_badges` (`id`) ON DELETE CASCADE
) ENGINE=InnoDB AUTO_INCREMENT=4 DEFAULT CHARSET=utf8mb4 COLLATE=utf8mb4_general_ci;

CREATE TABLE `product_badges` (
  `id` int unsigned NOT NULL AUTO_INCREMENT,
  `icon` varchar(255) CHARACTER SET utf8mb4 COLLATE utf8mb4_unicode_ci DEFAULT NULL,
  `color` varchar(255) CHARACTER SET utf8mb4 COLLATE utf8mb4_general_ci NOT NULL,
  `background` varchar(255) CHARACTER SET utf8mb4 COLLATE utf8mb4_general_ci NOT NULL,
  `start_at` bigint unsigned DEFAULT NULL,
  `end_at` bigint unsigned DEFAULT NULL,
  `enable` tinyint(1) NOT NULL DEFAULT '0',
  `created_at` bigint unsigned NOT NULL,
  PRIMARY KEY (`id`)
) ENGINE=InnoDB AUTO_INCREMENT=2 DEFAULT CHARSET=utf8mb4 COLLATE=utf8mb4_general_ci;

CREATE TABLE `product_categories` (
  `id` int unsigned NOT NULL AUTO_INCREMENT,
  `parent_id` int DEFAULT NULL,
  `icon` varchar(255) CHARACTER SET utf8mb4 COLLATE utf8mb4_unicode_ci DEFAULT NULL,
  `order` int unsigned DEFAULT NULL,
  PRIMARY KEY (`id`)
) ENGINE=InnoDB AUTO_INCREMENT=17 DEFAULT CHARSET=utf8mb4 COLLATE=utf8mb4_unicode_ci;

CREATE TABLE `product_category_translations` (
  `id` bigint unsigned NOT NULL AUTO_INCREMENT,
  `product_category_id` int unsigned NOT NULL,
  `locale` varchar(255) CHARACTER SET utf8mb4 COLLATE utf8mb4_unicode_ci NOT NULL,
  `title` varchar(255) CHARACTER SET utf8mb4 COLLATE utf8mb4_unicode_ci NOT NULL,
  PRIMARY KEY (`id`),
  KEY `product_category_id` (`product_category_id`),
  KEY `product_category_translations_locale_index` (`locale`),
  CONSTRAINT `product_category_id` FOREIGN KEY (`product_category_id`) REFERENCES `product_categories` (`id`) ON DELETE CASCADE
) ENGINE=InnoDB AUTO_INCREMENT=23 DEFAULT CHARSET=utf8mb4 COLLATE=utf8mb4_unicode_ci;

CREATE TABLE `product_discounts` (
  `id` int unsigned NOT NULL AUTO_INCREMENT,
  `creator_id` int unsigned NOT NULL,
  `product_id` int unsigned NOT NULL,
  `name` varchar(255) CHARACTER SET utf8mb4 COLLATE utf8mb4_unicode_ci DEFAULT NULL,
  `percent` int unsigned NOT NULL,
  `count` int unsigned DEFAULT NULL,
  `status` enum('active','inactive') CHARACTER SET utf8mb4 COLLATE utf8mb4_unicode_ci NOT NULL,
  `start_date` int unsigned NOT NULL,
  `end_date` int unsigned NOT NULL,
  `created_at` int unsigned NOT NULL,
  PRIMARY KEY (`id`),
  KEY `product_discounts_creator_id_foreign` (`creator_id`),
  KEY `product_discounts_product_id_foreign` (`product_id`),
  CONSTRAINT `product_discounts_creator_id_foreign` FOREIGN KEY (`creator_id`) REFERENCES `users` (`id`) ON DELETE CASCADE,
  CONSTRAINT `product_discounts_product_id_foreign` FOREIGN KEY (`product_id`) REFERENCES `products` (`id`) ON DELETE CASCADE
) ENGINE=InnoDB AUTO_INCREMENT=3 DEFAULT CHARSET=utf8mb4 COLLATE=utf8mb4_unicode_ci;

CREATE TABLE `product_faq_translations` (
  `id` bigint unsigned NOT NULL AUTO_INCREMENT,
  `product_faq_id` int unsigned NOT NULL,
  `locale` varchar(255) CHARACTER SET utf8mb4 COLLATE utf8mb4_unicode_ci NOT NULL,
  `title` varchar(255) CHARACTER SET utf8mb4 COLLATE utf8mb4_unicode_ci NOT NULL,
  `answer` text CHARACTER SET utf8mb4 COLLATE utf8mb4_unicode_ci NOT NULL,
  PRIMARY KEY (`id`),
  KEY `product_faq_id` (`product_faq_id`),
  KEY `product_faq_translations_locale_index` (`locale`),
  CONSTRAINT `product_faq_id` FOREIGN KEY (`product_faq_id`) REFERENCES `product_faqs` (`id`) ON DELETE CASCADE
) ENGINE=InnoDB AUTO_INCREMENT=7 DEFAULT CHARSET=utf8mb4 COLLATE=utf8mb4_unicode_ci;

CREATE TABLE `product_faqs` (
  `id` int unsigned NOT NULL AUTO_INCREMENT,
  `creator_id` int unsigned NOT NULL,
  `product_id` int unsigned NOT NULL,
  `order` int unsigned DEFAULT NULL,
  `created_at` int unsigned NOT NULL,
  PRIMARY KEY (`id`),
  KEY `product_faqs_product_id_foreign` (`product_id`),
  KEY `product_faqs_creator_id_foreign` (`creator_id`),
  CONSTRAINT `product_faqs_creator_id_foreign` FOREIGN KEY (`creator_id`) REFERENCES `users` (`id`) ON DELETE CASCADE,
  CONSTRAINT `product_faqs_product_id_foreign` FOREIGN KEY (`product_id`) REFERENCES `products` (`id`) ON DELETE CASCADE
) ENGINE=InnoDB AUTO_INCREMENT=6 DEFAULT CHARSET=utf8mb4 COLLATE=utf8mb4_unicode_ci;

CREATE TABLE `product_file_translations` (
  `id` bigint unsigned NOT NULL AUTO_INCREMENT,
  `product_file_id` int unsigned NOT NULL,
  `locale` varchar(255) CHARACTER SET utf8mb4 COLLATE utf8mb4_unicode_ci NOT NULL,
  `title` varchar(255) CHARACTER SET utf8mb4 COLLATE utf8mb4_unicode_ci NOT NULL,
  `description` text CHARACTER SET utf8mb4 COLLATE utf8mb4_unicode_ci NOT NULL,
  PRIMARY KEY (`id`),
  KEY `product_file_id` (`product_file_id`),
  KEY `product_file_translations_locale_index` (`locale`),
  CONSTRAINT `product_file_id` FOREIGN KEY (`product_file_id`) REFERENCES `product_files` (`id`) ON DELETE CASCADE
) ENGINE=InnoDB AUTO_INCREMENT=9 DEFAULT CHARSET=utf8mb4 COLLATE=utf8mb4_unicode_ci;

CREATE TABLE `product_files` (
  `id` int unsigned NOT NULL AUTO_INCREMENT,
  `creator_id` int unsigned NOT NULL,
  `product_id` int unsigned NOT NULL,
  `path` varchar(255) CHARACTER SET utf8mb4 COLLATE utf8mb4_unicode_ci NOT NULL,
  `file_type` varchar(255) CHARACTER SET utf8mb4 COLLATE utf8mb4_unicode_ci DEFAULT NULL,
  `volume` varchar(255) CHARACTER SET utf8mb4 COLLATE utf8mb4_unicode_ci DEFAULT NULL,
  `online_viewer` tinyint(1) NOT NULL DEFAULT '0',
  `order` int unsigned DEFAULT NULL,
  `status` enum('active','inactive') CHARACTER SET utf8mb4 COLLATE utf8mb4_unicode_ci NOT NULL DEFAULT 'active',
  `created_at` int unsigned NOT NULL,
  PRIMARY KEY (`id`),
  KEY `file_product_id` (`product_id`),
  KEY `file_creator_id` (`creator_id`),
  CONSTRAINT `file_creator_id` FOREIGN KEY (`creator_id`) REFERENCES `users` (`id`) ON DELETE CASCADE,
  CONSTRAINT `file_product_id` FOREIGN KEY (`product_id`) REFERENCES `products` (`id`) ON DELETE CASCADE
) ENGINE=InnoDB AUTO_INCREMENT=8 DEFAULT CHARSET=utf8mb4 COLLATE=utf8mb4_unicode_ci;

CREATE TABLE `product_filter_option_translations` (
  `id` bigint unsigned NOT NULL AUTO_INCREMENT,
  `product_filter_option_id` int unsigned NOT NULL,
  `locale` varchar(255) CHARACTER SET utf8mb4 COLLATE utf8mb4_unicode_ci NOT NULL,
  `title` varchar(255) CHARACTER SET utf8mb4 COLLATE utf8mb4_unicode_ci NOT NULL,
  PRIMARY KEY (`id`),
  KEY `product_filter_option_id` (`product_filter_option_id`),
  KEY `product_filter_option_translations_locale_index` (`locale`),
  CONSTRAINT `product_filter_option_id` FOREIGN KEY (`product_filter_option_id`) REFERENCES `product_filter_options` (`id`) ON DELETE CASCADE
) ENGINE=InnoDB AUTO_INCREMENT=11 DEFAULT CHARSET=utf8mb4 COLLATE=utf8mb4_unicode_ci;

CREATE TABLE `product_filter_options` (
  `id` int unsigned NOT NULL AUTO_INCREMENT,
  `filter_id` int unsigned NOT NULL,
  `order` int unsigned DEFAULT NULL,
  PRIMARY KEY (`id`),
  KEY `product_filter_options_filter_id_foreign` (`filter_id`),
  CONSTRAINT `product_filter_options_filter_id_foreign` FOREIGN KEY (`filter_id`) REFERENCES `product_filters` (`id`) ON DELETE CASCADE
) ENGINE=InnoDB AUTO_INCREMENT=11 DEFAULT CHARSET=utf8mb4 COLLATE=utf8mb4_unicode_ci;

CREATE TABLE `product_filter_translations` (
  `id` bigint unsigned NOT NULL AUTO_INCREMENT,
  `product_filter_id` int unsigned NOT NULL,
  `locale` varchar(255) CHARACTER SET utf8mb4 COLLATE utf8mb4_unicode_ci NOT NULL,
  `title` varchar(255) CHARACTER SET utf8mb4 COLLATE utf8mb4_unicode_ci NOT NULL,
  PRIMARY KEY (`id`),
  KEY `product_filter_id` (`product_filter_id`),
  KEY `product_filter_translations_locale_index` (`locale`),
  CONSTRAINT `product_filter_id` FOREIGN KEY (`product_filter_id`) REFERENCES `product_filters` (`id`) ON DELETE CASCADE
) ENGINE=InnoDB AUTO_INCREMENT=4 DEFAULT CHARSET=utf8mb4 COLLATE=utf8mb4_unicode_ci;

CREATE TABLE `product_filters` (
  `id` int unsigned NOT NULL AUTO_INCREMENT,
  `category_id` int unsigned NOT NULL,
  PRIMARY KEY (`id`),
  KEY `product_filters_category_id_foreign` (`category_id`),
  CONSTRAINT `product_filters_category_id_foreign` FOREIGN KEY (`category_id`) REFERENCES `product_categories` (`id`) ON DELETE CASCADE
) ENGINE=InnoDB AUTO_INCREMENT=4 DEFAULT CHARSET=utf8mb4 COLLATE=utf8mb4_unicode_ci;

CREATE TABLE `product_media` (
  `id` int unsigned NOT NULL AUTO_INCREMENT,
  `creator_id` int unsigned NOT NULL,
  `product_id` int unsigned NOT NULL,
  `type` enum('thumbnail','image','video') CHARACTER SET utf8mb4 COLLATE utf8mb4_unicode_ci NOT NULL,
  `path` varchar(255) CHARACTER SET utf8mb4 COLLATE utf8mb4_unicode_ci NOT NULL,
  `order` int unsigned DEFAULT NULL,
  `created_at` int unsigned NOT NULL,
  PRIMARY KEY (`id`),
  KEY `media_product_id` (`product_id`),
  KEY `media_creator_id` (`creator_id`),
  CONSTRAINT `media_creator_id` FOREIGN KEY (`creator_id`) REFERENCES `users` (`id`) ON DELETE CASCADE,
  CONSTRAINT `media_product_id` FOREIGN KEY (`product_id`) REFERENCES `products` (`id`) ON DELETE CASCADE
) ENGINE=InnoDB AUTO_INCREMENT=83 DEFAULT CHARSET=utf8mb4 COLLATE=utf8mb4_unicode_ci;

CREATE TABLE `product_orders` (
  `id` int unsigned NOT NULL AUTO_INCREMENT,
  `product_id` int unsigned NOT NULL,
  `seller_id` int unsigned NOT NULL,
  `buyer_id` int unsigned DEFAULT NULL,
  `sale_id` int unsigned DEFAULT NULL,
  `installment_order_id` int unsigned DEFAULT NULL,
  `gift_id` int unsigned DEFAULT NULL,
  `specifications` text CHARACTER SET utf8mb4 COLLATE utf8mb4_unicode_ci,
  `quantity` int unsigned NOT NULL,
  `discount_id` int unsigned DEFAULT NULL,
  `message_to_seller` text CHARACTER SET utf8mb4 COLLATE utf8mb4_unicode_ci,
  `tracking_code` varchar(255) CHARACTER SET utf8mb4 COLLATE utf8mb4_unicode_ci DEFAULT NULL,
  `status` enum('pending','waiting_delivery','shipped','success','canceled') CHARACTER SET utf8mb4 COLLATE utf8mb4_unicode_ci NOT NULL,
  `created_at` bigint unsigned NOT NULL,
  PRIMARY KEY (`id`),
  KEY `product_orders_installment_order_id_foreign` (`installment_order_id`),
  KEY `product_orders_gift_id_foreign` (`gift_id`),
  CONSTRAINT `product_orders_gift_id_foreign` FOREIGN KEY (`gift_id`) REFERENCES `gifts` (`id`) ON DELETE CASCADE,
  CONSTRAINT `product_orders_installment_order_id_foreign` FOREIGN KEY (`installment_order_id`) REFERENCES `installment_orders` (`id`) ON DELETE CASCADE
) ENGINE=InnoDB AUTO_INCREMENT=45 DEFAULT CHARSET=utf8mb4 COLLATE=utf8mb4_unicode_ci;

CREATE TABLE `product_reviews` (
  `id` int unsigned NOT NULL AUTO_INCREMENT,
  `product_id` int unsigned NOT NULL,
  `creator_id` int unsigned NOT NULL,
  `product_quality` int unsigned NOT NULL,
  `purchase_worth` int unsigned NOT NULL,
  `delivery_quality` int unsigned NOT NULL,
  `seller_quality` int unsigned NOT NULL,
  `rates` char(10) CHARACTER SET utf8mb4 COLLATE utf8mb4_unicode_ci NOT NULL,
  `description` text CHARACTER SET utf8mb4 COLLATE utf8mb4_unicode_ci,
  `created_at` int unsigned NOT NULL,
  `status` enum('pending','active') CHARACTER SET utf8mb4 COLLATE utf8mb4_unicode_ci NOT NULL,
  PRIMARY KEY (`id`),
  KEY `product_reviews_creator_id_foreign` (`creator_id`),
  KEY `product_reviews_product_id_foreign` (`product_id`),
  CONSTRAINT `product_reviews_creator_id_foreign` FOREIGN KEY (`creator_id`) REFERENCES `users` (`id`) ON DELETE CASCADE,
  CONSTRAINT `product_reviews_product_id_foreign` FOREIGN KEY (`product_id`) REFERENCES `products` (`id`) ON DELETE CASCADE
) ENGINE=InnoDB AUTO_INCREMENT=6 DEFAULT CHARSET=utf8mb4 COLLATE=utf8mb4_unicode_ci;

CREATE TABLE `product_selected_filter_options` (
  `id` int unsigned NOT NULL AUTO_INCREMENT,
  `product_id` int unsigned NOT NULL,
  `filter_option_id` int unsigned NOT NULL,
  PRIMARY KEY (`id`),
  KEY `product_selected_filter_options_product_id_foreign` (`product_id`),
  KEY `product_selected_filter_options_filter_option_id_foreign` (`filter_option_id`),
  CONSTRAINT `product_selected_filter_options_filter_option_id_foreign` FOREIGN KEY (`filter_option_id`) REFERENCES `product_filter_options` (`id`) ON DELETE CASCADE,
  CONSTRAINT `product_selected_filter_options_product_id_foreign` FOREIGN KEY (`product_id`) REFERENCES `products` (`id`) ON DELETE CASCADE
) ENGINE=InnoDB AUTO_INCREMENT=97 DEFAULT CHARSET=utf8mb4 COLLATE=utf8mb4_unicode_ci;

CREATE TABLE `product_selected_specification_multi_values` (
  `id` int unsigned NOT NULL AUTO_INCREMENT,
  `selected_specification_id` int unsigned NOT NULL,
  `specification_multi_value_id` int unsigned NOT NULL,
  PRIMARY KEY (`id`),
  KEY `selected_specification_id` (`selected_specification_id`),
  KEY `specification_multi_value_id` (`specification_multi_value_id`),
  CONSTRAINT `selected_specification_id` FOREIGN KEY (`selected_specification_id`) REFERENCES `product_selected_specifications` (`id`) ON DELETE CASCADE,
  CONSTRAINT `specification_multi_value_id` FOREIGN KEY (`specification_multi_value_id`) REFERENCES `product_specification_multi_values` (`id`) ON DELETE CASCADE
) ENGINE=InnoDB AUTO_INCREMENT=24 DEFAULT CHARSET=utf8mb4 COLLATE=utf8mb4_unicode_ci;

CREATE TABLE `product_selected_specification_translations` (
  `id` bigint unsigned NOT NULL AUTO_INCREMENT,
  `product_selected_specification_id` int unsigned NOT NULL,
  `locale` varchar(255) CHARACTER SET utf8mb4 COLLATE utf8mb4_unicode_ci NOT NULL,
  `value` text CHARACTER SET utf8mb4 COLLATE utf8mb4_unicode_ci NOT NULL,
  PRIMARY KEY (`id`),
  KEY `product_selected_specification_id_translations` (`product_selected_specification_id`),
  KEY `product_selected_specification_translations_locale_index` (`locale`),
  CONSTRAINT `product_selected_specification_id_translations` FOREIGN KEY (`product_selected_specification_id`) REFERENCES `product_selected_specifications` (`id`) ON DELETE CASCADE
) ENGINE=InnoDB AUTO_INCREMENT=17 DEFAULT CHARSET=utf8mb4 COLLATE=utf8mb4_unicode_ci;

CREATE TABLE `product_selected_specifications` (
  `id` int unsigned NOT NULL AUTO_INCREMENT,
  `creator_id` int unsigned NOT NULL,
  `product_id` int unsigned NOT NULL,
  `product_specification_id` int unsigned NOT NULL,
  `type` enum('textarea','multi_value') CHARACTER SET utf8mb4 COLLATE utf8mb4_unicode_ci NOT NULL,
  `allow_selection` tinyint(1) NOT NULL DEFAULT '0',
  `order` int unsigned DEFAULT NULL,
  `status` enum('active','inactive') CHARACTER SET utf8mb4 COLLATE utf8mb4_unicode_ci NOT NULL DEFAULT 'active',
  `created_at` int unsigned NOT NULL,
  PRIMARY KEY (`id`),
  KEY `product_selected_specifications_creator_id_foreign` (`creator_id`),
  KEY `product_selected_specifications_product_id_foreign` (`product_id`),
  KEY `product_selected_specifications_product_specification_id_foreign` (`product_specification_id`),
  CONSTRAINT `product_selected_specifications_creator_id_foreign` FOREIGN KEY (`creator_id`) REFERENCES `users` (`id`) ON DELETE CASCADE,
  CONSTRAINT `product_selected_specifications_product_id_foreign` FOREIGN KEY (`product_id`) REFERENCES `products` (`id`) ON DELETE CASCADE,
  CONSTRAINT `product_selected_specifications_product_specification_id_foreign` FOREIGN KEY (`product_specification_id`) REFERENCES `product_specifications` (`id`) ON DELETE CASCADE
) ENGINE=InnoDB AUTO_INCREMENT=20 DEFAULT CHARSET=utf8mb4 COLLATE=utf8mb4_unicode_ci;

CREATE TABLE `product_specification_categories` (
  `id` int unsigned NOT NULL AUTO_INCREMENT,
  `specification_id` int unsigned NOT NULL,
  `category_id` int unsigned NOT NULL,
  PRIMARY KEY (`id`),
  KEY `product_specification_categories_specification_id_foreign` (`specification_id`),
  KEY `product_specification_categories_category_id_foreign` (`category_id`),
  CONSTRAINT `product_specification_categories_category_id_foreign` FOREIGN KEY (`category_id`) REFERENCES `product_categories` (`id`) ON DELETE CASCADE,
  CONSTRAINT `product_specification_categories_specification_id_foreign` FOREIGN KEY (`specification_id`) REFERENCES `product_specifications` (`id`) ON DELETE CASCADE
) ENGINE=InnoDB AUTO_INCREMENT=47 DEFAULT CHARSET=utf8mb4 COLLATE=utf8mb4_unicode_ci;

CREATE TABLE `product_specification_multi_value_translations` (
  `id` bigint unsigned NOT NULL AUTO_INCREMENT,
  `product_specification_multi_value_id` int unsigned NOT NULL,
  `locale` varchar(255) CHARACTER SET utf8mb4 COLLATE utf8mb4_unicode_ci NOT NULL,
  `title` varchar(255) CHARACTER SET utf8mb4 COLLATE utf8mb4_unicode_ci NOT NULL,
  PRIMARY KEY (`id`),
  KEY `product_specification_multi_value_id` (`product_specification_multi_value_id`),
  KEY `product_specification_multi_value_translations_locale_index` (`locale`),
  CONSTRAINT `product_specification_multi_value_id` FOREIGN KEY (`product_specification_multi_value_id`) REFERENCES `product_specification_multi_values` (`id`) ON DELETE CASCADE
) ENGINE=InnoDB AUTO_INCREMENT=15 DEFAULT CHARSET=utf8mb4 COLLATE=utf8mb4_unicode_ci;

CREATE TABLE `product_specification_multi_values` (
  `id` int unsigned NOT NULL AUTO_INCREMENT,
  `specification_id` int unsigned NOT NULL,
  PRIMARY KEY (`id`),
  KEY `product_specification_multi_values_specification_id_foreign` (`specification_id`),
  CONSTRAINT `product_specification_multi_values_specification_id_foreign` FOREIGN KEY (`specification_id`) REFERENCES `product_specifications` (`id`) ON DELETE CASCADE
) ENGINE=InnoDB AUTO_INCREMENT=15 DEFAULT CHARSET=utf8mb4 COLLATE=utf8mb4_unicode_ci;

CREATE TABLE `product_specification_translations` (
  `id` bigint unsigned NOT NULL AUTO_INCREMENT,
  `product_specification_id` int unsigned NOT NULL,
  `locale` varchar(255) CHARACTER SET utf8mb4 COLLATE utf8mb4_unicode_ci NOT NULL,
  `title` varchar(255) CHARACTER SET utf8mb4 COLLATE utf8mb4_unicode_ci NOT NULL,
  PRIMARY KEY (`id`),
  KEY `product_specification_id` (`product_specification_id`),
  KEY `product_specification_translations_locale_index` (`locale`),
  CONSTRAINT `product_specification_id` FOREIGN KEY (`product_specification_id`) REFERENCES `product_specifications` (`id`) ON DELETE CASCADE
) ENGINE=InnoDB AUTO_INCREMENT=12 DEFAULT CHARSET=utf8mb4 COLLATE=utf8mb4_unicode_ci;

CREATE TABLE `product_specifications` (
  `id` int unsigned NOT NULL AUTO_INCREMENT,
  `input_type` enum('textarea','multi_value') CHARACTER SET utf8mb4 COLLATE utf8mb4_unicode_ci NOT NULL,
  PRIMARY KEY (`id`)
) ENGINE=InnoDB AUTO_INCREMENT=10 DEFAULT CHARSET=utf8mb4 COLLATE=utf8mb4_unicode_ci;

CREATE TABLE `product_translations` (
  `id` bigint unsigned NOT NULL AUTO_INCREMENT,
  `product_id` int unsigned NOT NULL,
  `locale` varchar(255) CHARACTER SET utf8mb4 COLLATE utf8mb4_unicode_ci NOT NULL,
  `title` varchar(255) CHARACTER SET utf8mb4 COLLATE utf8mb4_unicode_ci NOT NULL,
  `seo_description` text CHARACTER SET utf8mb4 COLLATE utf8mb4_unicode_ci,
  `summary` text CHARACTER SET utf8mb4 COLLATE utf8mb4_unicode_ci,
  `description` longtext CHARACTER SET utf8mb4 COLLATE utf8mb4_unicode_ci,
  PRIMARY KEY (`id`),
  KEY `product_id` (`product_id`),
  KEY `product_translations_locale_index` (`locale`),
  CONSTRAINT `product_id` FOREIGN KEY (`product_id`) REFERENCES `products` (`id`) ON DELETE CASCADE
) ENGINE=InnoDB AUTO_INCREMENT=10 DEFAULT CHARSET=utf8mb4 COLLATE=utf8mb4_unicode_ci;

CREATE TABLE `products` (
  `id` int unsigned NOT NULL AUTO_INCREMENT,
  `creator_id` int unsigned NOT NULL,
  `type` enum('virtual','physical') CHARACTER SET utf8mb4 COLLATE utf8mb4_unicode_ci NOT NULL,
  `slug` varchar(255) CHARACTER SET utf8mb4 COLLATE utf8mb4_unicode_ci NOT NULL,
  `category_id` int unsigned DEFAULT NULL,
  `price` double(15,2) unsigned DEFAULT NULL,
  `point` bigint unsigned DEFAULT NULL,
  `unlimited_inventory` tinyint(1) NOT NULL DEFAULT '0',
  `ordering` tinyint(1) NOT NULL DEFAULT '0',
  `inventory` int unsigned DEFAULT NULL,
  `inventory_warning` int unsigned DEFAULT NULL,
  `inventory_updated_at` bigint unsigned DEFAULT NULL,
  `delivery_fee` double(15,2) unsigned DEFAULT NULL,
  `delivery_estimated_time` int unsigned DEFAULT NULL,
  `message_for_reviewer` text CHARACTER SET utf8mb4 COLLATE utf8mb4_unicode_ci,
  `tax` int unsigned DEFAULT NULL,
  `commission_type` enum('percent','fixed_amount') CHARACTER SET utf8mb4 COLLATE utf8mb4_unicode_ci NOT NULL,
  `commission` int unsigned DEFAULT NULL,
  `status` enum('active','pending','draft','inactive') CHARACTER SET utf8mb4 COLLATE utf8mb4_unicode_ci NOT NULL,
  `updated_at` bigint unsigned NOT NULL,
  `created_at` bigint unsigned NOT NULL,
  PRIMARY KEY (`id`),
  KEY `products_creator_id_foreign` (`creator_id`),
  KEY `products_category_id_foreign` (`category_id`),
  KEY `products_type_index` (`type`),
  KEY `products_slug_index` (`slug`),
  CONSTRAINT `products_category_id_foreign` FOREIGN KEY (`category_id`) REFERENCES `product_categories` (`id`) ON DELETE CASCADE,
  CONSTRAINT `products_creator_id_foreign` FOREIGN KEY (`creator_id`) REFERENCES `users` (`id`) ON DELETE CASCADE
) ENGINE=InnoDB AUTO_INCREMENT=10 DEFAULT CHARSET=utf8mb4 COLLATE=utf8mb4_unicode_ci;

CREATE TABLE `promotion_translations` (
  `id` bigint unsigned NOT NULL AUTO_INCREMENT,
  `promotion_id` int unsigned NOT NULL,
  `locale` varchar(255) CHARACTER SET utf8mb4 COLLATE utf8mb4_unicode_ci NOT NULL,
  `title` varchar(255) CHARACTER SET utf8mb4 COLLATE utf8mb4_unicode_ci NOT NULL,
  `description` text CHARACTER SET utf8mb4 COLLATE utf8mb4_unicode_ci NOT NULL,
  PRIMARY KEY (`id`),
  KEY `promotion_translations_promotion_id_foreign` (`promotion_id`),
  KEY `promotion_translations_locale_index` (`locale`),
  CONSTRAINT `promotion_translations_promotion_id_foreign` FOREIGN KEY (`promotion_id`) REFERENCES `promotions` (`id`) ON DELETE CASCADE
) ENGINE=InnoDB AUTO_INCREMENT=10 DEFAULT CHARSET=utf8mb4 COLLATE=utf8mb4_unicode_ci;

CREATE TABLE `promotions` (
  `id` int unsigned NOT NULL AUTO_INCREMENT,
  `days` int unsigned NOT NULL,
  `price` double(15,2) unsigned NOT NULL,
  `icon` varchar(255) CHARACTER SET utf8mb4 COLLATE utf8mb4_unicode_ci NOT NULL,
  `is_popular` tinyint(1) NOT NULL DEFAULT '0',
  `created_at` int unsigned NOT NULL,
  PRIMARY KEY (`id`) USING BTREE
) ENGINE=InnoDB AUTO_INCREMENT=5 DEFAULT CHARSET=utf8mb4 COLLATE=utf8mb4_unicode_ci ROW_FORMAT=DYNAMIC;

CREATE TABLE `purchase_notification_histories` (
  `id` int unsigned NOT NULL AUTO_INCREMENT,
  `user_id` int unsigned NOT NULL,
  `purchase_notification_id` int unsigned NOT NULL,
  `display_type` enum('overall','per_session') CHARACTER SET utf8mb4 COLLATE utf8mb4_general_ci NOT NULL,
  `count_view` int unsigned NOT NULL DEFAULT '0',
  `session_ended` tinyint(1) NOT NULL DEFAULT '0' COMMENT 'Get True After the user login, we update all the per_session records',
  PRIMARY KEY (`id`),
  KEY `purchase_notification_id_history` (`purchase_notification_id`),
  KEY `purchase_notification_histories_user_id_foreign` (`user_id`),
  CONSTRAINT `purchase_notification_histories_user_id_foreign` FOREIGN KEY (`user_id`) REFERENCES `users` (`id`) ON DELETE CASCADE,
  CONSTRAINT `purchase_notification_id_history` FOREIGN KEY (`purchase_notification_id`) REFERENCES `purchase_notifications` (`id`) ON DELETE CASCADE
) ENGINE=InnoDB AUTO_INCREMENT=4 DEFAULT CHARSET=utf8mb4 COLLATE=utf8mb4_general_ci;

CREATE TABLE `purchase_notification_roles_groups_contents` (
  `id` int unsigned NOT NULL AUTO_INCREMENT,
  `purchase_notification_id` int unsigned NOT NULL,
  `role_id` int unsigned DEFAULT NULL,
  `group_id` int unsigned DEFAULT NULL,
  `webinar_id` int unsigned DEFAULT NULL,
  `bundle_id` int unsigned DEFAULT NULL,
  `product_id` int unsigned DEFAULT NULL,
  PRIMARY KEY (`id`),
  KEY `purchase_notification_id_role_group` (`purchase_notification_id`),
  KEY `purchase_notification_roles_groups_contents_role_id_foreign` (`role_id`),
  KEY `purchase_notification_roles_groups_contents_group_id_foreign` (`group_id`),
  KEY `purchase_notification_roles_groups_contents_webinar_id_foreign` (`webinar_id`),
  KEY `purchase_notification_roles_groups_contents_bundle_id_foreign` (`bundle_id`),
  KEY `purchase_notification_roles_groups_contents_product_id_foreign` (`product_id`),
  CONSTRAINT `purchase_notification_id_role_group` FOREIGN KEY (`purchase_notification_id`) REFERENCES `purchase_notifications` (`id`) ON DELETE CASCADE,
  CONSTRAINT `purchase_notification_roles_groups_contents_bundle_id_foreign` FOREIGN KEY (`bundle_id`) REFERENCES `bundles` (`id`) ON DELETE CASCADE,
  CONSTRAINT `purchase_notification_roles_groups_contents_group_id_foreign` FOREIGN KEY (`group_id`) REFERENCES `groups` (`id`) ON DELETE CASCADE,
  CONSTRAINT `purchase_notification_roles_groups_contents_product_id_foreign` FOREIGN KEY (`product_id`) REFERENCES `products` (`id`) ON DELETE CASCADE,
  CONSTRAINT `purchase_notification_roles_groups_contents_role_id_foreign` FOREIGN KEY (`role_id`) REFERENCES `roles` (`id`) ON DELETE CASCADE,
  CONSTRAINT `purchase_notification_roles_groups_contents_webinar_id_foreign` FOREIGN KEY (`webinar_id`) REFERENCES `webinars` (`id`) ON DELETE CASCADE
) ENGINE=InnoDB AUTO_INCREMENT=91 DEFAULT CHARSET=utf8mb4 COLLATE=utf8mb4_general_ci;

CREATE TABLE `purchase_notification_translations` (
  `id` int unsigned NOT NULL AUTO_INCREMENT,
  `purchase_notification_id` int unsigned NOT NULL,
  `locale` varchar(191) CHARACTER SET utf8mb4 COLLATE utf8mb4_general_ci NOT NULL,
  `title` varchar(255) CHARACTER SET utf8mb4 COLLATE utf8mb4_general_ci NOT NULL,
  `popup_title` varchar(255) CHARACTER SET utf8mb4 COLLATE utf8mb4_general_ci NOT NULL,
  `popup_subtitle` varchar(255) CHARACTER SET utf8mb4 COLLATE utf8mb4_general_ci NOT NULL,
  `users` text CHARACTER SET utf8mb4 COLLATE utf8mb4_general_ci NOT NULL,
  `times` text CHARACTER SET utf8mb4 COLLATE utf8mb4_general_ci NOT NULL,
  PRIMARY KEY (`id`),
  KEY `purchase_notification_id_trans` (`purchase_notification_id`),
  KEY `purchase_notification_translations_locale_index` (`locale`),
  CONSTRAINT `purchase_notification_id_trans` FOREIGN KEY (`purchase_notification_id`) REFERENCES `purchase_notifications` (`id`) ON DELETE CASCADE
) ENGINE=InnoDB AUTO_INCREMENT=2 DEFAULT CHARSET=utf8mb4 COLLATE=utf8mb4_general_ci;

CREATE TABLE `purchase_notifications` (
  `id` int unsigned NOT NULL AUTO_INCREMENT,
  `start_at` bigint DEFAULT NULL,
  `end_at` bigint DEFAULT NULL,
  `popup_duration` int unsigned DEFAULT NULL,
  `popup_delay` int unsigned DEFAULT NULL,
  `maximum_purchase_amount` int unsigned DEFAULT NULL,
  `maximum_community_age` int unsigned DEFAULT NULL,
  `display_type` enum('overall','per_session') CHARACTER SET utf8mb4 COLLATE utf8mb4_general_ci NOT NULL,
  `display_time` int unsigned DEFAULT NULL,
  `display_for_logged_out_users` tinyint(1) NOT NULL DEFAULT '0',
  `enable` tinyint(1) NOT NULL DEFAULT '0',
  `created_at` bigint NOT NULL,
  PRIMARY KEY (`id`)
) ENGINE=InnoDB AUTO_INCREMENT=2 DEFAULT CHARSET=utf8mb4 COLLATE=utf8mb4_general_ci;

CREATE TABLE `purchases` (
  `id` int unsigned NOT NULL AUTO_INCREMENT,
  `webinar_id` int unsigned NOT NULL,
  `user_id` int unsigned NOT NULL,
  `created_at` int NOT NULL,
  PRIMARY KEY (`id`) USING BTREE,
  KEY `purchases_webinar_id_foreign` (`webinar_id`) USING BTREE,
  KEY `purchases_user_id_foreign` (`user_id`) USING BTREE,
  CONSTRAINT `purchases_user_id_foreign` FOREIGN KEY (`user_id`) REFERENCES `users` (`id`) ON DELETE CASCADE,
  CONSTRAINT `purchases_webinar_id_foreign` FOREIGN KEY (`webinar_id`) REFERENCES `webinars` (`id`) ON DELETE CASCADE
) ENGINE=InnoDB DEFAULT CHARSET=utf8mb4 COLLATE=utf8mb4_unicode_ci ROW_FORMAT=DYNAMIC;

CREATE TABLE `quiz_question_translations` (
  `id` bigint unsigned NOT NULL AUTO_INCREMENT,
  `quizzes_question_id` int unsigned NOT NULL,
  `locale` varchar(255) CHARACTER SET utf8mb4 COLLATE utf8mb4_unicode_ci NOT NULL,
  `title` text CHARACTER SET utf8mb4 COLLATE utf8mb4_unicode_ci NOT NULL,
  `correct` text CHARACTER SET utf8mb4 COLLATE utf8mb4_unicode_ci,
  PRIMARY KEY (`id`),
  KEY `quiz_question_translations_quiz_question_id_foreign` (`quizzes_question_id`),
  KEY `quiz_question_translations_locale_index` (`locale`),
  CONSTRAINT `quiz_question_translations_quiz_question_id_foreign` FOREIGN KEY (`quizzes_question_id`) REFERENCES `quizzes_questions` (`id`) ON DELETE CASCADE
) ENGINE=InnoDB AUTO_INCREMENT=60 DEFAULT CHARSET=utf8mb4 COLLATE=utf8mb4_unicode_ci;

CREATE TABLE `quiz_translations` (
  `id` bigint unsigned NOT NULL AUTO_INCREMENT,
  `quiz_id` int unsigned NOT NULL,
  `locale` varchar(255) CHARACTER SET utf8mb4 COLLATE utf8mb4_unicode_ci NOT NULL,
  `title` text CHARACTER SET utf8mb4 COLLATE utf8mb4_unicode_ci NOT NULL,
  PRIMARY KEY (`id`),
  KEY `quiz_translations_quiz_id_foreign` (`quiz_id`),
  KEY `quiz_translations_locale_index` (`locale`),
  CONSTRAINT `quiz_translations_quiz_id_foreign` FOREIGN KEY (`quiz_id`) REFERENCES `quizzes` (`id`) ON DELETE CASCADE
) ENGINE=InnoDB AUTO_INCREMENT=28 DEFAULT CHARSET=utf8mb4 COLLATE=utf8mb4_unicode_ci;

CREATE TABLE `quizzes` (
  `id` int unsigned NOT NULL AUTO_INCREMENT,
  `webinar_id` int unsigned DEFAULT NULL,
  `creator_id` int unsigned NOT NULL,
  `chapter_id` int unsigned DEFAULT NULL,
  `time` int DEFAULT '0',
  `attempt` int DEFAULT NULL,
  `pass_mark` int NOT NULL,
  `certificate` tinyint(1) NOT NULL,
  `status` enum('active','inactive') CHARACTER SET utf8mb4 COLLATE utf8mb4_unicode_ci NOT NULL,
  `total_mark` int unsigned DEFAULT NULL,
  `display_limited_questions` tinyint(1) NOT NULL DEFAULT '0',
  `display_number_of_questions` int unsigned DEFAULT NULL,
  `display_questions_randomly` tinyint(1) NOT NULL DEFAULT '0',
  `expiry_days` int unsigned DEFAULT NULL,
  `created_at` int NOT NULL,
  `updated_at` int DEFAULT NULL,
  PRIMARY KEY (`id`) USING BTREE,
  KEY `quizzes_webinar_id_foreign` (`webinar_id`) USING BTREE,
  KEY `quizzes_creator_id_foreign` (`creator_id`) USING BTREE,
  KEY `quizzes_chapter_id_foreign` (`chapter_id`),
  CONSTRAINT `quizzes_chapter_id_foreign` FOREIGN KEY (`chapter_id`) REFERENCES `webinar_chapters` (`id`) ON DELETE CASCADE,
  CONSTRAINT `quizzes_creator_id_foreign` FOREIGN KEY (`creator_id`) REFERENCES `users` (`id`) ON DELETE CASCADE,
  CONSTRAINT `quizzes_webinar_id_foreign` FOREIGN KEY (`webinar_id`) REFERENCES `webinars` (`id`) ON DELETE CASCADE
) ENGINE=InnoDB AUTO_INCREMENT=51 DEFAULT CHARSET=utf8mb4 COLLATE=utf8mb4_unicode_ci ROW_FORMAT=DYNAMIC;

CREATE TABLE `quizzes_questions` (
  `id` int unsigned NOT NULL AUTO_INCREMENT,
  `quiz_id` int unsigned NOT NULL,
  `creator_id` int unsigned NOT NULL,
  `grade` varchar(255) CHARACTER SET utf8mb4 COLLATE utf8mb4_unicode_ci NOT NULL,
  `type` enum('multiple','descriptive') CHARACTER SET utf8mb4 COLLATE utf8mb4_unicode_ci NOT NULL,
  `image` text CHARACTER SET utf8mb4 COLLATE utf8mb4_unicode_ci,
  `video` text CHARACTER SET utf8mb4 COLLATE utf8mb4_unicode_ci,
  `order` int unsigned DEFAULT NULL,
  `created_at` int NOT NULL,
  `updated_at` int DEFAULT NULL,
  PRIMARY KEY (`id`) USING BTREE,
  KEY `quizzes_questions_quiz_id_foreign` (`quiz_id`) USING BTREE,
  KEY `quizzes_questions_creator_id_foreign` (`creator_id`) USING BTREE,
  CONSTRAINT `quizzes_questions_creator_id_foreign` FOREIGN KEY (`creator_id`) REFERENCES `users` (`id`) ON DELETE CASCADE,
  CONSTRAINT `quizzes_questions_quiz_id_foreign` FOREIGN KEY (`quiz_id`) REFERENCES `quizzes` (`id`) ON DELETE CASCADE
) ENGINE=InnoDB AUTO_INCREMENT=81 DEFAULT CHARSET=utf8mb4 COLLATE=utf8mb4_unicode_ci ROW_FORMAT=DYNAMIC;

CREATE TABLE `quizzes_questions_answer_translations` (
  `id` bigint unsigned NOT NULL AUTO_INCREMENT,
  `quizzes_questions_answer_id` int unsigned NOT NULL,
  `locale` varchar(255) CHARACTER SET utf8mb4 COLLATE utf8mb4_unicode_ci NOT NULL,
  `title` text CHARACTER SET utf8mb4 COLLATE utf8mb4_unicode_ci,
  PRIMARY KEY (`id`),
  KEY `quizzes_questions_answer_id` (`quizzes_questions_answer_id`),
  KEY `quizzes_questions_answer_translations_locale_index` (`locale`),
  CONSTRAINT `quizzes_questions_answer_id` FOREIGN KEY (`quizzes_questions_answer_id`) REFERENCES `quizzes_questions_answers` (`id`) ON DELETE CASCADE
) ENGINE=InnoDB AUTO_INCREMENT=149 DEFAULT CHARSET=utf8mb4 COLLATE=utf8mb4_unicode_ci;

CREATE TABLE `quizzes_questions_answers` (
  `id` int unsigned NOT NULL AUTO_INCREMENT,
  `creator_id` int unsigned NOT NULL,
  `question_id` int unsigned NOT NULL,
  `image` text CHARACTER SET utf8mb4 COLLATE utf8mb4_unicode_ci,
  `correct` tinyint(1) NOT NULL DEFAULT '0',
  `created_at` int NOT NULL,
  `updated_at` int DEFAULT NULL,
  PRIMARY KEY (`id`) USING BTREE,
  KEY `quizzes_questions_answers_question_id_foreign` (`question_id`) USING BTREE,
  KEY `quizzes_questions_answers_creator_id_foreign` (`creator_id`) USING BTREE,
  CONSTRAINT `quizzes_questions_answers_creator_id_foreign` FOREIGN KEY (`creator_id`) REFERENCES `users` (`id`) ON DELETE CASCADE,
  CONSTRAINT `quizzes_questions_answers_question_id_foreign` FOREIGN KEY (`question_id`) REFERENCES `quizzes_questions` (`id`) ON DELETE CASCADE
) ENGINE=InnoDB AUTO_INCREMENT=219 DEFAULT CHARSET=utf8mb4 COLLATE=utf8mb4_unicode_ci ROW_FORMAT=DYNAMIC;

CREATE TABLE `quizzes_results` (
  `id` int unsigned NOT NULL AUTO_INCREMENT,
  `quiz_id` int unsigned NOT NULL,
  `user_id` int unsigned NOT NULL,
  `results` text CHARACTER SET utf8mb4 COLLATE utf8mb4_unicode_ci,
  `user_grade` int DEFAULT NULL,
  `status` enum('passed','failed','waiting') CHARACTER SET utf8mb4 COLLATE utf8mb4_unicode_ci NOT NULL,
  `created_at` int NOT NULL,
  PRIMARY KEY (`id`) USING BTREE,
  KEY `quizzes_results_quiz_id_foreign` (`quiz_id`) USING BTREE,
  KEY `quizzes_results_user_id_foreign` (`user_id`) USING BTREE,
  CONSTRAINT `quizzes_results_quiz_id_foreign` FOREIGN KEY (`quiz_id`) REFERENCES `quizzes` (`id`) ON DELETE CASCADE,
  CONSTRAINT `quizzes_results_user_id_foreign` FOREIGN KEY (`user_id`) REFERENCES `users` (`id`) ON DELETE CASCADE
) ENGINE=InnoDB AUTO_INCREMENT=63 DEFAULT CHARSET=utf8mb4 COLLATE=utf8mb4_unicode_ci ROW_FORMAT=DYNAMIC;

CREATE TABLE `rating` (
  `id` int unsigned NOT NULL AUTO_INCREMENT,
  `webinar_id` int unsigned NOT NULL,
  `user_id` int unsigned NOT NULL,
  `creator_id` int unsigned NOT NULL,
  `rate` int unsigned NOT NULL,
  PRIMARY KEY (`id`) USING BTREE,
  KEY `rating_user_id_foreign` (`user_id`) USING BTREE,
  KEY `rating_webinar_id_foreign` (`webinar_id`) USING BTREE,
  KEY `rating_creator_id_foreign` (`creator_id`) USING BTREE,
  CONSTRAINT `rating_creator_id_foreign` FOREIGN KEY (`creator_id`) REFERENCES `users` (`id`) ON DELETE CASCADE,
  CONSTRAINT `rating_user_id_foreign` FOREIGN KEY (`user_id`) REFERENCES `users` (`id`) ON DELETE CASCADE,
  CONSTRAINT `rating_webinar_id_foreign` FOREIGN KEY (`webinar_id`) REFERENCES `webinars` (`id`) ON DELETE CASCADE
) ENGINE=InnoDB DEFAULT CHARSET=utf8mb4 COLLATE=utf8mb4_unicode_ci ROW_FORMAT=DYNAMIC;

CREATE TABLE `regions` (
  `id` int unsigned NOT NULL AUTO_INCREMENT,
  `country_id` int unsigned DEFAULT NULL,
  `province_id` int unsigned DEFAULT NULL,
  `city_id` int unsigned DEFAULT NULL,
  `geo_center` point DEFAULT NULL,
  `type` enum('country','province','city','district') CHARACTER SET utf8mb4 COLLATE utf8mb4_unicode_ci NOT NULL,
  `title` varchar(255) CHARACTER SET utf8mb4 COLLATE utf8mb4_unicode_ci NOT NULL,
  `created_at` int unsigned NOT NULL,
  PRIMARY KEY (`id`),
  KEY `regions_country_id_foreign` (`country_id`),
  KEY `regions_province_id_foreign` (`province_id`),
  KEY `regions_city_id_foreign` (`city_id`),
  CONSTRAINT `regions_city_id_foreign` FOREIGN KEY (`city_id`) REFERENCES `regions` (`id`) ON DELETE CASCADE,
  CONSTRAINT `regions_country_id_foreign` FOREIGN KEY (`country_id`) REFERENCES `regions` (`id`) ON DELETE CASCADE,
  CONSTRAINT `regions_province_id_foreign` FOREIGN KEY (`province_id`) REFERENCES `regions` (`id`) ON DELETE CASCADE
) ENGINE=InnoDB AUTO_INCREMENT=73 DEFAULT CHARSET=utf8mb4 COLLATE=utf8mb4_unicode_ci;

CREATE TABLE `registration_packages` (
  `id` int unsigned NOT NULL AUTO_INCREMENT,
  `days` int unsigned NOT NULL,
  `price` double(15,2) unsigned NOT NULL,
  `icon` varchar(255) CHARACTER SET utf8mb4 COLLATE utf8mb4_unicode_ci NOT NULL,
  `role` enum('instructors','organizations') CHARACTER SET utf8mb4 COLLATE utf8mb4_unicode_ci NOT NULL,
  `instructors_count` int DEFAULT NULL,
  `students_count` int DEFAULT NULL,
  `courses_capacity` int DEFAULT NULL,
  `courses_count` int DEFAULT NULL,
  `meeting_count` int DEFAULT NULL,
  `product_count` int unsigned DEFAULT NULL,
  `ai_content_access` tinyint(1) NOT NULL DEFAULT '0',
  `status` enum('disabled','active') CHARACTER SET utf8mb4 COLLATE utf8mb4_unicode_ci NOT NULL,
  `created_at` int unsigned NOT NULL,
  PRIMARY KEY (`id`),
  KEY `registration_packages_role_index` (`role`)
) ENGINE=InnoDB AUTO_INCREMENT=10 DEFAULT CHARSET=utf8mb4 COLLATE=utf8mb4_unicode_ci;

CREATE TABLE `registration_packages_translations` (
  `id` bigint unsigned NOT NULL AUTO_INCREMENT,
  `registration_package_id` int unsigned NOT NULL,
  `locale` varchar(255) CHARACTER SET utf8mb4 COLLATE utf8mb4_unicode_ci NOT NULL,
  `title` varchar(255) CHARACTER SET utf8mb4 COLLATE utf8mb4_unicode_ci NOT NULL,
  `description` varchar(255) CHARACTER SET utf8mb4 COLLATE utf8mb4_unicode_ci DEFAULT NULL,
  PRIMARY KEY (`id`),
  KEY `registration_package` (`registration_package_id`),
  KEY `registration_packages_translations_locale_index` (`locale`),
  CONSTRAINT `registration_package` FOREIGN KEY (`registration_package_id`) REFERENCES `registration_packages` (`id`) ON DELETE CASCADE
) ENGINE=InnoDB AUTO_INCREMENT=11 DEFAULT CHARSET=utf8mb4 COLLATE=utf8mb4_unicode_ci;

CREATE TABLE `related_courses` (
  `id` int unsigned NOT NULL AUTO_INCREMENT,
  `creator_id` int unsigned DEFAULT NULL,
  `targetable_id` int unsigned NOT NULL,
  `targetable_type` varchar(255) CHARACTER SET utf8mb4 COLLATE utf8mb4_general_ci NOT NULL,
  `course_id` int unsigned NOT NULL,
  `order` int unsigned DEFAULT NULL,
  PRIMARY KEY (`id`),
  KEY `related_courses_creator_id_foreign` (`creator_id`),
  KEY `related_courses_course_id_foreign` (`course_id`),
  CONSTRAINT `related_courses_course_id_foreign` FOREIGN KEY (`course_id`) REFERENCES `webinars` (`id`) ON DELETE CASCADE,
  CONSTRAINT `related_courses_creator_id_foreign` FOREIGN KEY (`creator_id`) REFERENCES `users` (`id`) ON DELETE CASCADE
) ENGINE=InnoDB AUTO_INCREMENT=6 DEFAULT CHARSET=utf8mb4 COLLATE=utf8mb4_general_ci;

CREATE TABLE `reserve_meetings` (
  `id` int unsigned NOT NULL AUTO_INCREMENT,
  `meeting_id` int DEFAULT NULL,
  `sale_id` int unsigned DEFAULT NULL,
  `meeting_time_id` int unsigned NOT NULL,
  `day` varchar(10) CHARACTER SET utf8mb4 COLLATE utf8mb4_unicode_ci NOT NULL,
  `date` int unsigned NOT NULL,
  `start_at` bigint unsigned NOT NULL,
  `end_at` bigint unsigned NOT NULL,
  `user_id` int unsigned NOT NULL,
  `paid_amount` decimal(13,2) NOT NULL,
  `meeting_type` enum('in_person','online') CHARACTER SET utf8mb4 COLLATE utf8mb4_unicode_ci NOT NULL DEFAULT 'online',
  `student_count` int DEFAULT NULL,
  `discount` int DEFAULT NULL,
  `link` varchar(255) CHARACTER SET utf8mb4 COLLATE utf8mb4_unicode_ci DEFAULT NULL,
  `password` varchar(64) CHARACTER SET utf8mb4 COLLATE utf8mb4_unicode_ci DEFAULT NULL,
  `description` text CHARACTER SET utf8mb4 COLLATE utf8mb4_unicode_ci,
  `status` enum('pending','open','finished','canceled') CHARACTER SET utf8mb4 COLLATE utf8mb4_unicode_ci NOT NULL,
  `created_at` int NOT NULL,
  `locked_at` int DEFAULT NULL,
  `reserved_at` int DEFAULT NULL,
  PRIMARY KEY (`id`) USING BTREE,
  KEY `reserve_meetings_meeting_time_id_foreign` (`meeting_time_id`) USING BTREE,
  KEY `reserve_meetings_user_id_foreign` (`user_id`) USING BTREE,
  KEY `reserve_meetings_sale_id_foreign` (`sale_id`),
  CONSTRAINT `reserve_meetings_meeting_time_id_foreign` FOREIGN KEY (`meeting_time_id`) REFERENCES `meeting_times` (`id`) ON DELETE CASCADE,
  CONSTRAINT `reserve_meetings_sale_id_foreign` FOREIGN KEY (`sale_id`) REFERENCES `sales` (`id`) ON DELETE CASCADE,
  CONSTRAINT `reserve_meetings_user_id_foreign` FOREIGN KEY (`user_id`) REFERENCES `users` (`id`) ON DELETE CASCADE
) ENGINE=InnoDB AUTO_INCREMENT=74 DEFAULT CHARSET=utf8mb4 COLLATE=utf8mb4_unicode_ci ROW_FORMAT=DYNAMIC;

CREATE TABLE `rewards` (
  `id` int unsigned NOT NULL AUTO_INCREMENT,
  `type` enum('account_charge','create_classes','buy','pass_the_quiz','certificate','comment','register','review_courses','instructor_meeting_reserve','student_meeting_reserve','newsletters','badge','referral','learning_progress_100','charge_wallet','buy_store_product','pass_assignment','send_post_in_topic','make_topic','create_blog_by_instructor','comment_for_instructor_blog') CHARACTER SET utf8mb4 COLLATE utf8mb4_unicode_ci NOT NULL,
  `score` int unsigned DEFAULT NULL,
  `condition` varchar(255) CHARACTER SET utf8mb4 COLLATE utf8mb4_unicode_ci DEFAULT NULL,
  `status` enum('active','disabled') CHARACTER SET utf8mb4 COLLATE utf8mb4_unicode_ci NOT NULL,
  `created_at` bigint unsigned NOT NULL,
  PRIMARY KEY (`id`)
) ENGINE=InnoDB AUTO_INCREMENT=26 DEFAULT CHARSET=utf8mb4 COLLATE=utf8mb4_unicode_ci;

CREATE TABLE `rewards_accounting` (
  `id` int unsigned NOT NULL AUTO_INCREMENT,
  `user_id` int unsigned NOT NULL,
  `item_id` int unsigned DEFAULT NULL,
  `type` enum('account_charge','create_classes','buy','pass_the_quiz','certificate','comment','register','review_courses','instructor_meeting_reserve','student_meeting_reserve','newsletters','badge','referral','learning_progress_100','charge_wallet','withdraw','buy_store_product','pass_assignment','send_post_in_topic','make_topic','create_blog_by_instructor','comment_for_instructor_blog') CHARACTER SET utf8mb4 COLLATE utf8mb4_unicode_ci NOT NULL,
  `score` int unsigned NOT NULL,
  `status` enum('addiction','deduction') CHARACTER SET utf8mb4 COLLATE utf8mb4_unicode_ci NOT NULL,
  `created_at` bigint unsigned NOT NULL,
  PRIMARY KEY (`id`),
  KEY `rewards_accounting_user_id_foreign` (`user_id`),
  CONSTRAINT `rewards_accounting_user_id_foreign` FOREIGN KEY (`user_id`) REFERENCES `users` (`id`) ON DELETE CASCADE
) ENGINE=InnoDB AUTO_INCREMENT=220 DEFAULT CHARSET=utf8mb4 COLLATE=utf8mb4_unicode_ci;

CREATE TABLE `roles` (
  `id` int unsigned NOT NULL AUTO_INCREMENT,
  `name` varchar(64) CHARACTER SET utf8mb4 COLLATE utf8mb4_unicode_ci NOT NULL,
  `caption` varchar(64) CHARACTER SET utf8mb4 COLLATE utf8mb4_unicode_ci NOT NULL,
  `users_count` int unsigned NOT NULL DEFAULT '0',
  `is_admin` tinyint(1) NOT NULL DEFAULT '0',
  `created_at` int unsigned NOT NULL,
  PRIMARY KEY (`id`) USING BTREE
) ENGINE=InnoDB AUTO_INCREMENT=12 DEFAULT CHARSET=utf8mb4 COLLATE=utf8mb4_unicode_ci ROW_FORMAT=DYNAMIC;

CREATE TABLE `sales` (
  `id` int unsigned NOT NULL AUTO_INCREMENT,
  `seller_id` int unsigned DEFAULT NULL,
  `buyer_id` int unsigned NOT NULL,
  `order_id` int unsigned DEFAULT NULL,
  `webinar_id` int unsigned DEFAULT NULL,
  `bundle_id` int unsigned DEFAULT NULL,
  `meeting_id` int unsigned DEFAULT NULL,
  `meeting_time_id` int unsigned DEFAULT NULL,
  `subscribe_id` int unsigned DEFAULT NULL,
  `ticket_id` int unsigned DEFAULT NULL,
  `promotion_id` int unsigned DEFAULT NULL,
  `product_order_id` int unsigned DEFAULT NULL,
  `registration_package_id` int unsigned DEFAULT NULL,
  `installment_payment_id` int unsigned DEFAULT NULL,
  `gift_id` int unsigned DEFAULT NULL,
  `payment_method` enum('credit','payment_channel','subscribe') CHARACTER SET utf8mb4 COLLATE utf8mb4_unicode_ci DEFAULT NULL,
  `type` enum('webinar','meeting','subscribe','promotion','registration_package','product','bundle','installment_payment','gift') CHARACTER SET utf8mb4 COLLATE utf8mb4_unicode_ci NOT NULL,
  `amount` decimal(13,2) unsigned NOT NULL,
  `tax` decimal(13,2) unsigned DEFAULT NULL,
  `commission` decimal(13,2) unsigned DEFAULT NULL,
  `discount` decimal(13,2) unsigned DEFAULT NULL,
  `total_amount` decimal(13,2) unsigned DEFAULT NULL,
  `product_delivery_fee` decimal(13,2) unsigned DEFAULT NULL,
  `manual_added` tinyint(1) NOT NULL DEFAULT '0',
  `access_to_purchased_item` tinyint(1) NOT NULL DEFAULT '1',
  `created_at` int unsigned NOT NULL,
  `refund_at` int unsigned DEFAULT NULL,
  PRIMARY KEY (`id`) USING BTREE,
  KEY `sales_order_id_foreign` (`order_id`) USING BTREE,
  KEY `sales_webinar_id_foreign` (`webinar_id`) USING BTREE,
  KEY `sales_meeting_id_foreign` (`meeting_id`) USING BTREE,
  KEY `sales_ticket_id_foreign` (`ticket_id`) USING BTREE,
  KEY `sales_buyer_id_foreign` (`buyer_id`) USING BTREE,
  KEY `sales_seller_id_foreign` (`seller_id`) USING BTREE,
  KEY `sales_promotion_id_foreign` (`promotion_id`) USING BTREE,
  KEY `sales_installment_payment_id_foreign` (`installment_payment_id`),
  CONSTRAINT `sales_installment_payment_id_foreign` FOREIGN KEY (`installment_payment_id`) REFERENCES `installment_order_payments` (`id`) ON DELETE CASCADE
) ENGINE=InnoDB AUTO_INCREMENT=291 DEFAULT CHARSET=utf8mb4 COLLATE=utf8mb4_unicode_ci ROW_FORMAT=DYNAMIC;

CREATE TABLE `sales_log` (
  `id` int unsigned NOT NULL AUTO_INCREMENT,
  `sale_id` int unsigned NOT NULL,
  `viewed_at` int unsigned NOT NULL,
  PRIMARY KEY (`id`),
  KEY `sales_status_sale_id_foreign` (`sale_id`),
  CONSTRAINT `sales_status_sale_id_foreign` FOREIGN KEY (`sale_id`) REFERENCES `sales` (`id`) ON DELETE CASCADE
) ENGINE=InnoDB AUTO_INCREMENT=149 DEFAULT CHARSET=utf8mb4 COLLATE=utf8mb4_unicode_ci;

CREATE TABLE `sections` (
  `id` int unsigned NOT NULL AUTO_INCREMENT,
  `name` varchar(64) CHARACTER SET utf8mb4 COLLATE utf8mb4_unicode_ci NOT NULL,
  `section_group_id` int unsigned DEFAULT NULL,
  `caption` varchar(128) CHARACTER SET utf8mb4 COLLATE utf8mb4_unicode_ci NOT NULL,
  `type` enum('admin','panel') CHARACTER SET utf8mb4 COLLATE utf8mb4_unicode_ci NOT NULL DEFAULT 'admin',
  PRIMARY KEY (`id`) USING BTREE
) ENGINE=InnoDB AUTO_INCREMENT=100318 DEFAULT CHARSET=utf8mb4 COLLATE=utf8mb4_unicode_ci;

CREATE TABLE `selected_installment_steps` (
  `id` int unsigned NOT NULL AUTO_INCREMENT,
  `selected_installment_id` int unsigned NOT NULL,
  `installment_step_id` int unsigned NOT NULL,
  `deadline` int unsigned DEFAULT NULL,
  `amount` double(15,2) DEFAULT NULL,
  `amount_type` enum('fixed_amount','percent') CHARACTER SET utf8mb4 COLLATE utf8mb4_unicode_ci DEFAULT NULL,
  PRIMARY KEY (`id`),
  KEY `selected_installment_steps_selected_installment_id_foreign` (`selected_installment_id`),
  KEY `selected_installment_steps_installment_step_id_foreign` (`installment_step_id`),
  CONSTRAINT `selected_installment_steps_installment_step_id_foreign` FOREIGN KEY (`installment_step_id`) REFERENCES `installment_steps` (`id`) ON DELETE CASCADE,
  CONSTRAINT `selected_installment_steps_selected_installment_id_foreign` FOREIGN KEY (`selected_installment_id`) REFERENCES `selected_installments` (`id`) ON DELETE CASCADE
) ENGINE=InnoDB AUTO_INCREMENT=7 DEFAULT CHARSET=utf8mb4 COLLATE=utf8mb4_unicode_ci;

CREATE TABLE `selected_installments` (
  `id` int unsigned NOT NULL AUTO_INCREMENT,
  `user_id` int unsigned NOT NULL,
  `installment_id` int unsigned NOT NULL,
  `installment_order_id` int unsigned NOT NULL,
  `start_date` bigint unsigned DEFAULT NULL,
  `end_date` bigint unsigned DEFAULT NULL,
  `upfront` double(15,2) DEFAULT NULL,
  `upfront_type` enum('fixed_amount','percent') CHARACTER SET utf8mb4 COLLATE utf8mb4_unicode_ci DEFAULT NULL,
  `created_at` bigint unsigned NOT NULL,
  PRIMARY KEY (`id`),
  KEY `selected_installments_user_id_foreign` (`user_id`),
  KEY `selected_installments_installment_id_foreign` (`installment_id`),
  KEY `selected_installments_installment_order_id_foreign` (`installment_order_id`),
  CONSTRAINT `selected_installments_installment_id_foreign` FOREIGN KEY (`installment_id`) REFERENCES `installments` (`id`) ON DELETE CASCADE,
  CONSTRAINT `selected_installments_installment_order_id_foreign` FOREIGN KEY (`installment_order_id`) REFERENCES `installment_orders` (`id`) ON DELETE CASCADE,
  CONSTRAINT `selected_installments_user_id_foreign` FOREIGN KEY (`user_id`) REFERENCES `users` (`id`) ON DELETE CASCADE
) ENGINE=InnoDB AUTO_INCREMENT=3 DEFAULT CHARSET=utf8mb4 COLLATE=utf8mb4_unicode_ci;

CREATE TABLE `session_reminds` (
  `id` int unsigned NOT NULL AUTO_INCREMENT,
  `session_id` int unsigned NOT NULL,
  `user_id` int unsigned NOT NULL,
  `created_at` int NOT NULL,
  PRIMARY KEY (`id`),
  KEY `session_reminds_session_id_foreign` (`session_id`),
  KEY `session_reminds_user_id_foreign` (`user_id`),
  CONSTRAINT `session_reminds_session_id_foreign` FOREIGN KEY (`session_id`) REFERENCES `sessions` (`id`) ON DELETE CASCADE,
  CONSTRAINT `session_reminds_user_id_foreign` FOREIGN KEY (`user_id`) REFERENCES `users` (`id`) ON DELETE CASCADE
) ENGINE=InnoDB AUTO_INCREMENT=5 DEFAULT CHARSET=utf8mb4 COLLATE=utf8mb4_unicode_ci;

CREATE TABLE `session_translations` (
  `id` bigint unsigned NOT NULL AUTO_INCREMENT,
  `session_id` int unsigned NOT NULL,
  `locale` varchar(255) CHARACTER SET utf8mb4 COLLATE utf8mb4_unicode_ci NOT NULL,
  `title` varchar(255) CHARACTER SET utf8mb4 COLLATE utf8mb4_unicode_ci NOT NULL,
  `description` text CHARACTER SET utf8mb4 COLLATE utf8mb4_unicode_ci,
  PRIMARY KEY (`id`),
  KEY `session_translations_session_id_foreign` (`session_id`),
  KEY `session_translations_locale_index` (`locale`),
  CONSTRAINT `session_translations_session_id_foreign` FOREIGN KEY (`session_id`) REFERENCES `sessions` (`id`) ON DELETE CASCADE
) ENGINE=InnoDB AUTO_INCREMENT=61 DEFAULT CHARSET=utf8mb4 COLLATE=utf8mb4_unicode_ci;

CREATE TABLE `sessions` (
  `id` int unsigned NOT NULL AUTO_INCREMENT,
  `creator_id` int unsigned NOT NULL,
  `webinar_id` int unsigned DEFAULT NULL,
  `chapter_id` int unsigned DEFAULT NULL,
  `reserve_meeting_id` int unsigned DEFAULT NULL,
  `date` int NOT NULL,
  `duration` int NOT NULL,
  `link` varchar(255) CHARACTER SET utf8mb4 COLLATE utf8mb4_unicode_ci DEFAULT NULL,
  `extra_time_to_join` int unsigned DEFAULT NULL COMMENT 'Specifies that the user can see the join button up to a few minutes after the start time of the webinar.',
  `zoom_start_link` text CHARACTER SET utf8mb4 COLLATE utf8mb4_unicode_ci,
  `zoom_id` varchar(255) CHARACTER SET utf8mb4 COLLATE utf8mb4_unicode_ci DEFAULT NULL,
  `session_api` enum('local','big_blue_button','zoom','agora','jitsi','google_meet') CHARACTER SET utf8mb4 COLLATE utf8mb4_unicode_ci NOT NULL DEFAULT 'local',
  `api_secret` varchar(255) CHARACTER SET utf8mb4 COLLATE utf8mb4_unicode_ci DEFAULT NULL,
  `moderator_secret` varchar(255) CHARACTER SET utf8mb4 COLLATE utf8mb4_unicode_ci DEFAULT NULL,
  `agora_settings` text CHARACTER SET utf8mb4 COLLATE utf8mb4_unicode_ci,
  `check_previous_parts` tinyint(1) NOT NULL DEFAULT '0',
  `access_after_day` int unsigned DEFAULT NULL,
  `order` int unsigned DEFAULT NULL,
  `status` enum('active','inactive') CHARACTER SET utf8mb4 COLLATE utf8mb4_unicode_ci NOT NULL DEFAULT 'active',
  `created_at` int NOT NULL,
  `updated_at` int DEFAULT NULL,
  `deleted_at` int DEFAULT NULL,
  PRIMARY KEY (`id`) USING BTREE,
  KEY `sessions_webinar_id_foreign` (`webinar_id`) USING BTREE,
  KEY `sessions_creator_id_foreign` (`creator_id`) USING BTREE,
  KEY `sessions_chapter_id_foreign` (`chapter_id`),
  KEY `sessions_reserve_meeting_id_foreign` (`reserve_meeting_id`),
  CONSTRAINT `sessions_chapter_id_foreign` FOREIGN KEY (`chapter_id`) REFERENCES `webinar_chapters` (`id`) ON DELETE CASCADE,
  CONSTRAINT `sessions_creator_id_foreign` FOREIGN KEY (`creator_id`) REFERENCES `users` (`id`) ON DELETE CASCADE,
  CONSTRAINT `sessions_reserve_meeting_id_foreign` FOREIGN KEY (`reserve_meeting_id`) REFERENCES `reserve_meetings` (`id`) ON DELETE CASCADE,
  CONSTRAINT `sessions_webinar_id_foreign` FOREIGN KEY (`webinar_id`) REFERENCES `webinars` (`id`) ON DELETE CASCADE
) ENGINE=InnoDB AUTO_INCREMENT=106 DEFAULT CHARSET=utf8mb4 COLLATE=utf8mb4_unicode_ci ROW_FORMAT=DYNAMIC;

CREATE TABLE `setting_translations` (
  `id` bigint unsigned NOT NULL AUTO_INCREMENT,
  `setting_id` int unsigned NOT NULL,
  `locale` varchar(255) CHARACTER SET utf8mb4 COLLATE utf8mb4_unicode_ci NOT NULL,
  `value` longtext CHARACTER SET utf8mb4 COLLATE utf8mb4_unicode_ci NOT NULL,
  PRIMARY KEY (`id`),
  KEY `setting_translations_setting_id_foreign` (`setting_id`),
  KEY `setting_translations_locale_index` (`locale`),
  CONSTRAINT `setting_translations_setting_id_foreign` FOREIGN KEY (`setting_id`) REFERENCES `settings` (`id`) ON DELETE CASCADE
) ENGINE=InnoDB AUTO_INCREMENT=84 DEFAULT CHARSET=utf8mb4 COLLATE=utf8mb4_unicode_ci;

CREATE TABLE `settings` (
  `id` int unsigned NOT NULL AUTO_INCREMENT,
  `page` enum('general','financial','personalization','notifications','seo','customization','other') CHARACTER SET utf8mb4 COLLATE utf8mb4_unicode_ci NOT NULL DEFAULT 'other',
  `name` varchar(255) CHARACTER SET utf8mb4 COLLATE utf8mb4_unicode_ci NOT NULL,
  `updated_at` int DEFAULT NULL,
  PRIMARY KEY (`id`) USING BTREE,
  KEY `name` (`name`) USING BTREE
) ENGINE=InnoDB AUTO_INCREMENT=70 DEFAULT CHARSET=utf8mb4 COLLATE=utf8mb4_unicode_ci;

CREATE TABLE `special_offers` (
  `id` int unsigned NOT NULL AUTO_INCREMENT,
  `creator_id` int unsigned NOT NULL,
  `webinar_id` int unsigned DEFAULT NULL,
  `bundle_id` int unsigned DEFAULT NULL,
  `subscribe_id` int unsigned DEFAULT NULL,
  `registration_package_id` int unsigned DEFAULT NULL,
  `name` varchar(64) CHARACTER SET utf8mb4 COLLATE utf8mb4_unicode_ci DEFAULT NULL,
  `percent` int unsigned NOT NULL,
  `status` enum('active','inactive') CHARACTER SET utf8mb4 COLLATE utf8mb4_unicode_ci NOT NULL,
  `created_at` int unsigned NOT NULL,
  `from_date` int unsigned NOT NULL,
  `to_date` int unsigned NOT NULL,
  PRIMARY KEY (`id`) USING BTREE,
  KEY `special_offers_creator_id_foreign` (`creator_id`) USING BTREE,
  KEY `special_offers_webinar_id_foreign` (`webinar_id`) USING BTREE,
  KEY `special_offers_bundle_id_foreign` (`bundle_id`),
  KEY `special_offers_subscribe_id_foreign` (`subscribe_id`),
  KEY `special_offers_registration_package_id_foreign` (`registration_package_id`),
  CONSTRAINT `special_offers_bundle_id_foreign` FOREIGN KEY (`bundle_id`) REFERENCES `bundles` (`id`) ON DELETE CASCADE,
  CONSTRAINT `special_offers_creator_id_foreign` FOREIGN KEY (`creator_id`) REFERENCES `users` (`id`) ON DELETE CASCADE,
  CONSTRAINT `special_offers_registration_package_id_foreign` FOREIGN KEY (`registration_package_id`) REFERENCES `registration_packages` (`id`) ON DELETE CASCADE,
  CONSTRAINT `special_offers_subscribe_id_foreign` FOREIGN KEY (`subscribe_id`) REFERENCES `subscribes` (`id`) ON DELETE CASCADE,
  CONSTRAINT `special_offers_webinar_id_foreign` FOREIGN KEY (`webinar_id`) REFERENCES `webinars` (`id`) ON DELETE CASCADE
) ENGINE=InnoDB AUTO_INCREMENT=18 DEFAULT CHARSET=utf8mb4 COLLATE=utf8mb4_unicode_ci ROW_FORMAT=DYNAMIC;

CREATE TABLE `subscribe_reminds` (
  `id` int unsigned NOT NULL AUTO_INCREMENT,
  `user_id` int unsigned NOT NULL,
  `subscribe_id` int unsigned NOT NULL,
  `created_at` bigint unsigned NOT NULL,
  PRIMARY KEY (`id`),
  KEY `subscribe_reminds_subscribe_id_foreign` (`subscribe_id`),
  KEY `subscribe_reminds_user_id_foreign` (`user_id`),
  CONSTRAINT `subscribe_reminds_subscribe_id_foreign` FOREIGN KEY (`subscribe_id`) REFERENCES `subscribes` (`id`) ON DELETE CASCADE,
  CONSTRAINT `subscribe_reminds_user_id_foreign` FOREIGN KEY (`user_id`) REFERENCES `users` (`id`) ON DELETE CASCADE
) ENGINE=InnoDB AUTO_INCREMENT=2 DEFAULT CHARSET=utf8mb4 COLLATE=utf8mb4_unicode_ci;

CREATE TABLE `subscribe_translations` (
  `id` bigint unsigned NOT NULL AUTO_INCREMENT,
  `subscribe_id` int unsigned NOT NULL,
  `locale` varchar(255) CHARACTER SET utf8mb4 COLLATE utf8mb4_unicode_ci NOT NULL,
  `title` varchar(255) CHARACTER SET utf8mb4 COLLATE utf8mb4_unicode_ci NOT NULL,
  `description` varchar(255) CHARACTER SET utf8mb4 COLLATE utf8mb4_unicode_ci DEFAULT NULL,
  PRIMARY KEY (`id`),
  KEY `subscribe_translations_subscribe_id_foreign` (`subscribe_id`),
  KEY `subscribe_translations_locale_index` (`locale`),
  CONSTRAINT `subscribe_translations_subscribe_id_foreign` FOREIGN KEY (`subscribe_id`) REFERENCES `subscribes` (`id`) ON DELETE CASCADE
) ENGINE=InnoDB AUTO_INCREMENT=11 DEFAULT CHARSET=utf8mb4 COLLATE=utf8mb4_unicode_ci;

CREATE TABLE `subscribe_uses` (
  `id` int unsigned NOT NULL AUTO_INCREMENT,
  `user_id` int unsigned NOT NULL,
  `subscribe_id` int unsigned NOT NULL,
  `webinar_id` int unsigned DEFAULT NULL,
  `bundle_id` int unsigned DEFAULT NULL,
  `sale_id` int unsigned NOT NULL,
  `installment_order_id` int unsigned DEFAULT NULL,
  PRIMARY KEY (`id`) USING BTREE,
  KEY `subscribe_uses_user_id_foreign` (`user_id`) USING BTREE,
  KEY `subscribe_uses_webinar_id_foreign` (`webinar_id`) USING BTREE,
  KEY `subscribe_uses_subscribe_id_foreign` (`subscribe_id`) USING BTREE,
  KEY `subscribe_uses_sale_id_foreign` (`sale_id`) USING BTREE,
  KEY `subscribe_uses_bundle_id_foreign` (`bundle_id`),
  KEY `subscribe_uses_installment_order_id_foreign` (`installment_order_id`),
  CONSTRAINT `subscribe_uses_bundle_id_foreign` FOREIGN KEY (`bundle_id`) REFERENCES `bundles` (`id`) ON DELETE CASCADE,
  CONSTRAINT `subscribe_uses_installment_order_id_foreign` FOREIGN KEY (`installment_order_id`) REFERENCES `installment_orders` (`id`) ON DELETE CASCADE,
  CONSTRAINT `subscribe_uses_sale_id_foreign` FOREIGN KEY (`sale_id`) REFERENCES `sales` (`id`) ON DELETE CASCADE,
  CONSTRAINT `subscribe_uses_subscribe_id_foreign` FOREIGN KEY (`subscribe_id`) REFERENCES `subscribes` (`id`) ON DELETE CASCADE,
  CONSTRAINT `subscribe_uses_user_id_foreign` FOREIGN KEY (`user_id`) REFERENCES `users` (`id`) ON DELETE CASCADE,
  CONSTRAINT `subscribe_uses_webinar_id_foreign` FOREIGN KEY (`webinar_id`) REFERENCES `webinars` (`id`) ON DELETE CASCADE
) ENGINE=InnoDB AUTO_INCREMENT=23 DEFAULT CHARSET=utf8mb4 COLLATE=utf8mb4_unicode_ci ROW_FORMAT=DYNAMIC;

CREATE TABLE `subscribes` (
  `id` int unsigned NOT NULL AUTO_INCREMENT,
  `usable_count` int unsigned NOT NULL,
  `days` int unsigned NOT NULL,
  `price` double(15,2) unsigned NOT NULL,
  `icon` varchar(255) CHARACTER SET utf8mb4 COLLATE utf8mb4_unicode_ci NOT NULL,
  `is_popular` tinyint(1) NOT NULL DEFAULT '0',
  `infinite_use` tinyint(1) NOT NULL DEFAULT '0',
  `created_at` int unsigned NOT NULL,
  PRIMARY KEY (`id`) USING BTREE
) ENGINE=InnoDB AUTO_INCREMENT=8 DEFAULT CHARSET=utf8mb4 COLLATE=utf8mb4_unicode_ci ROW_FORMAT=DYNAMIC;

CREATE TABLE `support_conversations` (
  `id` int unsigned NOT NULL AUTO_INCREMENT,
  `support_id` int unsigned NOT NULL,
  `supporter_id` int unsigned DEFAULT NULL,
  `sender_id` int unsigned DEFAULT NULL,
  `attach` varchar(255) CHARACTER SET utf8mb4 COLLATE utf8mb4_unicode_ci DEFAULT NULL,
  `message` text CHARACTER SET utf8mb4 COLLATE utf8mb4_unicode_ci NOT NULL,
  `created_at` int unsigned NOT NULL,
  PRIMARY KEY (`id`) USING BTREE,
  KEY `support_conversations_support_id_foreign` (`support_id`) USING BTREE,
  KEY `support_conversations_sender_id_foreign` (`sender_id`) USING BTREE,
  KEY `support_conversations_supporter_id_foreign` (`supporter_id`) USING BTREE,
  CONSTRAINT `support_conversations_sender_id_foreign` FOREIGN KEY (`sender_id`) REFERENCES `users` (`id`) ON DELETE CASCADE,
  CONSTRAINT `support_conversations_support_id_foreign` FOREIGN KEY (`support_id`) REFERENCES `supports` (`id`) ON DELETE CASCADE
) ENGINE=InnoDB AUTO_INCREMENT=66 DEFAULT CHARSET=utf8mb4 COLLATE=utf8mb4_unicode_ci ROW_FORMAT=DYNAMIC;

CREATE TABLE `support_department_translations` (
  `id` bigint unsigned NOT NULL AUTO_INCREMENT,
  `support_department_id` int unsigned NOT NULL,
  `locale` varchar(255) CHARACTER SET utf8mb4 COLLATE utf8mb4_unicode_ci NOT NULL,
  `title` varchar(255) CHARACTER SET utf8mb4 COLLATE utf8mb4_unicode_ci NOT NULL,
  PRIMARY KEY (`id`),
  KEY `support_department_id` (`support_department_id`),
  KEY `support_department_translations_locale_index` (`locale`),
  CONSTRAINT `support_department_id` FOREIGN KEY (`support_department_id`) REFERENCES `support_departments` (`id`) ON DELETE CASCADE
) ENGINE=InnoDB AUTO_INCREMENT=11 DEFAULT CHARSET=utf8mb4 COLLATE=utf8mb4_unicode_ci;

CREATE TABLE `support_departments` (
  `id` int unsigned NOT NULL AUTO_INCREMENT,
  `created_at` int unsigned NOT NULL,
  PRIMARY KEY (`id`) USING BTREE
) ENGINE=InnoDB AUTO_INCREMENT=9 DEFAULT CHARSET=utf8mb4 COLLATE=utf8mb4_unicode_ci ROW_FORMAT=DYNAMIC;

CREATE TABLE `supports` (
  `id` int unsigned NOT NULL AUTO_INCREMENT,
  `user_id` int unsigned NOT NULL,
  `webinar_id` int unsigned DEFAULT NULL,
  `department_id` int unsigned DEFAULT NULL,
  `title` varchar(255) CHARACTER SET utf8mb4 COLLATE utf8mb4_unicode_ci NOT NULL,
  `status` enum('open','close','replied','supporter_replied') CHARACTER SET utf8mb4 COLLATE utf8mb4_unicode_ci NOT NULL DEFAULT 'open',
  `created_at` int unsigned DEFAULT NULL,
  `updated_at` int unsigned DEFAULT NULL,
  PRIMARY KEY (`id`) USING BTREE,
  KEY `supports_user_id_foreign` (`user_id`) USING BTREE,
  KEY `supports_webinar_id_foreign` (`webinar_id`) USING BTREE,
  KEY `supports_department_id_foreign` (`department_id`) USING BTREE,
  CONSTRAINT `supports_department_id_foreign` FOREIGN KEY (`department_id`) REFERENCES `support_departments` (`id`) ON DELETE CASCADE,
  CONSTRAINT `supports_user_id_foreign` FOREIGN KEY (`user_id`) REFERENCES `users` (`id`) ON DELETE CASCADE,
  CONSTRAINT `supports_webinar_id_foreign` FOREIGN KEY (`webinar_id`) REFERENCES `webinars` (`id`) ON DELETE CASCADE
) ENGINE=InnoDB AUTO_INCREMENT=37 DEFAULT CHARSET=utf8mb4 COLLATE=utf8mb4_unicode_ci ROW_FORMAT=DYNAMIC;

CREATE TABLE `tags` (
  `id` int unsigned NOT NULL AUTO_INCREMENT,
  `title` varchar(64) CHARACTER SET utf8mb4 COLLATE utf8mb4_unicode_ci NOT NULL,
  `webinar_id` int unsigned DEFAULT NULL,
  `bundle_id` int unsigned DEFAULT NULL,
  `upcoming_course_id` int unsigned DEFAULT NULL,
  PRIMARY KEY (`id`) USING BTREE,
  KEY `tags_webinar_id_foreign` (`webinar_id`) USING BTREE,
  KEY `tags_bundle_id_foreign` (`bundle_id`),
  KEY `tags_upcoming_course_id_foreign` (`upcoming_course_id`),
  CONSTRAINT `tags_bundle_id_foreign` FOREIGN KEY (`bundle_id`) REFERENCES `bundles` (`id`) ON DELETE CASCADE,
  CONSTRAINT `tags_upcoming_course_id_foreign` FOREIGN KEY (`upcoming_course_id`) REFERENCES `upcoming_courses` (`id`) ON DELETE CASCADE,
  CONSTRAINT `tags_webinar_id_foreign` FOREIGN KEY (`webinar_id`) REFERENCES `webinars` (`id`) ON DELETE CASCADE
) ENGINE=InnoDB AUTO_INCREMENT=6774 DEFAULT CHARSET=utf8mb4 COLLATE=utf8mb4_unicode_ci ROW_FORMAT=DYNAMIC;

CREATE TABLE `testimonial_translations` (
  `id` bigint unsigned NOT NULL AUTO_INCREMENT,
  `testimonial_id` int unsigned NOT NULL,
  `locale` varchar(255) CHARACTER SET utf8mb4 COLLATE utf8mb4_unicode_ci NOT NULL,
  `user_name` varchar(255) CHARACTER SET utf8mb4 COLLATE utf8mb4_unicode_ci NOT NULL,
  `user_bio` varchar(255) CHARACTER SET utf8mb4 COLLATE utf8mb4_unicode_ci NOT NULL,
  `comment` text CHARACTER SET utf8mb4 COLLATE utf8mb4_unicode_ci NOT NULL,
  PRIMARY KEY (`id`),
  KEY `testimonial_translations_testimonial_id_foreign` (`testimonial_id`),
  KEY `testimonial_translations_locale_index` (`locale`),
  CONSTRAINT `testimonial_translations_testimonial_id_foreign` FOREIGN KEY (`testimonial_id`) REFERENCES `testimonials` (`id`) ON DELETE CASCADE
) ENGINE=InnoDB AUTO_INCREMENT=17 DEFAULT CHARSET=utf8mb4 COLLATE=utf8mb4_unicode_ci;

CREATE TABLE `testimonials` (
  `id` int unsigned NOT NULL AUTO_INCREMENT,
  `user_avatar` varchar(255) CHARACTER SET utf8mb4 COLLATE utf8mb4_unicode_ci NOT NULL,
  `rate` varchar(5) CHARACTER SET utf8mb4 COLLATE utf8mb4_unicode_ci NOT NULL DEFAULT '0',
  `status` enum('active','disable') CHARACTER SET utf8mb4 COLLATE utf8mb4_unicode_ci NOT NULL DEFAULT 'disable',
  `created_at` int unsigned NOT NULL,
  PRIMARY KEY (`id`) USING BTREE
) ENGINE=InnoDB AUTO_INCREMENT=8 DEFAULT CHARSET=utf8mb4 COLLATE=utf8mb4_unicode_ci ROW_FORMAT=DYNAMIC;

CREATE TABLE `text_lesson_translations` (
  `id` bigint unsigned NOT NULL AUTO_INCREMENT,
  `text_lesson_id` int unsigned NOT NULL,
  `locale` varchar(255) CHARACTER SET utf8mb4 COLLATE utf8mb4_unicode_ci NOT NULL,
  `title` varchar(255) CHARACTER SET utf8mb4 COLLATE utf8mb4_unicode_ci NOT NULL,
  `summary` text CHARACTER SET utf8mb4 COLLATE utf8mb4_unicode_ci NOT NULL,
  `content` longtext CHARACTER SET utf8mb4 COLLATE utf8mb4_unicode_ci NOT NULL,
  PRIMARY KEY (`id`),
  KEY `text_lesson_id` (`text_lesson_id`),
  KEY `text_lesson_translations_locale_index` (`locale`),
  CONSTRAINT `text_lesson_id` FOREIGN KEY (`text_lesson_id`) REFERENCES `text_lessons` (`id`) ON DELETE CASCADE
) ENGINE=InnoDB AUTO_INCREMENT=13 DEFAULT CHARSET=utf8mb4 COLLATE=utf8mb4_unicode_ci;

CREATE TABLE `text_lessons` (
  `id` int unsigned NOT NULL AUTO_INCREMENT,
  `creator_id` int unsigned NOT NULL,
  `webinar_id` int unsigned NOT NULL,
  `chapter_id` int unsigned DEFAULT NULL,
  `image` varchar(255) CHARACTER SET utf8mb4 COLLATE utf8mb4_unicode_ci DEFAULT NULL,
  `study_time` int unsigned DEFAULT NULL,
  `accessibility` enum('free','paid') CHARACTER SET utf8mb4 COLLATE utf8mb4_unicode_ci NOT NULL DEFAULT 'free',
  `check_previous_parts` tinyint(1) NOT NULL DEFAULT '0',
  `access_after_day` int unsigned DEFAULT NULL,
  `order` int unsigned DEFAULT NULL,
  `status` enum('active','inactive') CHARACTER SET utf8mb4 COLLATE utf8mb4_unicode_ci NOT NULL DEFAULT 'active',
  `created_at` int unsigned NOT NULL,
  `updated_at` int unsigned DEFAULT NULL,
  PRIMARY KEY (`id`) USING BTREE,
  KEY `text_lessons_creator_id_foreign` (`creator_id`) USING BTREE,
  KEY `text_lessons_webinar_id_foreign` (`webinar_id`) USING BTREE,
  KEY `text_lessons_chapter_id_foreign` (`chapter_id`),
  CONSTRAINT `text_lessons_chapter_id_foreign` FOREIGN KEY (`chapter_id`) REFERENCES `webinar_chapters` (`id`) ON DELETE CASCADE,
  CONSTRAINT `text_lessons_creator_id_foreign` FOREIGN KEY (`creator_id`) REFERENCES `users` (`id`) ON DELETE CASCADE,
  CONSTRAINT `text_lessons_webinar_id_foreign` FOREIGN KEY (`webinar_id`) REFERENCES `webinars` (`id`) ON DELETE CASCADE
) ENGINE=InnoDB AUTO_INCREMENT=21 DEFAULT CHARSET=utf8mb4 COLLATE=utf8mb4_unicode_ci ROW_FORMAT=DYNAMIC;

CREATE TABLE `text_lessons_attachments` (
  `id` int unsigned NOT NULL AUTO_INCREMENT,
  `text_lesson_id` int unsigned NOT NULL,
  `file_id` int unsigned NOT NULL,
  `created_at` int unsigned NOT NULL,
  PRIMARY KEY (`id`) USING BTREE,
  KEY `text_lessons_attachments_text_lesson_id_foreign` (`text_lesson_id`) USING BTREE,
  KEY `text_lessons_attachments_file_id_foreign` (`file_id`) USING BTREE,
  CONSTRAINT `text_lessons_attachments_file_id_foreign` FOREIGN KEY (`file_id`) REFERENCES `files` (`id`) ON DELETE CASCADE,
  CONSTRAINT `text_lessons_attachments_text_lesson_id_foreign` FOREIGN KEY (`text_lesson_id`) REFERENCES `text_lessons` (`id`) ON DELETE CASCADE
) ENGINE=InnoDB AUTO_INCREMENT=31 DEFAULT CHARSET=utf8mb4 COLLATE=utf8mb4_unicode_ci ROW_FORMAT=DYNAMIC;

CREATE TABLE `ticket_translations` (
  `id` bigint unsigned NOT NULL AUTO_INCREMENT,
  `ticket_id` int unsigned NOT NULL,
  `locale` varchar(255) CHARACTER SET utf8mb4 COLLATE utf8mb4_unicode_ci NOT NULL,
  `title` varchar(255) CHARACTER SET utf8mb4 COLLATE utf8mb4_unicode_ci NOT NULL,
  PRIMARY KEY (`id`),
  KEY `ticket_translations_ticket_id_foreign` (`ticket_id`),
  KEY `ticket_translations_locale_index` (`locale`),
  CONSTRAINT `ticket_translations_ticket_id_foreign` FOREIGN KEY (`ticket_id`) REFERENCES `tickets` (`id`) ON DELETE CASCADE
) ENGINE=InnoDB AUTO_INCREMENT=35 DEFAULT CHARSET=utf8mb4 COLLATE=utf8mb4_unicode_ci;

CREATE TABLE `ticket_users` (
  `id` int unsigned NOT NULL AUTO_INCREMENT,
  `ticket_id` int unsigned NOT NULL,
  `user_id` int unsigned NOT NULL,
  `created_at` int unsigned NOT NULL,
  PRIMARY KEY (`id`) USING BTREE,
  KEY `ticket_users_ticket_id_foreign` (`ticket_id`) USING BTREE,
  KEY `ticket_users_user_id_foreign` (`user_id`) USING BTREE,
  CONSTRAINT `ticket_users_ticket_id_foreign` FOREIGN KEY (`ticket_id`) REFERENCES `tickets` (`id`) ON DELETE CASCADE,
  CONSTRAINT `ticket_users_user_id_foreign` FOREIGN KEY (`user_id`) REFERENCES `users` (`id`) ON DELETE CASCADE
) ENGINE=InnoDB AUTO_INCREMENT=11 DEFAULT CHARSET=utf8mb4 COLLATE=utf8mb4_unicode_ci ROW_FORMAT=DYNAMIC;

CREATE TABLE `tickets` (
  `id` int unsigned NOT NULL AUTO_INCREMENT,
  `creator_id` int unsigned NOT NULL,
  `webinar_id` int unsigned DEFAULT NULL,
  `bundle_id` int unsigned DEFAULT NULL,
  `start_date` int unsigned DEFAULT NULL,
  `end_date` int unsigned DEFAULT NULL,
  `discount` int NOT NULL,
  `capacity` int DEFAULT NULL,
  `order` int unsigned DEFAULT NULL,
  `created_at` int NOT NULL,
  `updated_at` int DEFAULT NULL,
  `deleted_at` int DEFAULT NULL,
  PRIMARY KEY (`id`) USING BTREE,
  KEY `tickets_webinar_id_foreign` (`webinar_id`) USING BTREE,
  KEY `tickets_creator_id_foreign` (`creator_id`) USING BTREE,
  KEY `tickets_bundle_id_foreign` (`bundle_id`),
  CONSTRAINT `tickets_bundle_id_foreign` FOREIGN KEY (`bundle_id`) REFERENCES `bundles` (`id`) ON DELETE CASCADE,
  CONSTRAINT `tickets_creator_id_foreign` FOREIGN KEY (`creator_id`) REFERENCES `users` (`id`) ON DELETE CASCADE,
  CONSTRAINT `tickets_webinar_id_foreign` FOREIGN KEY (`webinar_id`) REFERENCES `webinars` (`id`) ON DELETE CASCADE
) ENGINE=InnoDB AUTO_INCREMENT=48 DEFAULT CHARSET=utf8mb4 COLLATE=utf8mb4_unicode_ci ROW_FORMAT=DYNAMIC;

CREATE TABLE `trend_categories` (
  `id` int unsigned NOT NULL AUTO_INCREMENT,
  `category_id` int unsigned NOT NULL,
  `icon` varchar(255) CHARACTER SET utf8mb4 COLLATE utf8mb4_unicode_ci NOT NULL,
  `color` varchar(32) CHARACTER SET utf8mb4 COLLATE utf8mb4_unicode_ci NOT NULL,
  `created_at` int unsigned NOT NULL,
  PRIMARY KEY (`id`) USING BTREE,
  KEY `trend_categories_category_id_index` (`category_id`) USING BTREE,
  CONSTRAINT `trend_categories_category_id_foreign` FOREIGN KEY (`category_id`) REFERENCES `categories` (`id`) ON DELETE CASCADE
) ENGINE=InnoDB AUTO_INCREMENT=11 DEFAULT CHARSET=utf8mb4 COLLATE=utf8mb4_unicode_ci ROW_FORMAT=DYNAMIC;

CREATE TABLE `upcoming_course_filter_option` (
  `id` int unsigned NOT NULL AUTO_INCREMENT,
  `upcoming_course_id` int unsigned NOT NULL,
  `filter_option_id` int unsigned NOT NULL,
  PRIMARY KEY (`id`),
  KEY `upcoming_course_filter_option_upcoming_course_id_foreign` (`upcoming_course_id`),
  KEY `upcoming_course_filter_option_filter_option_id_foreign` (`filter_option_id`),
  CONSTRAINT `upcoming_course_filter_option_filter_option_id_foreign` FOREIGN KEY (`filter_option_id`) REFERENCES `filter_options` (`id`) ON DELETE CASCADE,
  CONSTRAINT `upcoming_course_filter_option_upcoming_course_id_foreign` FOREIGN KEY (`upcoming_course_id`) REFERENCES `upcoming_courses` (`id`) ON DELETE CASCADE
) ENGINE=InnoDB AUTO_INCREMENT=58 DEFAULT CHARSET=utf8mb4 COLLATE=utf8mb4_unicode_ci;

CREATE TABLE `upcoming_course_followers` (
  `id` int unsigned NOT NULL AUTO_INCREMENT,
  `upcoming_course_id` int unsigned NOT NULL,
  `user_id` int unsigned NOT NULL,
  `created_at` bigint unsigned NOT NULL,
  PRIMARY KEY (`id`),
  KEY `upcoming_course_followers_upcoming_course_id_foreign` (`upcoming_course_id`),
  KEY `upcoming_course_followers_user_id_foreign` (`user_id`),
  CONSTRAINT `upcoming_course_followers_upcoming_course_id_foreign` FOREIGN KEY (`upcoming_course_id`) REFERENCES `upcoming_courses` (`id`) ON DELETE CASCADE,
  CONSTRAINT `upcoming_course_followers_user_id_foreign` FOREIGN KEY (`user_id`) REFERENCES `users` (`id`) ON DELETE CASCADE
) ENGINE=InnoDB AUTO_INCREMENT=19 DEFAULT CHARSET=utf8mb4 COLLATE=utf8mb4_unicode_ci;

CREATE TABLE `upcoming_course_reports` (
  `id` int unsigned NOT NULL AUTO_INCREMENT,
  `upcoming_course_id` int unsigned NOT NULL,
  `user_id` int unsigned NOT NULL,
  `reason` varchar(255) CHARACTER SET utf8mb4 COLLATE utf8mb4_unicode_ci NOT NULL,
  `message` text CHARACTER SET utf8mb4 COLLATE utf8mb4_unicode_ci NOT NULL,
  `created_at` bigint unsigned NOT NULL,
  PRIMARY KEY (`id`),
  KEY `upcoming_course_reports_upcoming_course_id_foreign` (`upcoming_course_id`),
  KEY `upcoming_course_reports_user_id_foreign` (`user_id`),
  CONSTRAINT `upcoming_course_reports_upcoming_course_id_foreign` FOREIGN KEY (`upcoming_course_id`) REFERENCES `upcoming_courses` (`id`) ON DELETE CASCADE,
  CONSTRAINT `upcoming_course_reports_user_id_foreign` FOREIGN KEY (`user_id`) REFERENCES `users` (`id`) ON DELETE CASCADE
) ENGINE=InnoDB AUTO_INCREMENT=2 DEFAULT CHARSET=utf8mb4 COLLATE=utf8mb4_unicode_ci;

CREATE TABLE `upcoming_course_translations` (
  `id` bigint unsigned NOT NULL AUTO_INCREMENT,
  `upcoming_course_id` int unsigned NOT NULL,
  `locale` varchar(255) CHARACTER SET utf8mb4 COLLATE utf8mb4_unicode_ci NOT NULL,
  `title` varchar(255) CHARACTER SET utf8mb4 COLLATE utf8mb4_unicode_ci NOT NULL,
  `seo_description` text CHARACTER SET utf8mb4 COLLATE utf8mb4_unicode_ci,
  `description` longtext CHARACTER SET utf8mb4 COLLATE utf8mb4_unicode_ci,
  PRIMARY KEY (`id`),
  KEY `upcoming_course_translations_upcoming_course_id_foreign` (`upcoming_course_id`),
  KEY `upcoming_course_translations_locale_index` (`locale`),
  CONSTRAINT `upcoming_course_translations_upcoming_course_id_foreign` FOREIGN KEY (`upcoming_course_id`) REFERENCES `upcoming_courses` (`id`) ON DELETE CASCADE
) ENGINE=InnoDB AUTO_INCREMENT=7 DEFAULT CHARSET=utf8mb4 COLLATE=utf8mb4_unicode_ci;

CREATE TABLE `upcoming_courses` (
  `id` int unsigned NOT NULL AUTO_INCREMENT,
  `creator_id` int unsigned NOT NULL,
  `teacher_id` int unsigned NOT NULL,
  `category_id` int unsigned DEFAULT NULL,
  `webinar_id` int unsigned DEFAULT NULL COMMENT 'when assigned a course',
  `type` enum('webinar','course','text_lesson') CHARACTER SET utf8mb4 COLLATE utf8mb4_unicode_ci NOT NULL,
  `slug` varchar(255) CHARACTER SET utf8mb4 COLLATE utf8mb4_unicode_ci NOT NULL,
  `thumbnail` varchar(255) CHARACTER SET utf8mb4 COLLATE utf8mb4_unicode_ci NOT NULL,
  `image_cover` varchar(255) CHARACTER SET utf8mb4 COLLATE utf8mb4_unicode_ci NOT NULL,
  `video_demo` varchar(255) CHARACTER SET utf8mb4 COLLATE utf8mb4_unicode_ci DEFAULT NULL,
  `video_demo_source` enum('upload','youtube','vimeo','external_link','secure_host') CHARACTER SET utf8mb4 COLLATE utf8mb4_unicode_ci DEFAULT NULL,
  `publish_date` bigint unsigned DEFAULT NULL,
  `timezone` varchar(255) CHARACTER SET utf8mb4 COLLATE utf8mb4_general_ci DEFAULT NULL,
  `points` int unsigned DEFAULT NULL,
  `capacity` int unsigned DEFAULT NULL,
  `price` double(15,2) DEFAULT NULL,
  `duration` int unsigned DEFAULT NULL,
  `sections` int unsigned DEFAULT NULL,
  `parts` int unsigned DEFAULT NULL,
  `course_progress` int unsigned DEFAULT NULL,
  `support` tinyint(1) NOT NULL DEFAULT '0',
  `certificate` tinyint(1) NOT NULL DEFAULT '0',
  `include_quizzes` tinyint(1) NOT NULL DEFAULT '0',
  `downloadable` tinyint(1) NOT NULL DEFAULT '0',
  `forum` tinyint(1) NOT NULL DEFAULT '0',
  `message_for_reviewer` text CHARACTER SET utf8mb4 COLLATE utf8mb4_unicode_ci,
  `status` enum('active','pending','is_draft','inactive') CHARACTER SET utf8mb4 COLLATE utf8mb4_unicode_ci NOT NULL DEFAULT 'is_draft',
  `created_at` bigint unsigned NOT NULL,
  PRIMARY KEY (`id`),
  UNIQUE KEY `upcoming_courses_slug_unique` (`slug`),
  KEY `upcoming_courses_creator_id_foreign` (`creator_id`),
  KEY `upcoming_courses_teacher_id_foreign` (`teacher_id`),
  KEY `upcoming_courses_category_id_foreign` (`category_id`),
  KEY `upcoming_courses_webinar_id_foreign` (`webinar_id`),
  CONSTRAINT `upcoming_courses_category_id_foreign` FOREIGN KEY (`category_id`) REFERENCES `categories` (`id`) ON DELETE CASCADE,
  CONSTRAINT `upcoming_courses_creator_id_foreign` FOREIGN KEY (`creator_id`) REFERENCES `users` (`id`) ON DELETE CASCADE,
  CONSTRAINT `upcoming_courses_teacher_id_foreign` FOREIGN KEY (`teacher_id`) REFERENCES `users` (`id`) ON DELETE CASCADE,
  CONSTRAINT `upcoming_courses_webinar_id_foreign` FOREIGN KEY (`webinar_id`) REFERENCES `webinars` (`id`) ON DELETE SET NULL
) ENGINE=InnoDB AUTO_INCREMENT=7 DEFAULT CHARSET=utf8mb4 COLLATE=utf8mb4_unicode_ci;

CREATE TABLE `user_bank_specification_translations` (
  `id` int unsigned NOT NULL AUTO_INCREMENT,
  `user_bank_specification_id` int unsigned NOT NULL,
  `locale` varchar(255) CHARACTER SET utf8mb4 COLLATE utf8mb4_unicode_ci NOT NULL,
  `name` varchar(255) CHARACTER SET utf8mb4 COLLATE utf8mb4_unicode_ci NOT NULL,
  PRIMARY KEY (`id`),
  KEY `user_bank_specification_id` (`user_bank_specification_id`),
  KEY `user_bank_specification_translations_locale_index` (`locale`),
  CONSTRAINT `user_bank_specification_id` FOREIGN KEY (`user_bank_specification_id`) REFERENCES `user_bank_specifications` (`id`) ON DELETE CASCADE
) ENGINE=InnoDB AUTO_INCREMENT=19 DEFAULT CHARSET=utf8mb4 COLLATE=utf8mb4_unicode_ci;

CREATE TABLE `user_bank_specifications` (
  `id` int unsigned NOT NULL AUTO_INCREMENT,
  `user_bank_id` int unsigned NOT NULL,
  PRIMARY KEY (`id`),
  KEY `user_bank_specifications_user_bank_id_foreign` (`user_bank_id`),
  CONSTRAINT `user_bank_specifications_user_bank_id_foreign` FOREIGN KEY (`user_bank_id`) REFERENCES `user_banks` (`id`) ON DELETE CASCADE
) ENGINE=InnoDB AUTO_INCREMENT=14 DEFAULT CHARSET=utf8mb4 COLLATE=utf8mb4_unicode_ci;

CREATE TABLE `user_bank_translations` (
  `id` int unsigned NOT NULL AUTO_INCREMENT,
  `user_bank_id` int unsigned NOT NULL,
  `locale` varchar(255) CHARACTER SET utf8mb4 COLLATE utf8mb4_unicode_ci NOT NULL,
  `title` varchar(255) CHARACTER SET utf8mb4 COLLATE utf8mb4_unicode_ci NOT NULL,
  PRIMARY KEY (`id`),
  KEY `user_bank_translations_user_bank_id_foreign` (`user_bank_id`),
  KEY `user_bank_translations_locale_index` (`locale`),
  CONSTRAINT `user_bank_translations_user_bank_id_foreign` FOREIGN KEY (`user_bank_id`) REFERENCES `user_banks` (`id`) ON DELETE CASCADE
) ENGINE=InnoDB AUTO_INCREMENT=8 DEFAULT CHARSET=utf8mb4 COLLATE=utf8mb4_unicode_ci;

CREATE TABLE `user_banks` (
  `id` int unsigned NOT NULL AUTO_INCREMENT,
  `logo` varchar(255) CHARACTER SET utf8mb4 COLLATE utf8mb4_unicode_ci NOT NULL,
  `created_at` bigint unsigned NOT NULL,
  PRIMARY KEY (`id`)
) ENGINE=InnoDB AUTO_INCREMENT=6 DEFAULT CHARSET=utf8mb4 COLLATE=utf8mb4_unicode_ci;

CREATE TABLE `user_commissions` (
  `id` int unsigned NOT NULL AUTO_INCREMENT,
  `user_id` int unsigned DEFAULT NULL,
  `user_group_id` int unsigned DEFAULT NULL,
  `source` enum('courses','bundles','virtual_products','physical_products','meetings') CHARACTER SET utf8mb4 COLLATE utf8mb4_general_ci NOT NULL,
  `type` enum('percent','fixed_amount') CHARACTER SET utf8mb4 COLLATE utf8mb4_general_ci NOT NULL,
  `value` double(15,2) DEFAULT NULL,
  PRIMARY KEY (`id`),
  KEY `user_commissions_user_id_foreign` (`user_id`),
  KEY `user_commissions_user_group_id_foreign` (`user_group_id`),
  CONSTRAINT `user_commissions_user_group_id_foreign` FOREIGN KEY (`user_group_id`) REFERENCES `groups` (`id`) ON DELETE CASCADE,
  CONSTRAINT `user_commissions_user_id_foreign` FOREIGN KEY (`user_id`) REFERENCES `users` (`id`) ON DELETE CASCADE
) ENGINE=InnoDB DEFAULT CHARSET=utf8mb4 COLLATE=utf8mb4_general_ci;

CREATE TABLE `user_firebase_sessions` (
  `id` bigint unsigned NOT NULL AUTO_INCREMENT,
  `user_id` int unsigned NOT NULL,
  `token` text CHARACTER SET utf8mb4 COLLATE utf8mb4_general_ci NOT NULL,
  `fcm_token` text CHARACTER SET utf8mb4 COLLATE utf8mb4_general_ci,
  `ip` varchar(255) CHARACTER SET utf8mb4 COLLATE utf8mb4_general_ci NOT NULL,
  `created_at` timestamp NULL DEFAULT NULL,
  `updated_at` timestamp NULL DEFAULT NULL,
  PRIMARY KEY (`id`),
  KEY `user_firebase_sessions_user_id_foreign` (`user_id`),
  CONSTRAINT `user_firebase_sessions_user_id_foreign` FOREIGN KEY (`user_id`) REFERENCES `users` (`id`) ON DELETE CASCADE
) ENGINE=InnoDB DEFAULT CHARSET=utf8mb4 COLLATE=utf8mb4_general_ci;

CREATE TABLE `user_form_fields` (
  `id` int unsigned NOT NULL AUTO_INCREMENT,
  `user_id` int unsigned DEFAULT NULL,
  `become_instructor_id` int unsigned DEFAULT NULL,
  `form_field_id` int unsigned NOT NULL,
  `value` text CHARACTER SET utf8mb4 COLLATE utf8mb4_unicode_ci,
  `created_at` bigint unsigned NOT NULL,
  PRIMARY KEY (`id`),
  KEY `user_form_fields_user_id_foreign` (`user_id`),
  KEY `user_form_fields_become_instructor_id_foreign` (`become_instructor_id`),
  KEY `user_form_fields_form_field_id_foreign` (`form_field_id`),
  CONSTRAINT `user_form_fields_become_instructor_id_foreign` FOREIGN KEY (`become_instructor_id`) REFERENCES `become_instructors` (`id`) ON DELETE CASCADE,
  CONSTRAINT `user_form_fields_form_field_id_foreign` FOREIGN KEY (`form_field_id`) REFERENCES `form_fields` (`id`) ON DELETE CASCADE,
  CONSTRAINT `user_form_fields_user_id_foreign` FOREIGN KEY (`user_id`) REFERENCES `users` (`id`) ON DELETE CASCADE
) ENGINE=InnoDB DEFAULT CHARSET=utf8mb4 COLLATE=utf8mb4_unicode_ci;

CREATE TABLE `user_login_histories` (
  `id` int unsigned NOT NULL AUTO_INCREMENT,
  `user_id` int unsigned NOT NULL,
  `browser` varchar(255) CHARACTER SET utf8mb4 COLLATE utf8mb4_general_ci DEFAULT NULL,
  `device` varchar(255) CHARACTER SET utf8mb4 COLLATE utf8mb4_general_ci DEFAULT NULL,
  `os` varchar(255) CHARACTER SET utf8mb4 COLLATE utf8mb4_general_ci DEFAULT NULL,
  `ip` varchar(255) CHARACTER SET utf8mb4 COLLATE utf8mb4_general_ci DEFAULT NULL,
  `country` varchar(255) CHARACTER SET utf8mb4 COLLATE utf8mb4_general_ci DEFAULT NULL,
  `city` varchar(255) CHARACTER SET utf8mb4 COLLATE utf8mb4_general_ci DEFAULT NULL,
  `location` point DEFAULT NULL,
  `session_id` text CHARACTER SET utf8mb4 COLLATE utf8mb4_general_ci NOT NULL,
  `session_start_at` bigint unsigned DEFAULT NULL,
  `session_end_at` bigint unsigned DEFAULT NULL,
  `end_session_type` enum('default','by_admin','by_user') CHARACTER SET utf8mb4 COLLATE utf8mb4_general_ci DEFAULT NULL,
  `created_at` bigint unsigned NOT NULL,
  PRIMARY KEY (`id`),
  KEY `user_login_histories_user_id_foreign` (`user_id`),
  CONSTRAINT `user_login_histories_user_id_foreign` FOREIGN KEY (`user_id`) REFERENCES `users` (`id`) ON DELETE CASCADE
) ENGINE=InnoDB AUTO_INCREMENT=240 DEFAULT CHARSET=utf8mb4 COLLATE=utf8mb4_general_ci;

CREATE TABLE `user_selected_bank_specifications` (
  `id` int unsigned NOT NULL AUTO_INCREMENT,
  `user_selected_bank_id` int unsigned NOT NULL,
  `user_bank_specification_id` int unsigned NOT NULL,
  `value` text CHARACTER SET utf8mb4 COLLATE utf8mb4_unicode_ci NOT NULL,
  PRIMARY KEY (`id`),
  KEY `user_selected_bank_id_specifications` (`user_selected_bank_id`),
  KEY `user_bank_specification_id_specifications` (`user_bank_specification_id`),
  CONSTRAINT `user_bank_specification_id_specifications` FOREIGN KEY (`user_bank_specification_id`) REFERENCES `user_bank_specifications` (`id`) ON DELETE CASCADE,
  CONSTRAINT `user_selected_bank_id_specifications` FOREIGN KEY (`user_selected_bank_id`) REFERENCES `user_selected_banks` (`id`) ON DELETE CASCADE
) ENGINE=InnoDB DEFAULT CHARSET=utf8mb4 COLLATE=utf8mb4_unicode_ci;

CREATE TABLE `user_selected_banks` (
  `id` int unsigned NOT NULL AUTO_INCREMENT,
  `user_id` int unsigned NOT NULL,
  `user_bank_id` int unsigned NOT NULL,
  PRIMARY KEY (`id`),
  KEY `user_selected_banks_user_bank_id_foreign` (`user_bank_id`),
  KEY `user_selected_banks_user_id_foreign` (`user_id`),
  CONSTRAINT `user_selected_banks_user_bank_id_foreign` FOREIGN KEY (`user_bank_id`) REFERENCES `user_banks` (`id`) ON DELETE CASCADE,
  CONSTRAINT `user_selected_banks_user_id_foreign` FOREIGN KEY (`user_id`) REFERENCES `users` (`id`) ON DELETE CASCADE
) ENGINE=InnoDB DEFAULT CHARSET=utf8mb4 COLLATE=utf8mb4_unicode_ci;

CREATE TABLE `users` (
  `id` int unsigned NOT NULL AUTO_INCREMENT,
  `full_name` varchar(128) CHARACTER SET utf8mb4 COLLATE utf8mb4_unicode_ci DEFAULT NULL,
  `role_name` varchar(64) CHARACTER SET utf8mb4 COLLATE utf8mb4_unicode_ci NOT NULL,
  `role_id` int unsigned NOT NULL,
  `package_id` bigint unsigned DEFAULT NULL,
  `organ_id` int DEFAULT NULL,
  `mobile` varchar(32) CHARACTER SET utf8mb4 COLLATE utf8mb4_unicode_ci DEFAULT NULL,
  `email` varchar(255) CHARACTER SET utf8mb4 COLLATE utf8mb4_unicode_ci DEFAULT NULL,
  `bio` varchar(128) CHARACTER SET utf8mb4 COLLATE utf8mb4_unicode_ci DEFAULT NULL,
  `password` varchar(255) CHARACTER SET utf8mb4 COLLATE utf8mb4_unicode_ci DEFAULT NULL,
  `google_id` varchar(255) CHARACTER SET utf8mb4 COLLATE utf8mb4_unicode_ci DEFAULT NULL,
  `facebook_id` varchar(255) CHARACTER SET utf8mb4 COLLATE utf8mb4_unicode_ci DEFAULT NULL,
  `remember_token` varchar(255) CHARACTER SET utf8mb4 COLLATE utf8mb4_unicode_ci DEFAULT NULL,
  `logged_count` int unsigned NOT NULL DEFAULT '0',
  `verified` tinyint(1) NOT NULL DEFAULT '0',
  `financial_approval` tinyint(1) NOT NULL DEFAULT '0',
  `installment_approval` tinyint(1) DEFAULT '0',
  `enable_installments` tinyint(1) DEFAULT '1',
  `disable_cashback` tinyint(1) DEFAULT '0',
  `enable_registration_bonus` tinyint(1) NOT NULL DEFAULT '0',
  `registration_bonus_amount` double(15,2) DEFAULT NULL,
  `avatar` varchar(255) CHARACTER SET utf8mb4 COLLATE utf8mb4_unicode_ci DEFAULT NULL,
  `avatar_settings` varchar(255) CHARACTER SET utf8mb4 COLLATE utf8mb4_unicode_ci DEFAULT NULL,
  `cover_img` varchar(255) CHARACTER SET utf8mb4 COLLATE utf8mb4_unicode_ci DEFAULT NULL,
  `headline` varchar(255) CHARACTER SET utf8mb4 COLLATE utf8mb4_unicode_ci DEFAULT NULL,
  `about` text CHARACTER SET utf8mb4 COLLATE utf8mb4_unicode_ci,
  `address` varchar(255) CHARACTER SET utf8mb4 COLLATE utf8mb4_unicode_ci DEFAULT NULL,
  `country_id` int unsigned DEFAULT NULL,
  `province_id` int unsigned DEFAULT NULL,
  `city_id` int unsigned DEFAULT NULL,
  `district_id` int unsigned DEFAULT NULL,
  `location` point DEFAULT NULL,
  `level_of_training` bit(3) DEFAULT NULL,
  `meeting_type` enum('all','in_person','online') CHARACTER SET utf8mb4 COLLATE utf8mb4_unicode_ci NOT NULL DEFAULT 'all',
  `status` enum('active','pending','inactive') CHARACTER SET utf8mb4 COLLATE utf8mb4_unicode_ci NOT NULL DEFAULT 'active',
  `access_content` tinyint(1) NOT NULL DEFAULT '1',
  `enable_ai_content` tinyint(1) NOT NULL DEFAULT '0',
  `language` varchar(255) CHARACTER SET utf8mb4 COLLATE utf8mb4_unicode_ci DEFAULT NULL,
  `currency` varchar(255) CHARACTER SET utf8mb4 COLLATE utf8mb4_unicode_ci DEFAULT NULL,
  `timezone` varchar(255) CHARACTER SET utf8mb4 COLLATE utf8mb4_unicode_ci DEFAULT NULL,
  `newsletter` tinyint(1) NOT NULL DEFAULT '0',
  `public_message` tinyint(1) NOT NULL DEFAULT '0',
  `identity_scan` varchar(128) CHARACTER SET utf8mb4 COLLATE utf8mb4_unicode_ci DEFAULT NULL,
  `certificate` varchar(128) CHARACTER SET utf8mb4 COLLATE utf8mb4_unicode_ci DEFAULT NULL,
  `affiliate` tinyint(1) NOT NULL DEFAULT '1',
  `can_create_store` tinyint(1) NOT NULL DEFAULT '0' COMMENT 'Despite disabling the store feature in the settings, we can enable this feature for that user through the edit page of a user and turning on the store toggle.',
  `ban` tinyint(1) NOT NULL DEFAULT '0',
  `ban_start_at` int unsigned DEFAULT NULL,
  `ban_end_at` int unsigned DEFAULT NULL,
  `offline` tinyint(1) NOT NULL DEFAULT '0',
  `offline_message` text CHARACTER SET utf8mb4 COLLATE utf8mb4_unicode_ci,
  `created_at` int NOT NULL,
  `updated_at` int DEFAULT NULL,
  `deleted_at` int DEFAULT NULL,
  PRIMARY KEY (`id`) USING BTREE,
  UNIQUE KEY `users_email_unique` (`email`) USING BTREE,
  UNIQUE KEY `users_mobile_unique` (`mobile`) USING BTREE,
  KEY `users_country_id_foreign` (`country_id`),
  KEY `users_province_id_foreign` (`province_id`),
  KEY `users_city_id_foreign` (`city_id`),
  KEY `users_district_id_foreign` (`district_id`),
  CONSTRAINT `users_city_id_foreign` FOREIGN KEY (`city_id`) REFERENCES `regions` (`id`) ON DELETE SET NULL,
  CONSTRAINT `users_country_id_foreign` FOREIGN KEY (`country_id`) REFERENCES `regions` (`id`) ON DELETE SET NULL,
  CONSTRAINT `users_district_id_foreign` FOREIGN KEY (`district_id`) REFERENCES `regions` (`id`) ON DELETE SET NULL,
  CONSTRAINT `users_province_id_foreign` FOREIGN KEY (`province_id`) REFERENCES `regions` (`id`) ON DELETE SET NULL
) ENGINE=InnoDB AUTO_INCREMENT=1147 DEFAULT CHARSET=utf8mb4 COLLATE=utf8mb4_unicode_ci ROW_FORMAT=DYNAMIC;

CREATE TABLE `users_badges` (
  `id` int unsigned NOT NULL AUTO_INCREMENT,
  `user_id` int unsigned NOT NULL,
  `badge_id` int unsigned NOT NULL,
  `created_at` int unsigned NOT NULL,
  PRIMARY KEY (`id`) USING BTREE,
  KEY `users_badges_user_id_foreign` (`user_id`) USING BTREE,
  KEY `users_badges_badge_id_foreign` (`badge_id`) USING BTREE,
  CONSTRAINT `users_badges_badge_id_foreign` FOREIGN KEY (`badge_id`) REFERENCES `badges` (`id`) ON DELETE CASCADE,
  CONSTRAINT `users_badges_user_id_foreign` FOREIGN KEY (`user_id`) REFERENCES `users` (`id`) ON DELETE CASCADE
) ENGINE=InnoDB AUTO_INCREMENT=11 DEFAULT CHARSET=utf8mb4 COLLATE=utf8mb4_unicode_ci ROW_FORMAT=DYNAMIC;

CREATE TABLE `users_cookie_security` (
  `id` int unsigned NOT NULL AUTO_INCREMENT,
  `user_id` int unsigned NOT NULL,
  `type` enum('all','customize') CHARACTER SET utf8mb4 COLLATE utf8mb4_unicode_ci NOT NULL,
  `settings` text CHARACTER SET utf8mb4 COLLATE utf8mb4_unicode_ci,
  `created_at` bigint unsigned NOT NULL,
  PRIMARY KEY (`id`),
  KEY `users_cookie_security_user_id_foreign` (`user_id`),
  CONSTRAINT `users_cookie_security_user_id_foreign` FOREIGN KEY (`user_id`) REFERENCES `users` (`id`) ON DELETE CASCADE
) ENGINE=InnoDB AUTO_INCREMENT=13 DEFAULT CHARSET=utf8mb4 COLLATE=utf8mb4_unicode_ci;

CREATE TABLE `users_manual_purchase` (
  `id` int unsigned NOT NULL AUTO_INCREMENT,
  `user_id` int unsigned NOT NULL,
  `webinar_id` int unsigned NOT NULL,
  `access` tinyint(1) NOT NULL DEFAULT '0',
  `created_at` bigint unsigned NOT NULL,
  PRIMARY KEY (`id`)
) ENGINE=InnoDB DEFAULT CHARSET=utf8mb4 COLLATE=utf8mb4_unicode_ci;

CREATE TABLE `users_metas` (
  `id` int unsigned NOT NULL AUTO_INCREMENT,
  `user_id` int unsigned NOT NULL,
  `name` varchar(255) CHARACTER SET utf8mb4 COLLATE utf8mb4_unicode_ci NOT NULL,
  `value` text CHARACTER SET utf8mb4 COLLATE utf8mb4_unicode_ci NOT NULL,
  PRIMARY KEY (`id`),
  KEY `users_metas_user_id_foreign` (`user_id`),
  CONSTRAINT `users_metas_user_id_foreign` FOREIGN KEY (`user_id`) REFERENCES `users` (`id`) ON DELETE CASCADE
) ENGINE=InnoDB AUTO_INCREMENT=78 DEFAULT CHARSET=utf8mb4 COLLATE=utf8mb4_unicode_ci;

CREATE TABLE `users_occupations` (
  `id` int unsigned NOT NULL AUTO_INCREMENT,
  `user_id` int unsigned NOT NULL,
  `category_id` int unsigned NOT NULL,
  PRIMARY KEY (`id`) USING BTREE,
  KEY `users_occupations_user_id_foreign` (`user_id`) USING BTREE,
  KEY `users_occupations_category_id_foreign` (`category_id`) USING BTREE,
  CONSTRAINT `users_occupations_category_id_foreign` FOREIGN KEY (`category_id`) REFERENCES `categories` (`id`) ON DELETE CASCADE,
  CONSTRAINT `users_occupations_user_id_foreign` FOREIGN KEY (`user_id`) REFERENCES `users` (`id`) ON DELETE CASCADE
) ENGINE=InnoDB AUTO_INCREMENT=1071 DEFAULT CHARSET=utf8mb4 COLLATE=utf8mb4_unicode_ci ROW_FORMAT=DYNAMIC;

CREATE TABLE `users_registration_packages` (
  `id` bigint unsigned NOT NULL AUTO_INCREMENT,
  `user_id` int unsigned NOT NULL,
  `instructors_count` int DEFAULT NULL,
  `students_count` int DEFAULT NULL,
  `courses_capacity` int DEFAULT NULL,
  `courses_count` int DEFAULT NULL,
  `meeting_count` int DEFAULT NULL,
  `status` enum('disabled','active') CHARACTER SET utf8mb4 COLLATE utf8mb4_unicode_ci NOT NULL,
  `created_at` int unsigned NOT NULL,
  PRIMARY KEY (`id`),
  KEY `users_registration_packages_user_id_foreign` (`user_id`),
  CONSTRAINT `users_registration_packages_user_id_foreign` FOREIGN KEY (`user_id`) REFERENCES `users` (`id`) ON DELETE CASCADE
) ENGINE=InnoDB AUTO_INCREMENT=3 DEFAULT CHARSET=utf8mb4 COLLATE=utf8mb4_unicode_ci;

CREATE TABLE `users_zoom_api` (
  `id` int unsigned NOT NULL AUTO_INCREMENT,
  `user_id` int unsigned NOT NULL,
  `jwt_token` text CHARACTER SET utf8mb4 COLLATE utf8mb4_unicode_ci,
  `api_key` text CHARACTER SET utf8mb4 COLLATE utf8mb4_unicode_ci,
  `api_secret` text CHARACTER SET utf8mb4 COLLATE utf8mb4_unicode_ci,
  `account_id` text CHARACTER SET utf8mb4 COLLATE utf8mb4_unicode_ci,
  `created_at` int NOT NULL,
  PRIMARY KEY (`id`),
  KEY `users_zoom_api_user_id_foreign` (`user_id`),
  CONSTRAINT `users_zoom_api_user_id_foreign` FOREIGN KEY (`user_id`) REFERENCES `users` (`id`) ON DELETE CASCADE
) ENGINE=InnoDB AUTO_INCREMENT=4 DEFAULT CHARSET=utf8mb4 COLLATE=utf8mb4_unicode_ci;

CREATE TABLE `verifications` (
  `id` int unsigned NOT NULL AUTO_INCREMENT,
  `user_id` int unsigned DEFAULT NULL,
  `mobile` char(16) CHARACTER SET utf8mb4 COLLATE utf8mb4_unicode_ci DEFAULT NULL,
  `email` char(64) CHARACTER SET utf8mb4 COLLATE utf8mb4_unicode_ci DEFAULT NULL,
  `code` char(6) CHARACTER SET utf8mb4 COLLATE utf8mb4_unicode_ci NOT NULL,
  `verified_at` int unsigned DEFAULT NULL,
  `expired_at` int unsigned DEFAULT NULL,
  `created_at` int unsigned NOT NULL,
  PRIMARY KEY (`id`) USING BTREE,
  KEY `verifications_user_id_foreign` (`user_id`) USING BTREE,
  CONSTRAINT `verifications_user_id_foreign` FOREIGN KEY (`user_id`) REFERENCES `users` (`id`) ON DELETE CASCADE
) ENGINE=InnoDB AUTO_INCREMENT=177 DEFAULT CHARSET=utf8mb4 COLLATE=utf8mb4_unicode_ci ROW_FORMAT=DYNAMIC;

CREATE TABLE `waitlists` (
  `id` int unsigned NOT NULL AUTO_INCREMENT,
  `webinar_id` int unsigned NOT NULL,
  `user_id` int unsigned DEFAULT NULL,
  `full_name` varchar(255) CHARACTER SET utf8mb4 COLLATE utf8mb4_unicode_ci DEFAULT NULL,
  `email` varchar(255) CHARACTER SET utf8mb4 COLLATE utf8mb4_unicode_ci DEFAULT NULL,
  `phone` varchar(255) CHARACTER SET utf8mb4 COLLATE utf8mb4_unicode_ci DEFAULT NULL,
  `created_at` bigint unsigned NOT NULL,
  PRIMARY KEY (`id`),
  KEY `waitlists_webinar_id_foreign` (`webinar_id`),
  KEY `waitlists_user_id_foreign` (`user_id`),
  CONSTRAINT `waitlists_user_id_foreign` FOREIGN KEY (`user_id`) REFERENCES `users` (`id`) ON DELETE CASCADE,
  CONSTRAINT `waitlists_webinar_id_foreign` FOREIGN KEY (`webinar_id`) REFERENCES `webinars` (`id`) ON DELETE CASCADE
) ENGINE=InnoDB AUTO_INCREMENT=6 DEFAULT CHARSET=utf8mb4 COLLATE=utf8mb4_unicode_ci;

CREATE TABLE `webinar_assignment_attachments` (
  `id` bigint unsigned NOT NULL AUTO_INCREMENT,
  `creator_id` int unsigned NOT NULL,
  `assignment_id` int unsigned NOT NULL,
  `title` varchar(255) CHARACTER SET utf8mb4 COLLATE utf8mb4_unicode_ci NOT NULL,
  `attach` varchar(255) CHARACTER SET utf8mb4 COLLATE utf8mb4_unicode_ci NOT NULL,
  PRIMARY KEY (`id`),
  KEY `webinar_assignment_attachments_assignment_id_foreign` (`assignment_id`),
  CONSTRAINT `webinar_assignment_attachments_assignment_id_foreign` FOREIGN KEY (`assignment_id`) REFERENCES `webinar_assignments` (`id`) ON DELETE CASCADE
) ENGINE=InnoDB AUTO_INCREMENT=9 DEFAULT CHARSET=utf8mb4 COLLATE=utf8mb4_unicode_ci;

CREATE TABLE `webinar_assignment_history` (
  `id` int unsigned NOT NULL AUTO_INCREMENT,
  `instructor_id` int unsigned NOT NULL,
  `student_id` int unsigned NOT NULL,
  `assignment_id` int unsigned NOT NULL,
  `grade` int unsigned DEFAULT NULL,
  `status` enum('pending','passed','not_passed','not_submitted') CHARACTER SET utf8mb4 COLLATE utf8mb4_unicode_ci NOT NULL,
  `created_at` bigint unsigned NOT NULL,
  PRIMARY KEY (`id`),
  KEY `webinar_assignment_history_instructor_id_foreign` (`instructor_id`),
  KEY `webinar_assignment_history_student_id_foreign` (`student_id`),
  KEY `webinar_assignment_history_assignment_id_foreign` (`assignment_id`),
  CONSTRAINT `webinar_assignment_history_assignment_id_foreign` FOREIGN KEY (`assignment_id`) REFERENCES `webinar_assignments` (`id`) ON DELETE CASCADE,
  CONSTRAINT `webinar_assignment_history_instructor_id_foreign` FOREIGN KEY (`instructor_id`) REFERENCES `users` (`id`) ON DELETE CASCADE,
  CONSTRAINT `webinar_assignment_history_student_id_foreign` FOREIGN KEY (`student_id`) REFERENCES `users` (`id`) ON DELETE CASCADE
) ENGINE=InnoDB AUTO_INCREMENT=10 DEFAULT CHARSET=utf8mb4 COLLATE=utf8mb4_unicode_ci;

CREATE TABLE `webinar_assignment_history_messages` (
  `id` int unsigned NOT NULL AUTO_INCREMENT,
  `assignment_history_id` int unsigned NOT NULL,
  `sender_id` int unsigned NOT NULL,
  `message` text CHARACTER SET utf8mb4 COLLATE utf8mb4_unicode_ci NOT NULL,
  `file_title` varchar(255) CHARACTER SET utf8mb4 COLLATE utf8mb4_unicode_ci DEFAULT NULL,
  `file_path` varchar(255) CHARACTER SET utf8mb4 COLLATE utf8mb4_unicode_ci DEFAULT NULL,
  `created_at` bigint unsigned NOT NULL,
  PRIMARY KEY (`id`),
  KEY `webinar_assignment_history_id` (`assignment_history_id`),
  CONSTRAINT `webinar_assignment_history_id` FOREIGN KEY (`assignment_history_id`) REFERENCES `webinar_assignment_history` (`id`) ON DELETE CASCADE
) ENGINE=InnoDB AUTO_INCREMENT=18 DEFAULT CHARSET=utf8mb4 COLLATE=utf8mb4_unicode_ci;

CREATE TABLE `webinar_assignment_translations` (
  `id` bigint unsigned NOT NULL AUTO_INCREMENT,
  `locale` varchar(255) CHARACTER SET utf8mb4 COLLATE utf8mb4_unicode_ci NOT NULL,
  `webinar_assignment_id` int unsigned NOT NULL,
  `title` text CHARACTER SET utf8mb4 COLLATE utf8mb4_unicode_ci NOT NULL,
  `description` text CHARACTER SET utf8mb4 COLLATE utf8mb4_unicode_ci NOT NULL,
  PRIMARY KEY (`id`),
  KEY `webinar_assignment_id_translate_foreign` (`webinar_assignment_id`),
  KEY `webinar_assignment_translations_locale_index` (`locale`),
  CONSTRAINT `webinar_assignment_id_translate_foreign` FOREIGN KEY (`webinar_assignment_id`) REFERENCES `webinar_assignments` (`id`) ON DELETE CASCADE
) ENGINE=InnoDB AUTO_INCREMENT=8 DEFAULT CHARSET=utf8mb4 COLLATE=utf8mb4_unicode_ci;

CREATE TABLE `webinar_assignments` (
  `id` int unsigned NOT NULL AUTO_INCREMENT,
  `creator_id` int unsigned NOT NULL,
  `webinar_id` int unsigned NOT NULL,
  `chapter_id` int unsigned NOT NULL,
  `grade` int unsigned DEFAULT NULL,
  `pass_grade` int unsigned DEFAULT NULL,
  `deadline` int unsigned DEFAULT NULL,
  `attempts` int unsigned DEFAULT NULL,
  `check_previous_parts` tinyint(1) NOT NULL DEFAULT '0',
  `access_after_day` int unsigned DEFAULT NULL,
  `status` enum('active','inactive') CHARACTER SET utf8mb4 COLLATE utf8mb4_unicode_ci NOT NULL,
  `created_at` bigint unsigned NOT NULL,
  PRIMARY KEY (`id`),
  KEY `webinar_assignments_creator_id_foreign` (`creator_id`),
  KEY `webinar_assignments_webinar_id_foreign` (`webinar_id`),
  KEY `webinar_assignments_chapter_id_foreign` (`chapter_id`),
  CONSTRAINT `webinar_assignments_chapter_id_foreign` FOREIGN KEY (`chapter_id`) REFERENCES `webinar_chapters` (`id`) ON DELETE CASCADE,
  CONSTRAINT `webinar_assignments_creator_id_foreign` FOREIGN KEY (`creator_id`) REFERENCES `users` (`id`) ON DELETE CASCADE,
  CONSTRAINT `webinar_assignments_webinar_id_foreign` FOREIGN KEY (`webinar_id`) REFERENCES `webinars` (`id`) ON DELETE CASCADE
) ENGINE=InnoDB AUTO_INCREMENT=6 DEFAULT CHARSET=utf8mb4 COLLATE=utf8mb4_unicode_ci;

CREATE TABLE `webinar_chapter_items` (
  `id` bigint unsigned NOT NULL AUTO_INCREMENT,
  `user_id` int unsigned NOT NULL,
  `chapter_id` int unsigned NOT NULL,
  `item_id` int unsigned NOT NULL,
  `type` enum('file','session','text_lesson','quiz','assignment') CHARACTER SET utf8mb4 COLLATE utf8mb4_unicode_ci NOT NULL,
  `order` int unsigned DEFAULT NULL,
  `created_at` bigint unsigned NOT NULL,
  PRIMARY KEY (`id`),
  KEY `webinar_chapter_items_chapter_id_foreign` (`chapter_id`),
  KEY `user_id` (`user_id`),
  CONSTRAINT `user_id` FOREIGN KEY (`user_id`) REFERENCES `users` (`id`) ON DELETE CASCADE,
  CONSTRAINT `webinar_chapter_items_chapter_id_foreign` FOREIGN KEY (`chapter_id`) REFERENCES `webinar_chapters` (`id`) ON DELETE CASCADE
) ENGINE=InnoDB AUTO_INCREMENT=235 DEFAULT CHARSET=utf8mb4 COLLATE=utf8mb4_unicode_ci;

CREATE TABLE `webinar_chapter_translations` (
  `id` bigint unsigned NOT NULL AUTO_INCREMENT,
  `webinar_chapter_id` int unsigned NOT NULL,
  `locale` varchar(255) CHARACTER SET utf8mb4 COLLATE utf8mb4_unicode_ci NOT NULL,
  `title` varchar(255) CHARACTER SET utf8mb4 COLLATE utf8mb4_unicode_ci NOT NULL,
  PRIMARY KEY (`id`),
  KEY `webinar_chapter_id` (`webinar_chapter_id`),
  KEY `webinar_chapter_translations_locale_index` (`locale`),
  CONSTRAINT `webinar_chapter_id` FOREIGN KEY (`webinar_chapter_id`) REFERENCES `webinar_chapters` (`id`) ON DELETE CASCADE
) ENGINE=InnoDB AUTO_INCREMENT=61 DEFAULT CHARSET=utf8mb4 COLLATE=utf8mb4_unicode_ci;

CREATE TABLE `webinar_chapters` (
  `id` int unsigned NOT NULL AUTO_INCREMENT,
  `user_id` int unsigned NOT NULL,
  `webinar_id` int unsigned NOT NULL,
  `order` int unsigned DEFAULT NULL,
  `check_all_contents_pass` tinyint(1) NOT NULL DEFAULT '0',
  `status` enum('active','inactive') CHARACTER SET utf8mb4 COLLATE utf8mb4_unicode_ci NOT NULL DEFAULT 'active',
  `created_at` int unsigned NOT NULL,
  PRIMARY KEY (`id`),
  KEY `webinar_chapters_user_id_foreign` (`user_id`),
  KEY `webinar_chapters_webinar_id_foreign` (`webinar_id`),
  CONSTRAINT `webinar_chapters_user_id_foreign` FOREIGN KEY (`user_id`) REFERENCES `users` (`id`) ON DELETE CASCADE,
  CONSTRAINT `webinar_chapters_webinar_id_foreign` FOREIGN KEY (`webinar_id`) REFERENCES `webinars` (`id`) ON DELETE CASCADE
) ENGINE=InnoDB AUTO_INCREMENT=60 DEFAULT CHARSET=utf8mb4 COLLATE=utf8mb4_unicode_ci;

CREATE TABLE `webinar_extra_description_translations` (
  `id` bigint unsigned NOT NULL AUTO_INCREMENT,
  `webinar_extra_description_id` int unsigned NOT NULL,
  `locale` varchar(255) CHARACTER SET utf8mb4 COLLATE utf8mb4_unicode_ci NOT NULL,
  `value` text CHARACTER SET utf8mb4 COLLATE utf8mb4_unicode_ci NOT NULL,
  PRIMARY KEY (`id`),
  KEY `webinar_extra_description_id_foreign` (`webinar_extra_description_id`),
  KEY `webinar_extra_description_translations_locale_index` (`locale`),
  CONSTRAINT `webinar_extra_description_id_foreign` FOREIGN KEY (`webinar_extra_description_id`) REFERENCES `webinar_extra_descriptions` (`id`) ON DELETE CASCADE
) ENGINE=InnoDB AUTO_INCREMENT=69 DEFAULT CHARSET=utf8mb4 COLLATE=utf8mb4_unicode_ci;

CREATE TABLE `webinar_extra_descriptions` (
  `id` int unsigned NOT NULL AUTO_INCREMENT,
  `creator_id` int unsigned NOT NULL,
  `webinar_id` int unsigned DEFAULT NULL,
  `upcoming_course_id` int unsigned DEFAULT NULL,
  `type` enum('learning_materials','company_logos','requirements') CHARACTER SET utf8mb4 COLLATE utf8mb4_unicode_ci NOT NULL,
  `order` int unsigned DEFAULT NULL,
  `created_at` bigint unsigned NOT NULL,
  PRIMARY KEY (`id`),
  KEY `webinar_extra_descriptions_creator_id_foreign` (`creator_id`),
  KEY `webinar_extra_descriptions_webinar_id_foreign` (`webinar_id`),
  KEY `webinar_extra_descriptions_upcoming_course_id_foreign` (`upcoming_course_id`),
  CONSTRAINT `webinar_extra_descriptions_creator_id_foreign` FOREIGN KEY (`creator_id`) REFERENCES `users` (`id`) ON DELETE CASCADE,
  CONSTRAINT `webinar_extra_descriptions_upcoming_course_id_foreign` FOREIGN KEY (`upcoming_course_id`) REFERENCES `upcoming_courses` (`id`) ON DELETE CASCADE,
  CONSTRAINT `webinar_extra_descriptions_webinar_id_foreign` FOREIGN KEY (`webinar_id`) REFERENCES `webinars` (`id`) ON DELETE CASCADE
) ENGINE=InnoDB AUTO_INCREMENT=69 DEFAULT CHARSET=utf8mb4 COLLATE=utf8mb4_unicode_ci;

CREATE TABLE `webinar_filter_option` (
  `id` int unsigned NOT NULL AUTO_INCREMENT,
  `webinar_id` int unsigned NOT NULL,
  `filter_option_id` int unsigned NOT NULL,
  PRIMARY KEY (`id`) USING BTREE,
  KEY `webinar_filter_option_filter_option_id_foreign` (`filter_option_id`) USING BTREE,
  KEY `webinar_filter_option_webinar_id_foreign` (`webinar_id`) USING BTREE,
  CONSTRAINT `webinar_filter_option_filter_option_id_foreign` FOREIGN KEY (`filter_option_id`) REFERENCES `filter_options` (`id`) ON DELETE CASCADE,
  CONSTRAINT `webinar_filter_option_webinar_id_foreign` FOREIGN KEY (`webinar_id`) REFERENCES `webinars` (`id`) ON DELETE CASCADE
) ENGINE=InnoDB AUTO_INCREMENT=11990 DEFAULT CHARSET=utf8mb4 COLLATE=utf8mb4_unicode_ci ROW_FORMAT=DYNAMIC;

CREATE TABLE `webinar_partner_teacher` (
  `id` int unsigned NOT NULL AUTO_INCREMENT,
  `webinar_id` int unsigned NOT NULL,
  `teacher_id` int unsigned NOT NULL,
  PRIMARY KEY (`id`) USING BTREE,
  KEY `webinar_partner_teacher_webinar_id_foreign` (`webinar_id`) USING BTREE,
  KEY `webinar_partner_teacher_teacher_id_foreign` (`teacher_id`) USING BTREE,
  CONSTRAINT `webinar_partner_teacher_teacher_id_foreign` FOREIGN KEY (`teacher_id`) REFERENCES `users` (`id`) ON DELETE CASCADE,
  CONSTRAINT `webinar_partner_teacher_webinar_id_foreign` FOREIGN KEY (`webinar_id`) REFERENCES `webinars` (`id`) ON DELETE CASCADE
) ENGINE=InnoDB AUTO_INCREMENT=126 DEFAULT CHARSET=utf8mb4 COLLATE=utf8mb4_unicode_ci ROW_FORMAT=DYNAMIC;

CREATE TABLE `webinar_reports` (
  `id` int unsigned NOT NULL AUTO_INCREMENT,
  `user_id` int unsigned NOT NULL,
  `webinar_id` int unsigned NOT NULL,
  `reason` varchar(255) CHARACTER SET utf8mb4 COLLATE utf8mb4_unicode_ci NOT NULL,
  `message` text CHARACTER SET utf8mb4 COLLATE utf8mb4_unicode_ci NOT NULL,
  `created_at` int unsigned NOT NULL,
  PRIMARY KEY (`id`) USING BTREE,
  KEY `webinar_reports_webinar_id_foreign` (`webinar_id`) USING BTREE,
  CONSTRAINT `webinar_reports_webinar_id_foreign` FOREIGN KEY (`webinar_id`) REFERENCES `webinars` (`id`) ON DELETE CASCADE
) ENGINE=InnoDB AUTO_INCREMENT=5 DEFAULT CHARSET=utf8mb4 COLLATE=utf8mb4_unicode_ci ROW_FORMAT=DYNAMIC;

CREATE TABLE `webinar_reviews` (
  `id` int unsigned NOT NULL AUTO_INCREMENT,
  `creator_id` int unsigned NOT NULL,
  `webinar_id` int unsigned DEFAULT NULL,
  `bundle_id` int unsigned DEFAULT NULL,
  `content_quality` int unsigned NOT NULL,
  `instructor_skills` int unsigned NOT NULL,
  `purchase_worth` int unsigned NOT NULL,
  `support_quality` int unsigned NOT NULL,
  `rates` char(10) CHARACTER SET utf8mb4 COLLATE utf8mb4_unicode_ci NOT NULL,
  `description` text CHARACTER SET utf8mb4 COLLATE utf8mb4_unicode_ci,
  `created_at` int unsigned NOT NULL,
  `status` enum('pending','active') CHARACTER SET utf8mb4 COLLATE utf8mb4_unicode_ci NOT NULL,
  PRIMARY KEY (`id`) USING BTREE,
  KEY `webinar_reviews_webinar_id_foreign` (`webinar_id`) USING BTREE,
  KEY `webinar_reviews_creator_id_foreign` (`creator_id`) USING BTREE,
  KEY `webinar_reviews_bundle_id_foreign` (`bundle_id`),
  CONSTRAINT `webinar_reviews_bundle_id_foreign` FOREIGN KEY (`bundle_id`) REFERENCES `bundles` (`id`) ON DELETE CASCADE,
  CONSTRAINT `webinar_reviews_creator_id_foreign` FOREIGN KEY (`creator_id`) REFERENCES `users` (`id`) ON DELETE CASCADE,
  CONSTRAINT `webinar_reviews_webinar_id_foreign` FOREIGN KEY (`webinar_id`) REFERENCES `webinars` (`id`) ON DELETE CASCADE
) ENGINE=InnoDB AUTO_INCREMENT=43 DEFAULT CHARSET=utf8mb4 COLLATE=utf8mb4_unicode_ci ROW_FORMAT=DYNAMIC;

CREATE TABLE `webinar_translations` (
  `id` bigint unsigned NOT NULL AUTO_INCREMENT,
  `webinar_id` int unsigned NOT NULL,
  `locale` varchar(255) CHARACTER SET utf8mb4 COLLATE utf8mb4_unicode_ci NOT NULL,
  `title` varchar(255) CHARACTER SET utf8mb4 COLLATE utf8mb4_unicode_ci NOT NULL,
  `seo_description` text CHARACTER SET utf8mb4 COLLATE utf8mb4_unicode_ci,
  `description` longtext CHARACTER SET utf8mb4 COLLATE utf8mb4_unicode_ci,
  PRIMARY KEY (`id`),
  KEY `webinar_translations_webinar_id_foreign` (`webinar_id`),
  KEY `webinar_translations_locale_index` (`locale`),
  CONSTRAINT `webinar_translations_webinar_id_foreign` FOREIGN KEY (`webinar_id`) REFERENCES `webinars` (`id`) ON DELETE CASCADE
) ENGINE=InnoDB AUTO_INCREMENT=193 DEFAULT CHARSET=utf8mb4 COLLATE=utf8mb4_unicode_ci;

CREATE TABLE `webinars` (
  `id` int unsigned NOT NULL AUTO_INCREMENT,
  `teacher_id` int unsigned NOT NULL,
  `creator_id` int unsigned NOT NULL,
  `category_id` int unsigned DEFAULT NULL,
  `type` enum('webinar','course','text_lesson') CHARACTER SET utf8mb4 COLLATE utf8mb4_unicode_ci NOT NULL,
  `private` tinyint(1) NOT NULL DEFAULT '0',
  `slug` varchar(255) CHARACTER SET utf8mb4 COLLATE utf8mb4_unicode_ci NOT NULL,
  `start_date` int DEFAULT NULL,
  `duration` int unsigned DEFAULT NULL,
  `timezone` varchar(255) CHARACTER SET utf8mb4 COLLATE utf8mb4_unicode_ci DEFAULT NULL,
  `thumbnail` varchar(255) CHARACTER SET utf8mb4 COLLATE utf8mb4_unicode_ci NOT NULL,
  `image_cover` varchar(255) CHARACTER SET utf8mb4 COLLATE utf8mb4_unicode_ci NOT NULL,
  `video_demo` varchar(255) CHARACTER SET utf8mb4 COLLATE utf8mb4_unicode_ci DEFAULT NULL,
  `video_demo_source` enum('upload','youtube','vimeo','external_link','secure_host') CHARACTER SET utf8mb4 COLLATE utf8mb4_unicode_ci DEFAULT NULL,
  `capacity` int unsigned DEFAULT NULL,
  `sales_count_number` int unsigned DEFAULT NULL,
  `price` double(15,2) unsigned DEFAULT NULL,
  `organization_price` double(15,2) unsigned DEFAULT NULL,
  `support` tinyint(1) DEFAULT '0',
  `certificate` tinyint(1) NOT NULL DEFAULT '0',
  `downloadable` tinyint(1) DEFAULT '0',
  `partner_instructor` tinyint(1) DEFAULT '0',
  `subscribe` tinyint(1) DEFAULT '0',
  `forum` tinyint(1) NOT NULL DEFAULT '0',
  `enable_waitlist` tinyint(1) NOT NULL DEFAULT '0',
  `access_days` int unsigned DEFAULT NULL COMMENT 'Number of days to access the course',
  `points` int DEFAULT NULL,
  `message_for_reviewer` text CHARACTER SET utf8mb4 COLLATE utf8mb4_unicode_ci,
  `status` enum('active','pending','is_draft','inactive') CHARACTER SET utf8mb4 COLLATE utf8mb4_unicode_ci NOT NULL,
  `created_at` int NOT NULL,
  `updated_at` int DEFAULT NULL,
  `deleted_at` int DEFAULT NULL,
  PRIMARY KEY (`id`) USING BTREE,
  UNIQUE KEY `webinars_slug_unique` (`slug`) USING BTREE,
  KEY `webinars_teacher_id_foreign` (`teacher_id`) USING BTREE,
  KEY `webinars_category_id_foreign` (`category_id`) USING BTREE,
  KEY `webinars_slug_index` (`slug`) USING BTREE,
  KEY `webinars_creator_id_foreign` (`creator_id`) USING BTREE,
  CONSTRAINT `webinars_category_id_foreign` FOREIGN KEY (`category_id`) REFERENCES `categories` (`id`) ON DELETE CASCADE,
  CONSTRAINT `webinars_creator_id_foreign` FOREIGN KEY (`creator_id`) REFERENCES `users` (`id`) ON DELETE CASCADE,
  CONSTRAINT `webinars_teacher_id_foreign` FOREIGN KEY (`teacher_id`) REFERENCES `users` (`id`) ON DELETE CASCADE
) ENGINE=InnoDB AUTO_INCREMENT=2051 DEFAULT CHARSET=utf8mb4 COLLATE=utf8mb4_unicode_ci ROW_FORMAT=DYNAMIC;

INSERT INTO `cschool`.`abandoned_cart_rule_translations` (`id`, `abandoned_cart_rule_id`, `locale`, `title`) VALUES 
(1, 1, 'en', 'Cart Reminder Rule'),
(2, 2, 'en', 'Discount Offer Rule');

INSERT INTO `cschool`.`abandoned_cart_rules` (`id`, `target_type`, `target`, `action`, `discount_id`, `action_cycle`, `repeat_action`, `repeat_action_count`, `minimum_cart_amount`, `maximum_cart_amount`, `start_at`, `end_at`, `enable`, `created_at`) VALUES 
(1, 'all', NULL, 'send_reminder', NULL, 12, 1, 5, 200.00, 1000.00, 1709269200, 1837137600, 0, 1709794892),
(2, 'courses', 'all_courses', 'send_coupon', 25, 18, 1, 3, 50.00, NULL, 1709330400, 1838246400, 0, 1709888086);

INSERT INTO `cschool`.`accounting` (`id`, `user_id`, `creator_id`, `order_item_id`, `webinar_id`, `bundle_id`, `meeting_time_id`, `subscribe_id`, `promotion_id`, `registration_package_id`, `product_id`, `installment_payment_id`, `installment_order_id`, `gift_id`, `system`, `tax`, `amount`, `type`, `type_account`, `store_type`, `referred_user_id`, `is_affiliate_amount`, `is_affiliate_commission`, `is_registration_bonus`, `is_cashback`, `description`, `created_at`) VALUES 
(251, 996, 1, NULL, NULL, NULL, NULL, NULL, NULL, NULL, NULL, NULL, NULL, NULL, 0, 0, 500.00, 'addiction', 'asset', 'automatic', NULL, 0, 0, 0, 0, 'offline payment approved', 1625944212),
(252, 996, NULL, NULL, NULL, NULL, 98, NULL, NULL, NULL, NULL, NULL, NULL, NULL, 0, 0, 165.00, 'deduction', 'asset', 'automatic', NULL, 0, 0, 0, 0, 'Paid for 1:30 hours of consultation', 1625944347),
(253, 996, NULL, NULL, NULL, NULL, 98, NULL, NULL, NULL, NULL, NULL, NULL, NULL, 0, 1, 15.00, 'addiction', 'asset', 'automatic', NULL, 0, 0, 0, 0, 'Tax form Buyer', 1625944347),
(254, 1015, NULL, NULL, NULL, NULL, 98, NULL, NULL, NULL, NULL, NULL, NULL, NULL, 0, 0, 120.00, 'addiction', 'income', 'automatic', NULL, 0, 0, 0, 0, 'Income Sale', 1625944347),
(255, 1015, NULL, NULL, NULL, NULL, 98, NULL, NULL, NULL, NULL, NULL, NULL, NULL, 1, 0, 30.00, 'addiction', 'income', 'automatic', NULL, 0, 0, 0, 0, 'Commission from Seller', 1625944347),
(256, 930, 1, NULL, NULL, NULL, NULL, NULL, NULL, NULL, NULL, NULL, NULL, NULL, 0, 0, 600.00, 'addiction', 'asset', 'manual', NULL, 0, 0, 0, 0, 'Gifts from the platform', 1625950715),
(257, 995, 1, NULL, NULL, NULL, NULL, NULL, NULL, NULL, NULL, NULL, NULL, NULL, 0, 0, 1000.00, 'addiction', 'asset', 'automatic', NULL, 0, 0, 0, 0, 'offline payment approved', 1625950749),
(258, 995, NULL, NULL, NULL, NULL, 160, NULL, NULL, NULL, NULL, NULL, NULL, NULL, 0, 0, 110.00, 'deduction', 'asset', 'automatic', NULL, 0, 0, 0, 0, 'Paid for 1:00 hours of consultation', 1625952630),
(259, 995, NULL, NULL, NULL, NULL, 160, NULL, NULL, NULL, NULL, NULL, NULL, NULL, 0, 1, 10.00, 'addiction', 'asset', 'automatic', NULL, 0, 0, 0, 0, 'Tax form Buyer', 1625952630),
(260, 934, NULL, NULL, NULL, NULL, 160, NULL, NULL, NULL, NULL, NULL, NULL, NULL, 0, 0, 80.00, 'addiction', 'income', 'automatic', NULL, 0, 0, 0, 0, 'Income Sale', 1625952630),
(261, 934, NULL, NULL, NULL, NULL, 160, NULL, NULL, NULL, NULL, NULL, NULL, NULL, 1, 0, 20.00, 'addiction', 'income', 'automatic', NULL, 0, 0, 0, 0, 'Commission from Seller', 1625952630),
(262, 995, NULL, NULL, 2005, NULL, NULL, NULL, NULL, NULL, NULL, NULL, NULL, NULL, 0, 0, 11.00, 'deduction', 'asset', 'automatic', NULL, 0, 0, 0, 0, 'Paid form Credit', 1625953197),
(263, 995, NULL, NULL, 2005, NULL, NULL, NULL, NULL, NULL, NULL, NULL, NULL, NULL, 0, 1, 1.00, 'addiction', 'asset', 'automatic', NULL, 0, 0, 0, 0, 'Tax form Buyer', 1625953198),
(264, 4, NULL, NULL, 2005, NULL, NULL, NULL, NULL, NULL, NULL, NULL, NULL, NULL, 0, 0, 8.00, 'addiction', 'income', 'automatic', NULL, 0, 0, 0, 0, 'Income Sale', 1625953198),
(265, 4, NULL, NULL, 2005, NULL, NULL, NULL, NULL, NULL, NULL, NULL, NULL, NULL, 1, 0, 2.00, 'addiction', 'income', 'automatic', NULL, 0, 0, 0, 0, 'Commission from Seller', 1625953198),
(266, 979, 1, NULL, NULL, NULL, NULL, NULL, NULL, NULL, NULL, NULL, NULL, NULL, 0, 0, 400.00, 'addiction', 'asset', 'automatic', NULL, 0, 0, 0, 0, 'offline payment approved', 1625992548),
(267, 995, NULL, NULL, NULL, NULL, 103, NULL, NULL, NULL, NULL, NULL, NULL, NULL, 0, 0, 137.50, 'deduction', 'asset', 'automatic', NULL, 0, 0, 0, 0, 'Paid for 1:15 hours of consultation', 1625996816),
(268, 995, NULL, NULL, NULL, NULL, 103, NULL, NULL, NULL, NULL, NULL, NULL, NULL, 0, 1, 12.50, 'addiction', 'asset', 'automatic', NULL, 0, 0, 0, 0, 'Tax form Buyer', 1625996817),
(269, 1015, NULL, NULL, NULL, NULL, 103, NULL, NULL, NULL, NULL, NULL, NULL, NULL, 0, 0, 100.00, 'addiction', 'income', 'automatic', NULL, 0, 0, 0, 0, 'Income Sale', 1625996817),
(270, 1015, NULL, NULL, NULL, NULL, 103, NULL, NULL, NULL, NULL, NULL, NULL, NULL, 1, 0, 25.00, 'addiction', 'income', 'automatic', NULL, 0, 0, 0, 0, 'Commission from Seller', 1625996817),
(271, 995, NULL, NULL, 1999, NULL, NULL, NULL, NULL, NULL, NULL, NULL, NULL, NULL, 0, 0, 55.00, 'deduction', 'asset', 'automatic', NULL, 0, 0, 0, 0, 'Paid form Credit', 1625996942),
(272, 995, NULL, NULL, 1999, NULL, NULL, NULL, NULL, NULL, NULL, NULL, NULL, NULL, 0, 1, 5.00, 'addiction', 'asset', 'automatic', NULL, 0, 0, 0, 0, 'Tax form Buyer', 1625996943),
(273, 929, NULL, NULL, 1999, NULL, NULL, NULL, NULL, NULL, NULL, NULL, NULL, NULL, 0, 0, 45.00, 'addiction', 'income', 'automatic', NULL, 0, 0, 0, 0, 'Income Sale', 1625996943),
(274, 929, NULL, NULL, 1999, NULL, NULL, NULL, NULL, NULL, NULL, NULL, NULL, NULL, 1, 0, 5.00, 'addiction', 'income', 'automatic', NULL, 0, 0, 0, 0, 'Commission from Seller', 1625996943),
(275, 995, NULL, NULL, 1998, NULL, NULL, NULL, NULL, NULL, NULL, NULL, NULL, NULL, 0, 0, 55.00, 'deduction', 'asset', 'automatic', NULL, 0, 0, 0, 0, 'Paid form Credit', 1625996979),
(276, 995, NULL, NULL, 1998, NULL, NULL, NULL, NULL, NULL, NULL, NULL, NULL, NULL, 0, 1, 5.00, 'addiction', 'asset', 'automatic', NULL, 0, 0, 0, 0, 'Tax form Buyer', 1625996979),
(277, 1015, NULL, NULL, 1998, NULL, NULL, NULL, NULL, NULL, NULL, NULL, NULL, NULL, 0, 0, 40.00, 'addiction', 'income', 'automatic', NULL, 0, 0, 0, 0, 'Income Sale', 1625996979),
(278, 1015, NULL, NULL, 1998, NULL, NULL, NULL, NULL, NULL, NULL, NULL, NULL, NULL, 1, 0, 10.00, 'addiction', 'income', 'automatic', NULL, 0, 0, 0, 0, 'Commission from Seller', 1625996979),
(279, 995, NULL, NULL, 2001, NULL, NULL, NULL, NULL, NULL, NULL, NULL, NULL, NULL, 0, 0, 17.60, 'deduction', 'asset', 'automatic', NULL, 0, 0, 0, 0, 'Paid form Credit', 1625997105),
(280, 995, NULL, NULL, 2001, NULL, NULL, NULL, NULL, NULL, NULL, NULL, NULL, NULL, 0, 1, 1.60, 'addiction', 'asset', 'automatic', NULL, 0, 0, 0, 0, 'Tax form Buyer', 1625997106),
(281, 3, NULL, NULL, 2001, NULL, NULL, NULL, NULL, NULL, NULL, NULL, NULL, NULL, 0, 0, 14.40, 'addiction', 'income', 'automatic', NULL, 0, 0, 0, 0, 'Income Sale', 1625997106),
(282, 3, NULL, NULL, 2001, NULL, NULL, NULL, NULL, NULL, NULL, NULL, NULL, NULL, 1, 0, 1.60, 'addiction', 'income', 'automatic', NULL, 0, 0, 0, 0, 'Commission from Seller', 1625997106),
(283, 996, NULL, NULL, 2006, NULL, NULL, NULL, NULL, NULL, NULL, NULL, NULL, NULL, 0, 0, 24.75, 'deduction', 'asset', 'automatic', NULL, 0, 0, 0, 0, 'Paid form Credit', 1626060488),
(284, 996, NULL, NULL, 2006, NULL, NULL, NULL, NULL, NULL, NULL, NULL, NULL, NULL, 0, 1, 2.25, 'addiction', 'asset', 'automatic', NULL, 0, 0, 0, 0, 'Tax form Buyer', 1626060488),
(285, 867, NULL, NULL, 2006, NULL, NULL, NULL, NULL, NULL, NULL, NULL, NULL, NULL, 0, 0, 18.00, 'addiction', 'income', 'automatic', NULL, 0, 0, 0, 0, 'Income Sale', 1626060488),
(286, 867, NULL, NULL, 2006, NULL, NULL, NULL, NULL, NULL, NULL, NULL, NULL, NULL, 1, 0, 4.50, 'addiction', 'income', 'automatic', NULL, 0, 0, 0, 0, 'Commission from Seller', 1626060488),
(287, 996, NULL, NULL, 1998, NULL, NULL, NULL, NULL, NULL, NULL, NULL, NULL, NULL, 0, 0, 44.00, 'deduction', 'asset', 'automatic', NULL, 0, 0, 0, 0, 'Paid form Credit', 1626060553),
(288, 996, NULL, NULL, 1998, NULL, NULL, NULL, NULL, NULL, NULL, NULL, NULL, NULL, 0, 1, 4.00, 'addiction', 'asset', 'automatic', NULL, 0, 0, 0, 0, 'Tax form Buyer', 1626060553),
(289, 1015, NULL, NULL, 1998, NULL, NULL, NULL, NULL, NULL, NULL, NULL, NULL, NULL, 0, 0, 32.00, 'addiction', 'income', 'automatic', NULL, 0, 0, 0, 0, 'Income Sale', 1626060553),
(290, 1015, NULL, NULL, 1998, NULL, NULL, NULL, NULL, NULL, NULL, NULL, NULL, NULL, 1, 0, 8.00, 'addiction', 'income', 'automatic', NULL, 0, 0, 0, 0, 'Commission from Seller', 1626060553),
(291, 930, NULL, NULL, 1998, NULL, NULL, NULL, NULL, NULL, NULL, NULL, NULL, NULL, 0, 0, 55.00, 'deduction', 'asset', 'automatic', NULL, 0, 0, 0, 0, 'Paid form Credit', 1626060836),
(292, 930, NULL, NULL, 1998, NULL, NULL, NULL, NULL, NULL, NULL, NULL, NULL, NULL, 0, 1, 5.00, 'addiction', 'asset', 'automatic', NULL, 0, 0, 0, 0, 'Tax form Buyer', 1626060837),
(293, 1015, NULL, NULL, 1998, NULL, NULL, NULL, NULL, NULL, NULL, NULL, NULL, NULL, 0, 0, 40.00, 'addiction', 'income', 'automatic', NULL, 0, 0, 0, 0, 'Income Sale', 1626060837),
(294, 1015, NULL, NULL, 1998, NULL, NULL, NULL, NULL, NULL, NULL, NULL, NULL, NULL, 1, 0, 10.00, 'addiction', 'income', 'automatic', NULL, 0, 0, 0, 0, 'Commission from Seller', 1626060837),
(295, 1015, 1, NULL, NULL, NULL, NULL, NULL, NULL, NULL, NULL, NULL, NULL, NULL, 0, 0, 332.00, 'deduction', 'income', 'automatic', NULL, 0, 0, 0, 0, 'Payout request', 1626061220),
(296, 979, NULL, NULL, 2004, NULL, NULL, NULL, NULL, NULL, NULL, NULL, NULL, NULL, 0, 0, 66.00, 'deduction', 'asset', 'automatic', NULL, 0, 0, 0, 0, 'Paid form Credit', 1626061333),
(297, 979, NULL, NULL, 2004, NULL, NULL, NULL, NULL, NULL, NULL, NULL, NULL, NULL, 0, 1, 6.00, 'addiction', 'asset', 'automatic', NULL, 0, 0, 0, 0, 'Tax form Buyer', 1626061334),
(298, 929, NULL, NULL, 2004, NULL, NULL, NULL, NULL, NULL, NULL, NULL, NULL, NULL, 0, 0, 54.00, 'addiction', 'income', 'automatic', NULL, 0, 0, 0, 0, 'Income Sale', 1626061334),
(299, 929, NULL, NULL, 2004, NULL, NULL, NULL, NULL, NULL, NULL, NULL, NULL, NULL, 1, 0, 6.00, 'addiction', 'income', 'automatic', NULL, 0, 0, 0, 0, 'Commission from Seller', 1626061334),
(300, 979, NULL, NULL, 2002, NULL, NULL, NULL, NULL, NULL, NULL, NULL, NULL, NULL, 0, 0, 22.00, 'deduction', 'asset', 'automatic', NULL, 0, 0, 0, 0, 'Paid form Credit', 1626061374),
(301, 979, NULL, NULL, 2002, NULL, NULL, NULL, NULL, NULL, NULL, NULL, NULL, NULL, 0, 1, 2.00, 'addiction', 'asset', 'automatic', NULL, 0, 0, 0, 0, 'Tax form Buyer', 1626061374),
(302, 863, NULL, NULL, 2002, NULL, NULL, NULL, NULL, NULL, NULL, NULL, NULL, NULL, 0, 0, 16.00, 'addiction', 'income', 'automatic', NULL, 0, 0, 0, 0, 'Income Sale', 1626061374),
(303, 863, NULL, NULL, 2002, NULL, NULL, NULL, NULL, NULL, NULL, NULL, NULL, NULL, 1, 0, 4.00, 'addiction', 'income', 'automatic', NULL, 0, 0, 0, 0, 'Commission from Seller', 1626061374),
(304, 979, NULL, NULL, 2000, NULL, NULL, NULL, NULL, NULL, NULL, NULL, NULL, NULL, 0, 0, 33.00, 'deduction', 'asset', 'automatic', NULL, 0, 0, 0, 0, 'Paid form Credit', 1626061375),
(305, 979, NULL, NULL, 2000, NULL, NULL, NULL, NULL, NULL, NULL, NULL, NULL, NULL, 0, 1, 3.00, 'addiction', 'asset', 'automatic', NULL, 0, 0, 0, 0, 'Tax form Buyer', 1626061376),
(306, 867, NULL, NULL, 2000, NULL, NULL, NULL, NULL, NULL, NULL, NULL, NULL, NULL, 0, 0, 24.00, 'addiction', 'income', 'automatic', NULL, 0, 0, 0, 0, 'Income Sale', 1626061376),
(307, 867, NULL, NULL, 2000, NULL, NULL, NULL, NULL, NULL, NULL, NULL, NULL, NULL, 1, 0, 6.00, 'addiction', 'income', 'automatic', NULL, 0, 0, 0, 0, 'Commission from Seller', 1626061376),
(308, 995, NULL, NULL, NULL, NULL, NULL, 3, NULL, NULL, NULL, NULL, NULL, NULL, 0, 0, 22.00, 'deduction', 'asset', 'automatic', NULL, 0, 0, 0, 0, 'Paid form Credit', 1626061450),
(309, 995, NULL, NULL, NULL, NULL, NULL, 3, NULL, NULL, NULL, NULL, NULL, NULL, 0, 1, 2.00, 'addiction', 'asset', 'automatic', NULL, 0, 0, 0, 0, 'Tax form Buyer', 1626061451),
(310, 995, NULL, NULL, NULL, NULL, NULL, 3, NULL, NULL, NULL, NULL, NULL, NULL, 1, 0, 20.00, 'addiction', 'subscribe', 'automatic', NULL, 0, 0, 0, 0, 'Income for Subscribe', 1626061451),
(311, 867, NULL, NULL, 2006, NULL, NULL, NULL, NULL, NULL, NULL, NULL, NULL, NULL, 0, 0, 0.16, 'addiction', 'income', 'automatic', NULL, 0, 0, 0, 0, 'Paid for Subscribe', 1626061483),
(312, 1, NULL, NULL, 2006, NULL, NULL, NULL, NULL, NULL, NULL, NULL, NULL, NULL, 1, 0, 0.16, 'deduction', 'asset', 'automatic', NULL, 0, 0, 0, 0, 'Paid for Subscribe', 1626061483),
(313, 929, NULL, NULL, 2004, NULL, NULL, NULL, NULL, NULL, NULL, NULL, NULL, NULL, 0, 0, 0.16, 'addiction', 'income', 'automatic', NULL, 0, 0, 0, 0, 'Paid for Subscribe', 1626061490),
(314, 1, NULL, NULL, 2004, NULL, NULL, NULL, NULL, NULL, NULL, NULL, NULL, NULL, 1, 0, 0.16, 'deduction', 'asset', 'automatic', NULL, 0, 0, 0, 0, 'Paid for Subscribe', 1626061490),
(315, 863, NULL, NULL, 2002, NULL, NULL, NULL, NULL, NULL, NULL, NULL, NULL, NULL, 0, 0, 0.16, 'addiction', 'income', 'automatic', NULL, 0, 0, 0, 0, 'Paid for Subscribe', 1626061494),
(316, 1, NULL, NULL, 2002, NULL, NULL, NULL, NULL, NULL, NULL, NULL, NULL, NULL, 1, 0, 0.16, 'deduction', 'asset', 'automatic', NULL, 0, 0, 0, 0, 'Paid for Subscribe', 1626061494),
(317, 1015, 1, NULL, NULL, NULL, NULL, NULL, NULL, NULL, NULL, NULL, NULL, NULL, 0, 0, 500.00, 'addiction', 'asset', 'automatic', NULL, 0, 0, 0, 0, 'offline payment approved', 1626132570),
(318, 1015, NULL, NULL, 2002, NULL, NULL, NULL, NULL, NULL, NULL, NULL, NULL, NULL, 0, 0, 17.60, 'deduction', 'asset', 'automatic', NULL, 0, 0, 0, 0, 'Paid form Credit', 1626132845),
(319, 1015, NULL, NULL, 2002, NULL, NULL, NULL, NULL, NULL, NULL, NULL, NULL, NULL, 0, 1, 1.60, 'addiction', 'asset', 'automatic', NULL, 0, 0, 0, 0, 'Tax form Buyer', 1626132845),
(320, 863, NULL, NULL, 2002, NULL, NULL, NULL, NULL, NULL, NULL, NULL, NULL, NULL, 0, 0, 12.80, 'addiction', 'income', 'automatic', NULL, 0, 0, 0, 0, 'Income Sale', 1626132845),
(321, 863, NULL, NULL, 2002, NULL, NULL, NULL, NULL, NULL, NULL, NULL, NULL, NULL, 1, 0, 3.20, 'addiction', 'income', 'automatic', NULL, 0, 0, 0, 0, 'Commission from Seller', 1626132845),
(322, 929, 1, NULL, NULL, NULL, NULL, NULL, NULL, NULL, NULL, NULL, NULL, NULL, 0, 0, 300.00, 'addiction', 'asset', 'automatic', NULL, 0, 0, 0, 0, 'offline payment approved', 1626241074),
(323, 929, NULL, NULL, 2004, NULL, NULL, NULL, 3, NULL, NULL, NULL, NULL, NULL, 0, 0, 55.00, 'deduction', 'asset', 'automatic', NULL, 0, 0, 0, 0, 'Paid form Credit', 1626241152),
(324, 929, NULL, NULL, 2004, NULL, NULL, NULL, 3, NULL, NULL, NULL, NULL, NULL, 0, 1, 5.00, 'addiction', 'asset', 'automatic', NULL, 0, 0, 0, 0, 'Tax form Buyer', 1626241153),
(325, 929, NULL, NULL, NULL, NULL, NULL, NULL, 3, NULL, NULL, NULL, NULL, NULL, 1, 0, 50.00, 'addiction', 'promotion', 'automatic', NULL, 0, 0, 0, 0, 'Paid for Promotion', 1626241153),
(326, 929, NULL, NULL, 2003, NULL, NULL, NULL, NULL, NULL, NULL, NULL, NULL, NULL, 0, 0, 33.00, 'deduction', 'asset', 'automatic', NULL, 0, 0, 0, 0, 'Paid form Credit', 1626241213),
(327, 929, NULL, NULL, 2003, NULL, NULL, NULL, NULL, NULL, NULL, NULL, NULL, NULL, 0, 1, 3.00, 'addiction', 'asset', 'automatic', NULL, 0, 0, 0, 0, 'Tax form Buyer', 1626241214),
(328, 864, NULL, NULL, 2003, NULL, NULL, NULL, NULL, NULL, NULL, NULL, NULL, NULL, 0, 0, 24.00, 'addiction', 'income', 'automatic', NULL, 0, 0, 0, 0, 'Income Sale', 1626241214),
(329, 864, NULL, NULL, 2003, NULL, NULL, NULL, NULL, NULL, NULL, NULL, NULL, NULL, 1, 0, 6.00, 'addiction', 'income', 'automatic', NULL, 0, 0, 0, 0, 'Commission from Seller', 1626241214),
(330, 995, NULL, NULL, NULL, NULL, 114, NULL, NULL, NULL, NULL, NULL, NULL, NULL, 0, 0, 110.00, 'deduction', 'asset', 'automatic', NULL, 0, 0, 0, 0, 'Paid for 1:00 hours of consultation', 1626247196),
(331, 995, NULL, NULL, NULL, NULL, 114, NULL, NULL, NULL, NULL, NULL, NULL, NULL, 0, 1, 10.00, 'addiction', 'asset', 'automatic', NULL, 0, 0, 0, 0, 'Tax form Buyer', 1626247196),
(332, 870, NULL, NULL, NULL, NULL, 114, NULL, NULL, NULL, NULL, NULL, NULL, NULL, 0, 0, 80.00, 'addiction', 'income', 'automatic', NULL, 0, 0, 0, 0, 'Income Sale', 1626247196),
(333, 870, NULL, NULL, NULL, NULL, 114, NULL, NULL, NULL, NULL, NULL, NULL, NULL, 1, 0, 20.00, 'addiction', 'income', 'automatic', NULL, 0, 0, 0, 0, 'Commission from Seller', 1626247196),
(334, 995, NULL, NULL, NULL, NULL, 114, NULL, NULL, NULL, NULL, NULL, NULL, NULL, 0, 0, 110.00, 'addiction', 'asset', 'automatic', NULL, 0, 0, 0, 0, 'Refunded to Buyer', 1626247245),
(335, NULL, NULL, NULL, NULL, NULL, 114, NULL, NULL, NULL, NULL, NULL, NULL, NULL, 0, 1, 10.00, 'deduction', 'asset', 'automatic', NULL, 0, 0, 0, 0, 'Refunded Tax', 1626247245),
(336, 870, NULL, NULL, NULL, NULL, 114, NULL, NULL, NULL, NULL, NULL, NULL, NULL, 0, 0, 100.00, 'deduction', 'income', 'automatic', NULL, 0, 0, 0, 0, 'Refunded Income', 1626247245),
(337, 870, NULL, NULL, NULL, NULL, 114, NULL, NULL, NULL, NULL, NULL, NULL, NULL, 0, 0, 20.00, 'addiction', 'income', 'automatic', NULL, 0, 0, 0, 0, 'Refunded Commission to Seller', 1626247245),
(338, 870, NULL, NULL, NULL, NULL, 114, NULL, NULL, NULL, NULL, NULL, NULL, NULL, 1, 0, 20.00, 'deduction', 'income', 'automatic', NULL, 0, 0, 0, 0, 'Refunded Commission', 1626247245),
(339, 996, NULL, NULL, 2000, NULL, NULL, NULL, NULL, NULL, NULL, NULL, NULL, NULL, 0, 0, 29.70, 'deduction', 'asset', 'automatic', NULL, 0, 0, 0, 0, 'Paid form Credit', 1626508957),
(340, 996, NULL, NULL, 2000, NULL, NULL, NULL, NULL, NULL, NULL, NULL, NULL, NULL, 0, 1, 2.70, 'addiction', 'asset', 'automatic', NULL, 0, 0, 0, 0, 'Tax form Buyer', 1626508957),
(341, 867, NULL, NULL, 2000, NULL, NULL, NULL, NULL, NULL, NULL, NULL, NULL, NULL, 0, 0, 21.60, 'addiction', 'income', 'automatic', NULL, 0, 0, 0, 0, 'Income Sale', 1626508957),
(342, 867, NULL, NULL, 2000, NULL, NULL, NULL, NULL, NULL, NULL, NULL, NULL, NULL, 1, 0, 5.40, 'addiction', 'income', 'automatic', NULL, 0, 0, 0, 0, 'Commission from Seller', 1626508957),
(343, 930, 1, NULL, NULL, NULL, NULL, NULL, NULL, NULL, NULL, NULL, NULL, NULL, 0, 0, 250.00, 'addiction', 'asset', 'automatic', NULL, 0, 0, 0, 0, 'offline payment approved', 1628704280),
(344, 923, 1, NULL, NULL, NULL, NULL, NULL, NULL, NULL, NULL, NULL, NULL, NULL, 0, 0, 300.00, 'addiction', 'asset', 'automatic', NULL, 0, 0, 0, 0, 'offline payment approved', 1628704284),
(345, 995, 1, NULL, NULL, NULL, NULL, NULL, NULL, NULL, NULL, NULL, NULL, NULL, 0, 0, 200.00, 'addiction', 'asset', 'automatic', NULL, 0, 0, 0, 0, 'offline payment approved', 1628704378),
(346, 995, 1, NULL, NULL, NULL, NULL, NULL, NULL, NULL, NULL, NULL, NULL, NULL, 0, 0, 100.00, 'addiction', 'asset', 'automatic', NULL, 0, 0, 0, 0, 'offline payment approved', 1628704382),
(347, 996, 1, NULL, NULL, NULL, NULL, NULL, NULL, NULL, NULL, NULL, NULL, NULL, 0, 0, 200.00, 'addiction', 'asset', 'automatic', NULL, 0, 0, 0, 0, 'offline payment approved', 1628704397),
(348, 929, NULL, NULL, 2000, NULL, NULL, NULL, NULL, NULL, NULL, NULL, NULL, NULL, 0, 0, 33.00, 'deduction', 'asset', 'automatic', NULL, 0, 0, 0, 0, 'Paid form Credit', 1635412197),
(349, 929, NULL, NULL, 2000, NULL, NULL, NULL, NULL, NULL, NULL, NULL, NULL, NULL, 0, 1, 3.00, 'addiction', 'asset', 'automatic', NULL, 0, 0, 0, 0, 'Tax form Buyer', 1635412197),
(350, 867, NULL, NULL, 2000, NULL, NULL, NULL, NULL, NULL, NULL, NULL, NULL, NULL, 0, 0, 24.00, 'addiction', 'income', 'automatic', NULL, 0, 0, 0, 0, 'Income Sale', 1635412197),
(351, 867, NULL, NULL, 2000, NULL, NULL, NULL, NULL, NULL, NULL, NULL, NULL, NULL, 1, 0, 6.00, 'addiction', 'income', 'automatic', NULL, 0, 0, 0, 0, 'Commission from Seller', 1635412197),
(352, 1015, NULL, NULL, NULL, NULL, NULL, NULL, NULL, NULL, NULL, NULL, NULL, NULL, 0, 0, 80.00, 'addiction', 'income', 'automatic', 1017, 1, 0, 0, 0, 'public.get_amount_from_referral', 1639378855),
(353, 1015, NULL, NULL, NULL, NULL, NULL, NULL, NULL, NULL, NULL, NULL, NULL, NULL, 1, 0, 80.00, 'deduction', 'income', 'automatic', 1017, 1, 0, 0, 0, 'public.get_amount_from_referral', 1639378855),
(354, 1017, NULL, NULL, NULL, NULL, NULL, NULL, NULL, NULL, NULL, NULL, NULL, NULL, 0, 0, 50.00, 'addiction', 'income', 'automatic', NULL, 1, 0, 0, 0, 'public.get_amount_from_referral', 1639378855),
(355, 1017, NULL, NULL, NULL, NULL, NULL, NULL, NULL, NULL, NULL, NULL, NULL, NULL, 1, 0, 50.00, 'deduction', 'income', 'automatic', NULL, 1, 0, 0, 0, 'public.get_amount_from_referral', 1639378855),
(356, 1017, 1, NULL, NULL, NULL, NULL, NULL, NULL, NULL, NULL, NULL, NULL, NULL, 0, 0, 500.00, 'addiction', 'asset', 'manual', NULL, 0, 0, 0, 0, 'charging for test', 1639379205),
(357, 1017, NULL, NULL, 2000, NULL, NULL, NULL, NULL, NULL, NULL, NULL, NULL, NULL, 0, 0, 33.00, 'deduction', 'asset', 'automatic', NULL, 0, 0, 0, 0, 'Paid form Credit', 1639379284),
(358, 1017, NULL, NULL, 2000, NULL, NULL, NULL, NULL, NULL, NULL, NULL, NULL, NULL, 0, 1, 3.00, 'addiction', 'asset', 'automatic', NULL, 0, 0, 0, 0, 'Tax form Buyer', 1639379285),
(359, 867, NULL, NULL, 2000, NULL, NULL, NULL, NULL, NULL, NULL, NULL, NULL, NULL, 0, 0, 24.00, 'addiction', 'income', 'automatic', NULL, 0, 0, 0, 0, 'Income Sale', 1639379285),
(360, 867, NULL, NULL, 2000, NULL, NULL, NULL, NULL, NULL, NULL, NULL, NULL, NULL, 1, 0, 4.50, 'addiction', 'income', 'automatic', NULL, 0, 0, 0, 0, 'Commission from Seller', 1639379285),
(361, 1015, NULL, NULL, 2000, NULL, NULL, NULL, NULL, NULL, NULL, NULL, NULL, NULL, 0, 0, 1.50, 'addiction', 'income', 'automatic', 1017, 0, 1, 0, 0, 'public.get_commission_from_referral', 1639379285),
(362, 1017, NULL, NULL, 1998, NULL, NULL, NULL, NULL, NULL, NULL, NULL, NULL, NULL, 0, 0, 110.00, 'deduction', 'asset', 'automatic', NULL, 0, 0, 0, 0, 'Paid form Credit', 1639379351),
(363, 1017, NULL, NULL, 1998, NULL, NULL, NULL, NULL, NULL, NULL, NULL, NULL, NULL, 0, 1, 10.00, 'addiction', 'asset', 'automatic', NULL, 0, 0, 0, 0, 'Tax form Buyer', 1639379352),
(364, 1015, NULL, NULL, 1998, NULL, NULL, NULL, NULL, NULL, NULL, NULL, NULL, NULL, 0, 0, 80.00, 'addiction', 'income', 'automatic', NULL, 0, 0, 0, 0, 'Income Sale', 1639379352),
(365, 1015, NULL, NULL, 1998, NULL, NULL, NULL, NULL, NULL, NULL, NULL, NULL, NULL, 1, 0, 15.00, 'addiction', 'income', 'automatic', NULL, 0, 0, 0, 0, 'Commission from Seller', 1639379352),
(366, 1015, NULL, NULL, 1998, NULL, NULL, NULL, NULL, NULL, NULL, NULL, NULL, NULL, 0, 0, 5.00, 'addiction', 'income', 'automatic', 1017, 0, 1, 0, 0, 'public.get_commission_from_referral', 1639379352),
(367, 1017, NULL, NULL, 2003, NULL, NULL, NULL, NULL, NULL, NULL, NULL, NULL, NULL, 0, 0, 33.00, 'deduction', 'asset', 'automatic', NULL, 0, 0, 0, 0, 'Paid form Credit', 1639379394),
(368, 1017, NULL, NULL, 2003, NULL, NULL, NULL, NULL, NULL, NULL, NULL, NULL, NULL, 0, 1, 3.00, 'addiction', 'asset', 'automatic', NULL, 0, 0, 0, 0, 'Tax form Buyer', 1639379395),
(369, 864, NULL, NULL, 2003, NULL, NULL, NULL, NULL, NULL, NULL, NULL, NULL, NULL, 0, 0, 24.00, 'addiction', 'income', 'automatic', NULL, 0, 0, 0, 0, 'Income Sale', 1639379395),
(370, 864, NULL, NULL, 2003, NULL, NULL, NULL, NULL, NULL, NULL, NULL, NULL, NULL, 1, 0, 4.50, 'addiction', 'income', 'automatic', NULL, 0, 0, 0, 0, 'Commission from Seller', 1639379395),
(371, 1015, NULL, NULL, 2003, NULL, NULL, NULL, NULL, NULL, NULL, NULL, NULL, NULL, 0, 0, 1.50, 'addiction', 'income', 'automatic', 1017, 0, 1, 0, 0, 'public.get_commission_from_referral', 1639379395),
(372, 995, NULL, NULL, 2009, NULL, NULL, NULL, NULL, NULL, NULL, NULL, NULL, NULL, 0, 0, 11.00, 'deduction', 'asset', 'automatic', NULL, 0, 0, 0, 0, 'Paid Form Credit', 1646172087),
(373, 995, NULL, NULL, 2009, NULL, NULL, NULL, NULL, NULL, NULL, NULL, NULL, NULL, 0, 1, 1.00, 'addiction', 'asset', 'automatic', NULL, 0, 0, 0, 0, 'Tax Get Form Buyer', 1646172087),
(374, 1015, NULL, NULL, 2009, NULL, NULL, NULL, NULL, NULL, NULL, NULL, NULL, NULL, 0, 0, 8.00, 'addiction', 'income', 'automatic', NULL, 0, 0, 0, 0, 'Income Sale', 1646172087),
(375, 1015, NULL, NULL, 2009, NULL, NULL, NULL, NULL, NULL, NULL, NULL, NULL, NULL, 1, 0, 2.00, 'addiction', 'income', 'automatic', NULL, 0, 0, 0, 0, 'Get Commission From Seller', 1646172087),
(376, 996, NULL, NULL, 2009, NULL, NULL, NULL, NULL, NULL, NULL, NULL, NULL, NULL, 0, 0, 9.90, 'deduction', 'asset', 'automatic', NULL, 0, 0, 0, 0, 'Paid Form Credit', 1646172124),
(377, 996, NULL, NULL, 2009, NULL, NULL, NULL, NULL, NULL, NULL, NULL, NULL, NULL, 0, 1, 0.90, 'addiction', 'asset', 'automatic', NULL, 0, 0, 0, 0, 'Tax Get Form Buyer', 1646172124),
(378, 1015, NULL, NULL, 2009, NULL, NULL, NULL, NULL, NULL, NULL, NULL, NULL, NULL, 0, 0, 7.20, 'addiction', 'income', 'automatic', NULL, 0, 0, 0, 0, 'Income Sale', 1646172124),
(379, 1015, NULL, NULL, 2009, NULL, NULL, NULL, NULL, NULL, NULL, NULL, NULL, NULL, 1, 0, 1.80, 'addiction', 'income', 'automatic', NULL, 0, 0, 0, 0, 'Get Commission From Seller', 1646172124),
(380, 979, NULL, NULL, 2009, NULL, NULL, NULL, NULL, NULL, NULL, NULL, NULL, NULL, 0, 0, 11.00, 'deduction', 'asset', 'automatic', NULL, 0, 0, 0, 0, 'Paid Form Credit', 1646172160),
(381, 979, NULL, NULL, 2009, NULL, NULL, NULL, NULL, NULL, NULL, NULL, NULL, NULL, 0, 1, 1.00, 'addiction', 'asset', 'automatic', NULL, 0, 0, 0, 0, 'Tax Get Form Buyer', 1646172160),
(382, 1015, NULL, NULL, 2009, NULL, NULL, NULL, NULL, NULL, NULL, NULL, NULL, NULL, 0, 0, 8.00, 'addiction', 'income', 'automatic', NULL, 0, 0, 0, 0, 'Income Sale', 1646172160),
(383, 1015, NULL, NULL, 2009, NULL, NULL, NULL, NULL, NULL, NULL, NULL, NULL, NULL, 1, 0, 2.00, 'addiction', 'income', 'automatic', NULL, 0, 0, 0, 0, 'Get Commission From Seller', 1646172160),
(384, 929, NULL, NULL, 2009, NULL, NULL, NULL, NULL, NULL, NULL, NULL, NULL, NULL, 0, 0, 11.00, 'deduction', 'asset', 'automatic', NULL, 0, 0, 0, 0, 'Paid Form Credit', 1646172296),
(385, 929, NULL, NULL, 2009, NULL, NULL, NULL, NULL, NULL, NULL, NULL, NULL, NULL, 0, 1, 1.00, 'addiction', 'asset', 'automatic', NULL, 0, 0, 0, 0, 'Tax Get Form Buyer', 1646172297),
(386, 1015, NULL, NULL, 2009, NULL, NULL, NULL, NULL, NULL, NULL, NULL, NULL, NULL, 0, 0, 8.00, 'addiction', 'income', 'automatic', NULL, 0, 0, 0, 0, 'Income Sale', 1646172297),
(387, 1015, NULL, NULL, 2009, NULL, NULL, NULL, NULL, NULL, NULL, NULL, NULL, NULL, 1, 0, 2.00, 'addiction', 'income', 'automatic', NULL, 0, 0, 0, 0, 'Get Commission From Seller', 1646172297),
(388, 995, NULL, NULL, NULL, NULL, 169, NULL, NULL, NULL, NULL, NULL, NULL, NULL, 0, 0, 825.00, 'deduction', 'asset', 'automatic', NULL, 0, 0, 0, 0, 'Paid for 1:00 hours of consultation', 1646379290),
(389, 995, NULL, NULL, NULL, NULL, 169, NULL, NULL, NULL, NULL, NULL, NULL, NULL, 0, 1, 75.00, 'addiction', 'asset', 'automatic', NULL, 0, 0, 0, 0, 'Tax Get Form Buyer', 1646379290),
(390, 1015, NULL, NULL, NULL, NULL, 169, NULL, NULL, NULL, NULL, NULL, NULL, NULL, 0, 0, 600.00, 'addiction', 'income', 'automatic', NULL, 0, 0, 0, 0, 'Income Sale', 1646379290),
(391, 1015, NULL, NULL, NULL, NULL, 169, NULL, NULL, NULL, NULL, NULL, NULL, NULL, 1, 0, 150.00, 'addiction', 'income', 'automatic', NULL, 0, 0, 0, 0, 'Get Commission From Seller', 1646379290),
(392, 867, 1, NULL, NULL, NULL, NULL, NULL, NULL, NULL, NULL, NULL, NULL, NULL, 0, 0, 200.00, 'addiction', 'asset', 'manual', NULL, 0, 0, 0, 0, 'gift', 1646381415),
(393, 930, NULL, NULL, NULL, NULL, NULL, NULL, NULL, 2, NULL, NULL, NULL, NULL, 0, 0, 218.90, 'deduction', 'asset', 'automatic', NULL, 0, 0, 0, 0, 'Paid Form Credit', 1646386792),
(394, 930, NULL, NULL, NULL, NULL, NULL, NULL, NULL, 2, NULL, NULL, NULL, NULL, 0, 1, 19.90, 'addiction', 'asset', 'automatic', NULL, 0, 0, 0, 0, 'Tax Get Form Buyer', 1646386797),
(395, 1, NULL, NULL, NULL, NULL, NULL, NULL, NULL, 2, NULL, NULL, NULL, NULL, 1, 0, 199.00, 'addiction', 'registration_package', 'automatic', NULL, 0, 0, 0, 0, 'Paid For Registration Package', 1646386797),
(396, 859, 1, NULL, NULL, NULL, NULL, NULL, NULL, NULL, NULL, NULL, NULL, NULL, 0, 0, 500.00, 'addiction', 'asset', 'manual', NULL, 0, 0, 0, 0, 'Charge for the test.', 1646387608),
(397, 859, NULL, NULL, NULL, NULL, NULL, NULL, NULL, 4, NULL, NULL, NULL, NULL, 0, 0, 220.00, 'deduction', 'asset', 'automatic', NULL, 0, 0, 0, 0, 'Paid Form Credit', 1646387660),
(398, 859, NULL, NULL, NULL, NULL, NULL, NULL, NULL, 4, NULL, NULL, NULL, NULL, 0, 1, 20.00, 'addiction', 'asset', 'automatic', NULL, 0, 0, 0, 0, 'Tax Get Form Buyer', 1646387660),
(399, 1, NULL, NULL, NULL, NULL, NULL, NULL, NULL, 4, NULL, NULL, NULL, NULL, 1, 0, 200.00, 'addiction', 'registration_package', 'automatic', NULL, 0, 0, 0, 0, 'Paid For Registration Package', 1646387660),
(400, 930, NULL, NULL, NULL, 1, NULL, NULL, NULL, NULL, NULL, NULL, NULL, NULL, 0, 0, 55.00, 'deduction', 'asset', 'automatic', NULL, 0, 0, 0, 0, 'Paid form credit', 1656083263),
(401, 930, NULL, NULL, NULL, 1, NULL, NULL, NULL, NULL, NULL, NULL, NULL, NULL, 0, 1, 5.00, 'addiction', 'asset', 'automatic', NULL, 0, 0, 0, 0, 'Tax form buyer', 1656083263),
(402, 1015, NULL, NULL, NULL, 1, NULL, NULL, NULL, NULL, NULL, NULL, NULL, NULL, 0, 0, 40.00, 'addiction', 'income', 'automatic', NULL, 0, 0, 0, 0, 'Sales income', 1656083263),
(403, 1015, NULL, NULL, NULL, 1, NULL, NULL, NULL, NULL, NULL, NULL, NULL, NULL, 1, 0, 10.00, 'addiction', 'income', 'automatic', NULL, 0, 0, 0, 0, 'Seller commission', 1656083263),
(404, 995, NULL, NULL, NULL, NULL, NULL, NULL, NULL, NULL, 4, NULL, NULL, NULL, 0, 0, 5.25, 'deduction', 'asset', 'automatic', NULL, 0, 0, 0, 0, 'Paid form credit', 1656103844),
(405, 995, NULL, NULL, NULL, NULL, NULL, NULL, NULL, NULL, 4, NULL, NULL, NULL, 0, 1, 0.25, 'addiction', 'asset', 'automatic', NULL, 0, 0, 0, 0, 'Tax form buyer', 1656103844),
(406, 1016, NULL, NULL, NULL, NULL, NULL, NULL, NULL, NULL, 4, NULL, NULL, NULL, 0, 0, 4.00, 'addiction', 'income', 'automatic', NULL, 0, 0, 0, 0, 'Sales income', 1656103844),
(407, 1016, NULL, NULL, NULL, NULL, NULL, NULL, NULL, NULL, 4, NULL, NULL, NULL, 1, 0, 1.00, 'addiction', 'income', 'automatic', NULL, 0, 0, 0, 0, 'Seller commission', 1656103844),
(408, 923, NULL, NULL, NULL, NULL, NULL, NULL, NULL, NULL, 1, NULL, NULL, NULL, 0, 0, 31.25, 'deduction', 'asset', 'automatic', NULL, 0, 0, 0, 0, 'Paid form credit', 1656104131),
(409, 923, NULL, NULL, NULL, NULL, NULL, NULL, NULL, NULL, 1, NULL, NULL, NULL, 0, 1, 1.25, 'addiction', 'asset', 'automatic', NULL, 0, 0, 0, 0, 'Tax form buyer', 1656104132),
(410, 1015, NULL, NULL, NULL, NULL, NULL, NULL, NULL, NULL, 1, NULL, NULL, NULL, 0, 0, 27.50, 'addiction', 'income', 'automatic', NULL, 0, 0, 0, 0, 'Sales income', 1656104132),
(411, 1015, NULL, NULL, NULL, NULL, NULL, NULL, NULL, NULL, 1, NULL, NULL, NULL, 1, 0, 2.50, 'addiction', 'income', 'automatic', NULL, 0, 0, 0, 0, 'Seller commission', 1656104132),
(412, 996, NULL, NULL, 2003, NULL, NULL, NULL, NULL, NULL, NULL, NULL, NULL, NULL, 0, 0, 39.60, 'deduction', 'asset', 'automatic', NULL, 0, 0, 0, 0, 'Paid form credit', 1656130482),
(413, 996, NULL, NULL, 2003, NULL, NULL, NULL, NULL, NULL, NULL, NULL, NULL, NULL, 0, 1, 3.60, 'addiction', 'asset', 'automatic', NULL, 0, 0, 0, 0, 'Tax form buyer', 1656130482),
(414, 864, NULL, NULL, 2003, NULL, NULL, NULL, NULL, NULL, NULL, NULL, NULL, NULL, 0, 0, 28.80, 'addiction', 'income', 'automatic', NULL, 0, 0, 0, 0, 'Sales income', 1656130482),
(415, 864, NULL, NULL, 2003, NULL, NULL, NULL, NULL, NULL, NULL, NULL, NULL, NULL, 1, 0, 7.20, 'addiction', 'income', 'automatic', NULL, 0, 0, 0, 0, 'Seller commission', 1656130482),
(416, 930, NULL, NULL, NULL, NULL, NULL, NULL, NULL, NULL, 2, NULL, NULL, NULL, 0, 0, 314.50, 'deduction', 'asset', 'automatic', NULL, 0, 0, 0, 0, 'Paid form credit', 1656130707),
(417, 930, NULL, NULL, NULL, NULL, NULL, NULL, NULL, NULL, 2, NULL, NULL, NULL, 0, 1, 14.50, 'addiction', 'asset', 'automatic', NULL, 0, 0, 0, 0, 'Tax form buyer', 1656130707),
(418, 934, NULL, NULL, NULL, NULL, NULL, NULL, NULL, NULL, 2, NULL, NULL, NULL, 0, 0, 271.00, 'addiction', 'income', 'automatic', NULL, 0, 0, 0, 0, 'Sales income', 1656130707),
(419, 934, NULL, NULL, NULL, NULL, NULL, NULL, NULL, NULL, 2, NULL, NULL, NULL, 1, 0, 29.00, 'addiction', 'income', 'automatic', NULL, 0, 0, 0, 0, 'Seller commission', 1656130707),
(420, 996, NULL, NULL, NULL, NULL, NULL, NULL, NULL, NULL, 5, NULL, NULL, NULL, 0, 0, 78.75, 'deduction', 'asset', 'automatic', NULL, 0, 0, 0, 0, 'Paid form credit', 1656130963),
(421, 996, NULL, NULL, NULL, NULL, NULL, NULL, NULL, NULL, 5, NULL, NULL, NULL, 0, 1, 3.75, 'addiction', 'asset', 'automatic', NULL, 0, 0, 0, 0, 'Tax form buyer', 1656130964),
(422, 1015, NULL, NULL, NULL, NULL, NULL, NULL, NULL, NULL, 5, NULL, NULL, NULL, 0, 0, 60.00, 'addiction', 'income', 'automatic', NULL, 0, 0, 0, 0, 'Sales income', 1656130964),
(423, 1015, NULL, NULL, NULL, NULL, NULL, NULL, NULL, NULL, 5, NULL, NULL, NULL, 1, 0, 15.00, 'addiction', 'income', 'automatic', NULL, 0, 0, 0, 0, 'Seller commission', 1656130964),
(424, 979, NULL, NULL, NULL, 2, NULL, NULL, NULL, NULL, NULL, NULL, NULL, NULL, 0, 0, 8.80, 'deduction', 'asset', 'automatic', NULL, 0, 0, 0, 0, 'Paid form credit', 1656139704),
(425, 979, NULL, NULL, NULL, 2, NULL, NULL, NULL, NULL, NULL, NULL, NULL, NULL, 0, 1, 0.80, 'addiction', 'asset', 'automatic', NULL, 0, 0, 0, 0, 'Tax form buyer', 1656139705),
(426, 934, NULL, NULL, NULL, 2, NULL, NULL, NULL, NULL, NULL, NULL, NULL, NULL, 0, 0, 6.40, 'addiction', 'income', 'automatic', NULL, 0, 0, 0, 0, 'Sales income', 1656139705),
(427, 934, NULL, NULL, NULL, 2, NULL, NULL, NULL, NULL, NULL, NULL, NULL, NULL, 1, 0, 1.60, 'addiction', 'income', 'automatic', NULL, 0, 0, 0, 0, 'Seller commission', 1656139705),
(428, 979, NULL, NULL, NULL, 3, NULL, NULL, NULL, NULL, NULL, NULL, NULL, NULL, 0, 0, 27.50, 'deduction', 'asset', 'automatic', NULL, 0, 0, 0, 0, 'Paid form credit', 1656139705),
(429, 979, NULL, NULL, NULL, 3, NULL, NULL, NULL, NULL, NULL, NULL, NULL, NULL, 0, 1, 2.50, 'addiction', 'asset', 'automatic', NULL, 0, 0, 0, 0, 'Tax form buyer', 1656139706),
(430, 929, NULL, NULL, NULL, 3, NULL, NULL, NULL, NULL, NULL, NULL, NULL, NULL, 0, 0, 20.00, 'addiction', 'income', 'automatic', NULL, 0, 0, 0, 0, 'Sales income', 1656139706),
(431, 929, NULL, NULL, NULL, 3, NULL, NULL, NULL, NULL, NULL, NULL, NULL, NULL, 1, 0, 5.00, 'addiction', 'income', 'automatic', NULL, 0, 0, 0, 0, 'Seller commission', 1656139706),
(432, 1017, NULL, NULL, NULL, NULL, NULL, NULL, NULL, NULL, 1, NULL, NULL, NULL, 0, 0, 26.00, 'deduction', 'asset', 'automatic', NULL, 0, 0, 0, 0, 'Paid form credit', 1656148574),
(433, 1017, NULL, NULL, NULL, NULL, NULL, NULL, NULL, NULL, 1, NULL, NULL, NULL, 0, 1, 1.00, 'addiction', 'asset', 'automatic', NULL, 0, 0, 0, 0, 'Tax form buyer', 1656148574),
(434, 1015, NULL, NULL, NULL, NULL, NULL, NULL, NULL, NULL, 1, NULL, NULL, NULL, 0, 0, 23.00, 'addiction', 'income', 'automatic', NULL, 0, 0, 0, 0, 'Sales income', 1656148574),
(435, 1015, NULL, NULL, NULL, NULL, NULL, NULL, NULL, NULL, 1, NULL, NULL, NULL, 1, 0, 2.00, 'addiction', 'income', 'automatic', NULL, 0, 0, 0, 0, 'Seller commission', 1656148574),
(436, 995, 1, NULL, NULL, NULL, NULL, NULL, NULL, NULL, NULL, NULL, NULL, NULL, 0, 0, 300.00, 'addiction', 'asset', 'manual', NULL, 0, 0, 0, 0, 'Gift Balance', 1656148789),
(437, 995, NULL, NULL, NULL, NULL, NULL, NULL, NULL, NULL, 1, NULL, NULL, NULL, 0, 0, 52.25, 'deduction', 'asset', 'automatic', NULL, 0, 0, 0, 0, 'Paid form credit', 1656148838),
(438, 995, NULL, NULL, NULL, NULL, NULL, NULL, NULL, NULL, 1, NULL, NULL, NULL, 0, 1, 2.25, 'addiction', 'asset', 'automatic', NULL, 0, 0, 0, 0, 'Tax form buyer', 1656148838),
(439, 1015, NULL, NULL, NULL, NULL, NULL, NULL, NULL, NULL, 1, NULL, NULL, NULL, 0, 0, 45.50, 'addiction', 'income', 'automatic', NULL, 0, 0, 0, 0, 'Sales income', 1656148838),
(440, 1015, NULL, NULL, NULL, NULL, NULL, NULL, NULL, NULL, 1, NULL, NULL, NULL, 1, 0, 4.50, 'addiction', 'income', 'automatic', NULL, 0, 0, 0, 0, 'Seller commission', 1656148838),
(441, 995, NULL, NULL, NULL, NULL, NULL, NULL, NULL, NULL, 6, NULL, NULL, NULL, 0, 0, 17.00, 'deduction', 'asset', 'automatic', NULL, 0, 0, 0, 0, 'Paid form credit', 1656322658),
(442, 995, NULL, NULL, NULL, NULL, NULL, NULL, NULL, NULL, 6, NULL, NULL, NULL, 0, 1, 1.00, 'addiction', 'asset', 'automatic', NULL, 0, 0, 0, 0, 'Tax form buyer', 1656322658),
(443, 1, NULL, NULL, NULL, NULL, NULL, NULL, NULL, NULL, 6, NULL, NULL, NULL, 0, 0, 12.00, 'addiction', 'income', 'automatic', NULL, 0, 0, 0, 0, 'Sales income', 1656322658),
(444, 1, NULL, NULL, NULL, NULL, NULL, NULL, NULL, NULL, 6, NULL, NULL, NULL, 1, 0, 4.00, 'addiction', 'income', 'automatic', NULL, 0, 0, 0, 0, 'Seller commission', 1656322658),
(739, 870, NULL, NULL, 2022, NULL, NULL, NULL, NULL, NULL, NULL, NULL, 1, NULL, 0, 0, 80.00, 'addiction', 'income', 'automatic', NULL, 0, 0, 0, 0, 'Sales income', 1678915553),
(740, 870, NULL, NULL, 2022, NULL, NULL, NULL, NULL, NULL, NULL, NULL, NULL, NULL, 1, 0, 20.00, 'addiction', 'income', 'automatic', NULL, 0, 0, 0, 0, 'Seller commission', 1678915553),
(744, 979, NULL, 694, 2004, NULL, NULL, NULL, NULL, NULL, NULL, NULL, NULL, 6, 0, 0, 39.60, 'deduction', 'asset', 'automatic', NULL, 0, 0, 0, 0, 'Paid form credit', 1678919437),
(745, 979, NULL, 694, 2004, NULL, NULL, NULL, NULL, NULL, NULL, NULL, NULL, 6, 0, 1, 3.60, 'addiction', 'asset', 'automatic', NULL, 0, 0, 0, 0, 'Tax form buyer', 1678919437),
(746, 929, NULL, 694, 2004, NULL, NULL, NULL, NULL, NULL, NULL, NULL, NULL, NULL, 0, 0, 32.40, 'addiction', 'income', 'automatic', NULL, 0, 0, 0, 0, 'Sales income', 1678919437),
(747, 929, NULL, 694, 2004, NULL, NULL, NULL, NULL, NULL, NULL, NULL, NULL, NULL, 1, 0, 3.60, 'addiction', 'income', 'automatic', NULL, 0, 0, 0, 0, 'Seller commission', 1678919437),
(788, 995, NULL, NULL, NULL, NULL, NULL, NULL, NULL, NULL, NULL, NULL, NULL, NULL, 0, 0, 20.00, 'addiction', 'income', 'automatic', 1045, 1, 0, 0, 0, 'Affiliate income', 1678958778),
(789, 995, NULL, NULL, NULL, NULL, NULL, NULL, NULL, NULL, NULL, NULL, NULL, NULL, 1, 0, 20.00, 'deduction', 'income', 'automatic', 1045, 1, 0, 0, 0, 'Affiliate income', 1678958778),
(790, 1045, NULL, NULL, NULL, NULL, NULL, NULL, NULL, NULL, NULL, NULL, NULL, NULL, 0, 0, 10.00, 'addiction', 'income', 'automatic', NULL, 1, 0, 0, 0, 'Affiliate income', 1678958778),
(791, 1045, NULL, NULL, NULL, NULL, NULL, NULL, NULL, NULL, NULL, NULL, NULL, NULL, 1, 0, 10.00, 'deduction', 'income', 'automatic', NULL, 1, 0, 0, 0, 'Affiliate income', 1678958778),
(792, 1045, 1, NULL, NULL, NULL, NULL, NULL, NULL, NULL, NULL, NULL, NULL, NULL, 0, 0, 150.00, 'addiction', 'asset', 'manual', NULL, 0, 0, 0, 0, 'test', 1678959187),
(793, 1045, NULL, 701, 2022, NULL, NULL, NULL, NULL, NULL, NULL, NULL, NULL, NULL, 0, 0, 110.00, 'deduction', 'asset', 'automatic', NULL, 0, 0, 0, 0, 'Paid form credit', 1678959222),
(794, 1045, NULL, 701, 2022, NULL, NULL, NULL, NULL, NULL, NULL, NULL, NULL, NULL, 0, 1, 10.00, 'addiction', 'asset', 'automatic', NULL, 0, 0, 0, 0, 'Tax form buyer', 1678959222),
(795, 870, NULL, 701, 2022, NULL, NULL, NULL, NULL, NULL, NULL, NULL, NULL, NULL, 0, 0, 80.00, 'addiction', 'income', 'automatic', NULL, 0, 0, 0, 0, 'Sales income', 1678959222),
(796, 870, NULL, 701, 2022, NULL, NULL, NULL, NULL, NULL, NULL, NULL, NULL, NULL, 1, 0, 15.00, 'addiction', 'income', 'automatic', NULL, 0, 0, 0, 0, 'Seller commission', 1678959222),
(797, 995, NULL, 701, 2022, NULL, NULL, NULL, NULL, NULL, NULL, NULL, NULL, NULL, 0, 0, 5.00, 'addiction', 'income', 'automatic', 1045, 0, 1, 0, 0, 'Affiliate income', 1678959222),
(798, 995, NULL, NULL, NULL, NULL, NULL, NULL, NULL, NULL, NULL, NULL, NULL, NULL, 0, 0, 20.00, 'addiction', 'income', 'automatic', 1046, 1, 0, 0, 0, 'Affiliate income', 1678959533),
(799, 995, NULL, NULL, NULL, NULL, NULL, NULL, NULL, NULL, NULL, NULL, NULL, NULL, 1, 0, 20.00, 'deduction', 'income', 'automatic', 1046, 1, 0, 0, 0, 'Affiliate income', 1678959533),
(800, 1046, NULL, NULL, NULL, NULL, NULL, NULL, NULL, NULL, NULL, NULL, NULL, NULL, 0, 0, 10.00, 'addiction', 'income', 'automatic', NULL, 1, 0, 0, 0, 'Affiliate income', 1678959533),
(801, 1046, NULL, NULL, NULL, NULL, NULL, NULL, NULL, NULL, NULL, NULL, NULL, NULL, 1, 0, 10.00, 'deduction', 'income', 'automatic', NULL, 1, 0, 0, 0, 'Affiliate income', 1678959533),
(805, 930, NULL, 703, 2004, NULL, NULL, NULL, NULL, NULL, NULL, NULL, NULL, NULL, 0, 0, 39.60, 'deduction', 'asset', 'automatic', NULL, 0, 0, 0, 0, 'Paid form credit', 1678961218),
(806, 930, NULL, 703, 2004, NULL, NULL, NULL, NULL, NULL, NULL, NULL, NULL, NULL, 0, 1, 3.60, 'addiction', 'asset', 'automatic', NULL, 0, 0, 0, 0, 'Tax form buyer', 1678961218),
(807, 929, NULL, 703, 2004, NULL, NULL, NULL, NULL, NULL, NULL, NULL, NULL, NULL, 0, 0, 32.40, 'addiction', 'income', 'automatic', NULL, 0, 0, 0, 0, 'Sales income', 1678961218),
(808, 929, NULL, 703, 2004, NULL, NULL, NULL, NULL, NULL, NULL, NULL, NULL, NULL, 1, 0, 3.60, 'addiction', 'income', 'automatic', NULL, 0, 0, 0, 0, 'Seller commission', 1678961218),
(809, 930, NULL, 703, 2004, NULL, NULL, NULL, NULL, NULL, NULL, NULL, NULL, NULL, 0, 0, 3.60, 'addiction', 'asset', 'automatic', NULL, 0, 0, 0, 1, 'Cashback For Course', 1678961218),
(810, 930, NULL, 703, 2004, NULL, NULL, NULL, NULL, NULL, NULL, NULL, NULL, NULL, 1, 0, 3.60, 'deduction', 'asset', 'automatic', NULL, 0, 0, 0, 1, 'Cashback For Course', 1678961218),
(812, 870, NULL, NULL, 2022, NULL, NULL, NULL, NULL, NULL, NULL, NULL, NULL, NULL, 1, 0, 20.00, 'addiction', 'income', 'automatic', NULL, 0, 0, 0, 0, 'Seller commission', 1678961558),
(816, 979, NULL, 704, NULL, NULL, NULL, NULL, NULL, NULL, NULL, NULL, NULL, NULL, 0, 0, 3.00, 'addiction', 'asset', 'automatic', NULL, 0, 0, 0, 1, NULL, 1678961652),
(817, 979, NULL, 704, NULL, NULL, NULL, NULL, NULL, NULL, NULL, NULL, NULL, NULL, 1, 0, 3.00, 'deduction', 'asset', 'automatic', NULL, 0, 0, 0, 1, NULL, 1678961652),
(818, 1045, NULL, 705, 2000, NULL, NULL, NULL, NULL, NULL, NULL, NULL, NULL, NULL, 0, 0, 33.00, 'deduction', 'asset', 'automatic', NULL, 0, 0, 0, 0, 'Paid form credit', 1679088431),
(819, 1045, NULL, 705, 2000, NULL, NULL, NULL, NULL, NULL, NULL, NULL, NULL, NULL, 0, 1, 3.00, 'addiction', 'asset', 'automatic', NULL, 0, 0, 0, 0, 'Tax form buyer', 1679088431),
(820, 867, NULL, 705, 2000, NULL, NULL, NULL, NULL, NULL, NULL, NULL, NULL, NULL, 0, 0, 24.00, 'addiction', 'income', 'automatic', NULL, 0, 0, 0, 0, 'Sales income', 1679088431),
(821, 867, NULL, 705, 2000, NULL, NULL, NULL, NULL, NULL, NULL, NULL, NULL, NULL, 1, 0, 4.50, 'addiction', 'income', 'automatic', NULL, 0, 0, 0, 0, 'Seller commission', 1679088431),
(822, 995, NULL, 705, 2000, NULL, NULL, NULL, NULL, NULL, NULL, NULL, NULL, NULL, 0, 0, 1.50, 'addiction', 'income', 'automatic', 1045, 0, 1, 0, 0, 'Affiliate income', 1679088431),
(823, 1045, NULL, 705, 2000, NULL, NULL, NULL, NULL, NULL, NULL, NULL, NULL, NULL, 0, 0, 3.00, 'addiction', 'asset', 'automatic', NULL, 0, 0, 0, 1, 'Cashback For Course', 1679088431),
(824, 1045, NULL, 705, 2000, NULL, NULL, NULL, NULL, NULL, NULL, NULL, NULL, NULL, 1, 0, 3.00, 'deduction', 'asset', 'automatic', NULL, 0, 0, 0, 1, 'Cashback For Course', 1679088431),
(828, 995, NULL, 706, NULL, NULL, NULL, NULL, NULL, NULL, NULL, NULL, NULL, NULL, 0, 0, 3.00, 'addiction', 'asset', 'automatic', NULL, 0, 0, 0, 1, NULL, 1685783051),
(829, 995, NULL, 706, NULL, NULL, NULL, NULL, NULL, NULL, NULL, NULL, NULL, NULL, 1, 0, 3.00, 'deduction', 'asset', 'automatic', NULL, 0, 0, 0, 1, NULL, 1685783051),
(830, 870, NULL, NULL, 2022, NULL, NULL, NULL, NULL, NULL, NULL, NULL, 1, NULL, 0, 0, 80.00, 'addiction', 'income', 'automatic', NULL, 0, 0, 0, 0, 'Sales income', 1685783075),
(831, 870, NULL, NULL, 2022, NULL, NULL, NULL, NULL, NULL, NULL, NULL, NULL, NULL, 1, 0, 20.00, 'addiction', 'income', 'automatic', NULL, 0, 0, 0, 0, 'Seller commission', 1685783075),
(835, 930, NULL, 707, NULL, NULL, NULL, NULL, NULL, NULL, NULL, NULL, NULL, NULL, 0, 0, 3.00, 'addiction', 'asset', 'automatic', NULL, 0, 0, 0, 1, NULL, 1685783153),
(836, 930, NULL, 707, NULL, NULL, NULL, NULL, NULL, NULL, NULL, NULL, NULL, NULL, 1, 0, 3.00, 'deduction', 'asset', 'automatic', NULL, 0, 0, 0, 1, NULL, 1685783153),
(837, 1047, 1, NULL, NULL, NULL, NULL, NULL, NULL, NULL, NULL, NULL, NULL, NULL, 0, 0, 60.00, 'deduction', 'asset', 'manual', NULL, 0, 0, 0, 0, 'Welcome', 1729333058);

INSERT INTO `cschool`.`accreditation_sections` (`id`, `sm_title`, `big_title`, `description`, `logos`, `created_at`, `updated_at`) VALUES (1, '', '', '', '[]', '2025-05-06 16:57:53', '2025-05-06 16:57:53');

INSERT INTO `cschool`.`advertising_banners` (`id`, `position`, `size`, `link`, `published`, `created_at`) VALUES 
(2, 'home1', 12, '/login', 1, 1607885353),
(3, 'home2', 6, '/certificate_validation', 1, 1607885656),
(4, 'home2', 6, '/instructors', 1, 1607885681),
(6, 'course_sidebar', 12, '/instructors', 1, 1607886391),
(7, 'course_sidebar', 12, '/certificate_validation', 1, 1607886440),
(8, 'product_show', 12, '/products', 1, 1656569687),
(9, 'bundle_sidebar', 12, '/classes?type[]=bundle', 1, 1656571896);

INSERT INTO `cschool`.`advertising_banners_translations` (`id`, `advertising_banner_id`, `locale`, `title`, `image`) VALUES 
(1, 2, 'en', 'Home - Join as instructor', '/store/1/default_images/banners/become_instructor_banner.png'),
(2, 3, 'en', 'Certificate validation - Home', '/store/1/default_images/banners/validate_certificates_banner.png'),
(3, 4, 'en', 'Reserve a meeting - Home', '/store/1/default_images/banners/reserve_a_meeting.png'),
(4, 6, 'en', 'Reserve a meeting - Course page', '/store/1/default_images/banners/reserve_a_meeting.png'),
(5, 7, 'en', 'Certificate validation - Course page', '/store/1/default_images/banners/validate_certificates_banner.png'),
(7, 2, 'ar', '  -  ', '/store/1/default_images/banners/become_instructor_banner_ar.png'),
(8, 2, 'es', 'Inicio - nete como instructora', '/store/1/default_images/banners/become_instructor_banner_es.png'),
(9, 3, 'ar', '    -  ', '/store/1/default_images/banners/validate_certificates_banner_ar.png'),
(10, 3, 'es', 'Validacin de certificados - Inicio', '/store/1/default_images/banners/validate_certificates_banner_es.png'),
(11, 4, 'ar', '  -  ', '/store/1/default_images/banners/reserve_a_meeting_ar.png'),
(12, 4, 'es', 'Reservar una reunin - Inicio', '/store/1/default_images/banners/reserve_a_meeting_es.png'),
(13, 6, 'ar', '  -  ', '/store/1/default_images/banners/reserve_a_meeting_ar.png'),
(14, 6, 'es', 'Reservar una reunin - pgina del curso', '/store/1/default_images/banners/reserve_a_meeting_es.png'),
(15, 7, 'ar', '    -  ', '/store/1/default_images/banners/validate_certificates_banner_ar.png'),
(16, 7, 'es', 'Validacin del certificado - pgina del curso', '/store/1/default_images/banners/validate_certificates_banner_es.png'),
(17, 8, 'en', 'Store - Product page', '/store/1/default_images/banners/store_en.png'),
(18, 8, 'ar', ' -  ', '/store/1/default_images/banners/store_ar.png'),
(19, 8, 'es', 'Tienda - Pgina del producto', '/store/1/default_images/banners/store_es.png'),
(20, 9, 'en', 'Course Bundle - Sidebar', '/store/1/default_images/banners/bundle_en.png'),
(21, 9, 'ar', '  -  ', '/store/1/default_images/banners/bundle_ar.png'),
(22, 9, 'es', 'Paquete de cursos - Barra lateral', '/store/1/default_images/banners/bundle_es.png');

INSERT INTO `cschool`.`affiliates` (`id`, `affiliate_user_id`, `referred_user_id`, `created_at`) VALUES 
(1, 1015, 1017, 1639378855),
(14, 995, 1045, 1678958778),
(15, 995, 1046, 1678959533);

INSERT INTO `cschool`.`affiliates_codes` (`id`, `user_id`, `code`, `created_at`) VALUES 
(2, 995, '422536', 1635366391),
(3, 996, '442769', 1635420731),
(4, 1015, '822047', 1639378662);

INSERT INTO `cschool`.`agora_history` (`id`, `session_id`, `start_at`, `end_at`) VALUES 
(1, 74, 1646391218, 1646391343),
(2, 76, 1646391739, 1646391984);

INSERT INTO `cschool`.`ai_content_template_translations` (`id`, `ai_content_template_id`, `locale`, `title`, `prompt`) VALUES 
(1, 1, 'en', 'Course Title', 'Generate a text with the [keyword] subject in [language] language with less than [length] word for a course title.'),
(2, 2, 'en', 'Course Short Description', 'Generate a text with the [keyword] subject in the [language] language with less than [length] words.'),
(3, 3, 'en', 'Course Long Description', 'Generate a text with the [keyword] subject in the [language] language with less than [length] words.'),
(4, 4, 'en', 'Blog Title', 'Generate a text with the [keyword] subject in the [language] language with less than [length] words for a blog title.'),
(5, 5, 'en', 'Blog Short Description', 'Generate a text with the [keyword] subject in the [language] language with less than [length] words for a blog short description.'),
(6, 6, 'en', 'Blog Long Description', 'Generate a text with the [keyword] subject in the [language] language with less than [length] words for a blog description.'),
(7, 7, 'en', 'Genrate Image', 'Generate an image with the [keyword] subject.'),
(8, 8, 'en', 'Course SEO Description', 'Generate a text with the [keyword] subject in the [language] language with less than [length] words for a course SEO description.'),
(9, 9, 'en', 'Blog SEO Description', 'Generate a text with the [keyword] subject in the [language] language with less than [length] words for a blog SEO description.'),
(10, 10, 'en', 'Upcoming Course Description', 'Generate a text with the [keyword] subject in the [language] language with less than [length] words for an upcoming course.'),
(11, 11, 'en', 'Quiz Question', 'Generate a question with the [keyword] subject in the [language] language with less than [length] words.'),
(12, 12, 'en', 'Generate FAQ', 'Generate a faq with the [keyword] subject in the [keyword] language.'),
(13, 13, 'en', 'Course Requirements', 'Generate requirements for a course with [keyword] subject in [language].'),
(14, 14, 'en', 'Form Description', 'Generate a text with the [keyword] subject in the [language] language with less than [length] words for a form description.'),
(15, 15, 'en', 'Course Advertising Description', 'Generate a text with the [keyword] subject in [language] with less than [length] words for a course advertising description.'),
(16, 16, 'en', '"About Us" Page Description', 'Generate a text with the [keyword] subject in [language] with less than [length] words for the "About Us" page description.'),
(17, 17, 'en', 'Generate Notice', 'Generate a text with the [keyword] subject in [language] with less than [length] words for notice.'),
(18, 18, 'en', 'Store Product Title', 'Generate a text with the [keyword] subject in [language] language with less than [length] word for a product title.'),
(19, 19, 'en', 'Store Product Description', 'Generate a text with the [keyword] subject in the [language] language with less than [length] words for a store product description.'),
(20, 20, 'en', 'Store Product SEO Description', 'Generate a text with the [keyword] subject in the [language] language with less than [length] words for a store product  SEO description.');

INSERT INTO `cschool`.`ai_content_templates` (`id`, `type`, `enable_length`, `length`, `image_size`, `enable`, `created_at`) VALUES 
(1, 'text', 1, 5, NULL, 1, 1694939030),
(2, 'text', 1, 40, NULL, 1, 1694940999),
(3, 'text', 1, 300, NULL, 1, 1694941070),
(4, 'text', 1, 5, NULL, 1, 1694941199),
(5, 'text', 1, 100, NULL, 1, 1694941500),
(6, 'text', 1, 300, NULL, 1, 1694941560),
(7, 'image', 0, NULL, '512', 1, 1694942113),
(8, 'text', 1, 160, NULL, 1, 1694942972),
(9, 'text', 1, 160, NULL, 1, 1694970677),
(10, 'text', 1, 300, NULL, 1, 1694970808),
(11, 'text', 1, 150, NULL, 1, 1694971282),
(12, 'text', 0, NULL, NULL, 1, 1694994114),
(13, 'text', 0, NULL, NULL, 1, 1694994456),
(14, 'text', 1, 200, NULL, 1, 1694994762),
(15, 'text', 1, 200, NULL, 1, 1694995011),
(16, 'text', 1, 300, NULL, 1, 1694995299),
(17, 'text', 1, 100, NULL, 1, 1694995502),
(18, 'text', 1, 5, NULL, 1, 1695024064),
(19, 'text', 1, 300, NULL, 1, 1695024166),
(20, 'text', 1, 160, NULL, 1, 1695024265);

INSERT INTO `cschool`.`ai_contents` (`id`, `user_id`, `service_type`, `service_id`, `keyword`, `language`, `prompt`, `result`, `created_at`) VALUES 
(1, 1, 'text', 5, 'Laravel', 'English', 'Generate a text with the Laravel subject in English language with less than 100 word for a blog short description.', '{"text":"Discover the power of Laravel \\u2013 an elegant and intuitive PHP framework designed for web artisans. With its extensive set of tools and libraries, Laravel empowers developers to create robust and scalable web applications with ease. Whether you\\u2019re a beginner or a seasoned professional, delve into the world of Laravel and unlock unparalleled efficiency and productivity in your coding journey. Join us as we explore the wonders of Laravel and its seamless integration capabilities, making web development a breeze.","images":[]}', 1694943786),
(2, 1015, 'text', 2, 'Photoshop', 'English', 'Generate a text with the Photoshop subject in English language with less than 40 word.', '{"text":"\\"Learn Photoshop to create stunning graphics, edit images, and design captivating visuals like a pro. Enhance your skills with tools like layers, filters, and blending modes, and unleash your creativity with endless possibilities in the world of digital art.\\"","images":[]}', 1694943916),
(4, 1015, 'image', 7, 'Solar Energy', 'English', 'Generate an image with the Solar Energy subject.', '{"text":null,"images":["https:\\/\\/oaidalleapiprodscus.blob.core.windows.net\\/private\\/org-GBuDNNbkAYzVp9PHiPsBuZQ0\\/user-pJ94XsEfNjj0eLFo1wAdIwaZ\\/img-ZJvNYiEHIhmNhSpwLOM3ACQ7.png?st=2023-09-17T08%3A54%3A47Z&se=2023-09-17T10%3A54%3A47Z&sp=r&sv=2021-08-06&sr=b&rscd=inline&rsct=image\\/png&skoid=6aaadede-4fb3-4698-a8f6-684d7786b067&sktid=a48cca56-e6da-484e-a814-9c849652bcb3&skt=2023-09-16T23%3A11%3A34Z&ske=2023-09-17T23%3A11%3A34Z&sks=b&skv=2021-08-06&sig=mpGi\\/cRB0RQGPdGeubJnAE4K92tkBam16iV4VLKrd%2BU%3D"]}', 1694944488),
(5, 870, 'image', 7, 'Health And Fitness', 'English', 'Generate an image with the Health And Fitness subject.', '{"text":null,"images":["https:\\/\\/oaidalleapiprodscus.blob.core.windows.net\\/private\\/org-GBuDNNbkAYzVp9PHiPsBuZQ0\\/user-pJ94XsEfNjj0eLFo1wAdIwaZ\\/img-DwaSM7I2pREUcycrl5CqeBFj.png?st=2023-09-17T08%3A59%3A21Z&se=2023-09-17T10%3A59%3A21Z&sp=r&sv=2021-08-06&sr=b&rscd=inline&rsct=image\\/png&skoid=6aaadede-4fb3-4698-a8f6-684d7786b067&sktid=a48cca56-e6da-484e-a814-9c849652bcb3&skt=2023-09-16T23%3A09%3A38Z&ske=2023-09-17T23%3A09%3A38Z&sks=b&skv=2021-08-06&sig=ajGTGay2jhn\\/%2BwFUkllhoWCTCDBhifM2Ux3K5yghpeA%3D"]}', 1694944761),
(6, 870, 'text', 2, 'Fitness', 'English', 'Generate a text with the Fitness subject in English language with less than 40 word.', '{"text":"\\"Regular exercise is crucial for maintaining a healthy lifestyle. It improves cardiovascular health, boosts mental wellbeing, and enhances overall strength and endurance. Don''t underestimate the power of staying fit!\\"","images":[]}', 1694944995),
(7, 870, 'image', 7, 'Gym', 'English', 'Generate an image with the Gym subject.', '{"text":null,"images":["https:\\/\\/oaidalleapiprodscus.blob.core.windows.net\\/private\\/org-GBuDNNbkAYzVp9PHiPsBuZQ0\\/user-pJ94XsEfNjj0eLFo1wAdIwaZ\\/img-fXlKAqDK3czIYoRwrWMbyBTY.png?st=2023-09-17T09%3A03%3A51Z&se=2023-09-17T11%3A03%3A51Z&sp=r&sv=2021-08-06&sr=b&rscd=inline&rsct=image\\/png&skoid=6aaadede-4fb3-4698-a8f6-684d7786b067&sktid=a48cca56-e6da-484e-a814-9c849652bcb3&skt=2023-09-16T23%3A16%3A02Z&ske=2023-09-17T23%3A16%3A02Z&sks=b&skv=2021-08-06&sig=0f%2BXJgBKuXWbutQOE\\/ZThK6a27Hg2rofDll2VW2CRDM%3D"]}', 1694945031);

INSERT INTO `cschool`.`badge_translations` (`id`, `badge_id`, `locale`, `title`, `description`) VALUES 
(1, 21, 'en', 'New User', '1 Month of Membership'),
(2, 22, 'en', 'Loyal User', '1 year of Membership'),
(3, 23, 'en', 'Faithful User', 'Old Membership'),
(4, 24, 'en', 'Junior Vendor', 'Has 1 Class'),
(5, 25, 'en', 'Senior Vendor', 'Has 2 Classes'),
(6, 26, 'en', 'Expert Vendor', 'Has 3 to 6 Classes'),
(7, 27, 'en', 'Bronze Classes', 'Classes Rating from 2 to 3'),
(8, 28, 'en', 'Silver Classes', 'Classes Rating from 3 to 4'),
(9, 29, 'en', 'Golden Classes', 'Classes Rating from 4 to 5'),
(10, 30, 'en', 'Best Seller', 'Classes Sales from 1 to 2'),
(11, 31, 'en', 'Top Seller', 'Classes Sales from 3 to 9'),
(12, 32, 'en', 'King Seller', 'Classes Sales from 10 to 20'),
(13, 33, 'en', 'Good Support', 'Support Rating from 2 to 3'),
(14, 34, 'en', 'Amazing Support', 'Support Rating from 3 to 4'),
(15, 35, 'en', 'Fantastic Support', 'Support Rating from 4 to 5'),
(16, 36, 'en', 'Store Best Seller', 'Store Products Sales from 1 to 5'),
(17, 37, 'en', 'Store King Seller', 'Store Products Sales from 6 to 15'),
(18, 38, 'en', 'Forums Top User', 'Has 2 to 5 Topics'),
(19, 39, 'en', 'Forums Best User', 'Has 6 to 10 Topics'),
(20, 40, 'en', 'Loyal Writer', 'Has 5 to 10 Articles'),
(21, 41, 'en', 'Forum Loyal User', 'Has 20 to 30 Posts in Forums'),
(22, 42, 'en', 'About Us', 'Hello'),
(23, 43, 'en', 'contact Us', 'hello');

INSERT INTO `cschool`.`badges` (`id`, `image`, `type`, `condition`, `score`, `created_at`) VALUES 
(21, '/store/1/default_images/badges/new_user.png', 'register_date', '{"from":"1","to":"30"}', 5, 1625553769),
(22, '/store/1/default_images/badges/loyal_user.png', 'register_date', '{"from":"31","to":"365"}', 10, 1625554171),
(23, '/store/1/default_images/badges/faithful_user.png', 'register_date', '{"from":"365","to":"1000"}', 15, 1625554495),
(24, '/store/1/default_images/badges/junior_vendor.png', 'course_count', '{"from":"1","to":"1"}', 10, 1625554772),
(25, '/store/1/default_images/badges/senior_vendor.png', 'course_count', '{"from":"2","to":"2"}', 20, 1625554960),
(26, '/store/1/default_images/badges/expert_vendor.png', 'course_count', '{"from":"3","to":"6"}', 30, 1625555421),
(27, '/store/1/default_images/badges/bronze_classes.png', 'course_rate', '{"from":"2","to":"3"}', NULL, 1625556048),
(28, '/store/1/default_images/badges/silver_classes.png', 'course_rate', '{"from":"3","to":"4"}', 10, 1625556159),
(29, '/store/1/default_images/badges/golden_classes.png', 'course_rate', '{"from":"4","to":"5"}', 50, 1625556284),
(30, '/store/1/default_images/badges/best_seller.png', 'sale_count', '{"from":"1","to":"2"}', NULL, 1625557021),
(31, '/store/1/default_images/badges/top_seller.png', 'sale_count', '{"from":"3","to":"9"}', 20, 1625557247),
(32, '/store/1/default_images/badges/king_seller.png', 'sale_count', '{"from":"10","to":"20"}', 50, 1625558061),
(33, '/store/1/default_images/badges/good_support.png', 'support_rate', '{"from":"2","to":"3"}', NULL, 1625558473),
(34, '/store/1/default_images/badges/amazing_support.png', 'support_rate', '{"from":"3","to":"4"}', NULL, 1625558682),
(35, '/store/1/default_images/badges/fantastic_support.png', 'support_rate', '{"from":"4","to":"5"}', 20, 1625558892),
(36, '/store/1/default_images/badges/Best Store Seller.svg', 'product_sale_count', '{"from":"5","to":"9"}', 5, 1656145531),
(37, '/store/1/default_images/badges/King Store Seller.svg', 'product_sale_count', '{"from":"10","to":"15"}', 10, 1656145677),
(38, '/store/1/default_images/badges/Forums Top User.svg', 'make_topic', '{"from":"1","to":"5"}', 10, 1656145989),
(39, '/store/1/default_images/badges/Forums Best User.svg', 'make_topic', '{"from":"6","to":"10"}', 15, 1656146136),
(40, '/store/1/default_images/badges/Loyal Writer.svg', 'instructor_blog', '{"from":"5","to":"10"}', 20, 1656146397),
(41, '/store/1/default_images/badges/Forums Loyal User.svg', 'send_post_in_topic', '{"from":"20","to":"30"}', 10, 1656146689),
(42, '/store/1/lmslogo.PNG', 'register_date', '{"from":"20","to":"40"}', 30, 1729328743),
(43, '/store/1/favicon.png', 'register_date', '{"from":"20","to":"30"}', 20, 1729328781);

INSERT INTO `cschool`.`become_instructors` (`id`, `user_id`, `role`, `package_id`, `certificate`, `description`, `status`, `created_at`) VALUES 
(5, 930, 'teacher', 2, '/store/930/certificate.jpg', 'I taught design in London for two years.', 'pending', 1626242477),
(6, 859, 'organization', 4, '/store/859/certificate.jpg', 'We have 3 years of experience in advanced sewing training.', 'accept', 1646387556);

INSERT INTO `cschool`.`blog` (`id`, `category_id`, `author_id`, `slug`, `image`, `visit_count`, `enable_comment`, `status`, `created_at`, `updated_at`) VALUES 
(21, 34, 1014, 'How-To-Teach-Your-Kid-Anything-Easily', '/store/1/default_images/blogs/blog1.jpg', 146, 1, 'publish', 1625091953, 1656136960),
(22, 37, 1014, 'Better-Relationship-Between-You-and-Your-Student-s-Parent', '/store/1/default_images/blogs/blog2.jpg', 121, 1, 'publish', 1625093279, 1645386787),
(23, 36, 1, '3-Laws-to-Become-a-Straight-A-Student', '/store/1014/blog3.jpg', 145, 1, 'publish', 1625094412, 1656136976);

INSERT INTO `cschool`.`blog_categories` (`id`, `slug`) VALUES 
(33, 'Vel-consequatur'),
(34, 'Facilis-ea'),
(36, 'Fugit-dignissimos-possimus'),
(37, 'new');

INSERT INTO `cschool`.`blog_category_translations` (`id`, `blog_category_id`, `locale`, `title`) VALUES 
(1, 33, 'en', 'Announcements'),
(2, 34, 'en', 'Articles'),
(3, 36, 'en', 'Events'),
(4, 37, 'en', 'News');

INSERT INTO `cschool`.`blog_translations` (`id`, `blog_id`, `locale`, `title`, `description`, `content`, `meta_description`) VALUES 
(2, 21, 'en', 'How To Teach Your Kid Easily', '<p>The primary reason kids struggle with school is fear. And in most cases, its their parent''s fault. I started tutoring math out of financial desperation. Id just been fired from my job as a waiter, most of the proofreading in jobs in New York had been outsourced to India, and for the third time in my life, I was facing dire poverty.</p>', '<p>A strong academic record can open doors for you down the road. More importantly, through the process of becoming a straight-A student, youll learn values like hard work, discipline and determination.</p><h3 style="color: rgb(0, 0, 0); font-family: Lato, sans-serif; margin-right: 0px; margin-bottom: 16px; margin-left: 0px; padding: 0px; font-size: 24px;">Rule #1: Always have a plan.</h3><div><div>(a) As the semester progresses, keep track of key dates: tests and exams, project submission deadlines, term breaks, etc.</div><div><br></div><div>Enter these dates into a physical or digital calendar.</div><div><br></div><div><div>If you choose to use a digital calendar, I recommend Google Calendar.</div><div><br></div><div>(b) Schedule a fixed time every week where you review your upcoming events over the next two months. Mark down when youll start preparing for that Math exam, working on that History project, or writing that English paper.</div><div><br></div><div>(d) Next, note your commitments for the coming week, e.g. extracurricular activities, family gatherings, extra classes. On your calendar, highlight the blocks of time youll have for schoolwork.</div><div><br></div><div>This planning process might sound time-consuming, but itll typically take just 15 minutes every week.</div><div><br></div><div>This is a wise investment of time as a student, because the rest of your week will become far more productive.</div><div><br></div><div>This way, youll be studying smart, not just hard!</div><div><br></div><div><h3 style="color: rgb(0, 0, 0); font-family: Lato, sans-serif; margin-right: 0px; margin-bottom: 16px; margin-left: 0px; padding: 0px; font-size: 24px;">Rule #2: Be organized.</h3></div></div></div><div><div>Ever had trouble finding your notes or assignments when you needed them? You probably ended up wasting precious time looking for them, before you finally asked to borrow them from your friend.</div><div><br></div><div>Many students tell me that they keep all their notes and assignments in one big pile, and only sort them out before their exams!</div><div><br></div><div>Being organized  its easier said than done, I know.</div></div>', 'The primary reason kids struggle with school is fear. And in most cases, its their parent''s fault.'),
(3, 22, 'en', 'Better Relationship Between Friends', '<p>The tutor-parent relationship is an important relationship and unfortunately greatly overlooked. Why is it important? Well, a good relationship between you and the students parent or guardian serves to help students perform better personally and academically. Fostering a relationship with them as a tutor can be challenging due to a number of factors, however, there are a number of ways to build this relationship and optimize students learning support system over time.</p>', '<p>A strong academic record can open doors for you down the road. More importantly, through the process of becoming a straight-A student, youll learn values like hard work, discipline and determination.</p><h3 style="color: rgb(0, 0, 0); font-family: Lato, sans-serif; margin-right: 0px; margin-bottom: 16px; margin-left: 0px; padding: 0px; font-size: 24px;">Rule #1: Always have a plan.</h3><div><div>(a) As the semester progresses, keep track of key dates: tests and exams, project submission deadlines, term breaks, etc.</div><div><br></div><div>Enter these dates into a physical or digital calendar.</div><div><br></div><div><div>If you choose to use a digital calendar, I recommend Google Calendar.</div><div><br></div><div>(b) Schedule a fixed time every week where you review your upcoming events over the next two months. Mark down when youll start preparing for that Math exam, working on that History project, or writing that English paper.</div><div><br></div><div>(d) Next, note your commitments for the coming week, e.g. extracurricular activities, family gatherings, extra classes. On your calendar, highlight the blocks of time youll have for schoolwork.</div><div><br></div><div>This planning process might sound time-consuming, but itll typically take just 15 minutes every week.</div><div><br></div><div>This is a wise investment of time as a student, because the rest of your week will become far more productive.</div><div><br></div><div>This way, youll be studying smart, not just hard!</div><div><br></div><div><h3 style="color: rgb(0, 0, 0); font-family: Lato, sans-serif; margin-right: 0px; margin-bottom: 16px; margin-left: 0px; padding: 0px; font-size: 24px;">Rule #2: Be organized.</h3></div></div></div><div><div>Ever had trouble finding your notes or assignments when you needed them? You probably ended up wasting precious time looking for them, before you finally asked to borrow them from your friend.</div><div><br></div><div>Many students tell me that they keep all their notes and assignments in one big pile, and only sort them out before their exams!</div><div><br></div><div>Being organized  its easier said than done, I know.</div></div>', 'The tutor-parent relationship is an important relationship and unfortunately greatly overlooked.'),
(4, 23, 'en', 'Become a Straight-A Student', '<p>In this article, Ill explain the two rules I followed to become a straight-A student.If you take my advice, youll get better grades and lead a more balanced life too.</p>', '<p>A strong academic record can open doors for you down the road. More importantly, through the process of becoming a straight-A student, youll learn values like hard work, discipline and determination.</p><h3 style="color: rgb(0, 0, 0); font-family: Lato, sans-serif; margin-right: 0px; margin-bottom: 16px; margin-left: 0px; padding: 0px; font-size: 24px;">Rule #1: Always have a plan.</h3><div><div>(a) As the semester progresses, keep track of key dates: tests and exams, project submission deadlines, term breaks, etc.</div><div><br></div><div>Enter these dates into a physical or digital calendar.</div><div><br></div><div><div>If you choose to use a digital calendar, I recommend Google Calendar.</div><div><br></div><div>(b) Schedule a fixed time every week where you review your upcoming events over the next two months. Mark down when youll start preparing for that Math exam, working on that History project, or writing that English paper.</div><div><br></div><div>(d) Next, note your commitments for the coming week, e.g. extracurricular activities, family gatherings, extra classes. On your calendar, highlight the blocks of time youll have for schoolwork.</div><div><br></div><div>This planning process might sound time-consuming, but itll typically take just 15 minutes every week.</div><div><br></div><div>This is a wise investment of time as a student, because the rest of your week will become far more productive.</div><div><br></div><div>This way, youll be studying smart, not just hard!</div><div><br></div><div><h3 style="color: rgb(0, 0, 0); font-family: Lato, sans-serif; margin-right: 0px; margin-bottom: 16px; margin-left: 0px; padding: 0px; font-size: 24px;">Rule #2: Be organized.</h3></div></div></div><div><div>Ever had trouble finding your notes or assignments when you needed them? You probably ended up wasting precious time looking for them, before you finally asked to borrow them from your friend.</div><div><br></div><div>Many students tell me that they keep all their notes and assignments in one big pile, and only sort them out before their exams!</div><div><br></div><div>Being organized  its easier said than done, I know.</div></div>', 'In this article, Ill explain the two rules I followed to become a straight-A student.'),
(5, 21, 'ar', '     ', '<p style="text-align: right; ">         .        .       .</p>', '<p style="text-align: right; ">      .                              .</p><p style="text-align: right; "><br></p><p style="text-align: right; ">              .                        .              .</p><p style="text-align: right; "><br></p><p style="text-align: right; ">                     .      .      .</p><p style="text-align: right; "><br></p><p style="text-align: right; ">1)   </p><p style="text-align: right; "><br></p><p style="text-align: right; ">                 .                   .</p><p style="text-align: right; "><br></p><p style="text-align: right; ">                 .                 .</p><p style="text-align: right; "><br></p><p style="text-align: right; ">          .                       .            .</p><p style="text-align: right; "><br></p><p style="text-align: right; ">2)     </p><p style="text-align: right; "><br></p><p style="text-align: right; ">                 .               .</p><p style="text-align: right; "><br></p><p style="text-align: right; ">             .                    .</p><p style="text-align: right; "><br></p><p style="text-align: right; ">       .       .       .              .</p><p style="text-align: right; "><br></p><p style="text-align: right; ">        .                 .</p><p style="text-align: right; "><br></p><p style="text-align: right; ">3)  </p><p style="text-align: right; "><br></p><p style="text-align: right; ">        .            .</p><p style="text-align: right; "><br></p><p style="text-align: right; ">      .           .                     .               .</p><p style="text-align: right; ">                   .         .</p><p style="text-align: right; ">  .            </p><p style="text-align: right; "><br></p><p style="text-align: right; ">                         .                .</p><p style="text-align: right; "><br></p><p style="text-align: right; ">        .         .</p><p style="text-align: right; "><br></p><p style="text-align: right; ">4)         </p><p style="text-align: right; "><br></p><p style="text-align: right; ">                 .                .</p><p style="text-align: right; "><br></p><p style="text-align: right; ">                     .</p><p style="text-align: right; "><br></p><p style="text-align: right; ">             .                  .                .</p><p style="text-align: right; "><br></p><p style="text-align: right; ">        .        D  B +       .           -        .</p><p style="text-align: right; "><br></p><p style="text-align: right; ">5)   </p><p style="text-align: right; "><br></p><p style="text-align: right; ">                  .                       .</p><p style="text-align: right; "><br></p><p style="text-align: right; "> )    .</p><p style="text-align: right; "><br></p><p style="text-align: right; ">        .                                            .                    .                    .                 ( </p>', '         .        .'),
(6, 21, 'es', 'Cmo ensear a tu hija cualquier cosa fcilmente', '<p>La razn principal por la que los nios luchan con la escuela es el miedo. Y en la mayora de los casos, es culpa de sus padres. Comenc a dar clases particulares de matemticas por desesperacin financiera. Me acababan de despedir de mi trabajo como camarero, la mayor parte de la correccin de pruebas en los trabajos en Nueva York se haban subcontratado a la India y, por tercera vez en mi vida, me enfrentaba a una pobreza extrema.</p>', '<p>Comenc a dar clases particulares de matemticas por desesperacin financiera. Me acababan de despedir de mi trabajo como camarero, la mayor parte de la correccin de pruebas en los trabajos en Nueva York se haban subcontratado a la India y, por tercera vez en mi vida, me enfrentaba a una pobreza extrema.</p><p><br></p><p>La cantidad que haba olvidado fue sorprendente al principio, y haba sobresalido en matemticas durante toda mi vida acadmica. Si no lo usas, realmente lo pierdes, as que no es de extraar que la mayora de los padres lloren a to en matemticas de cuarto grado. No recuerdan y no quieren recordar, perpetuando esta actitud en sus hijos.</p><p><br></p><p>Imagnese haciendo cualquier cosa, incluso algo en lo que se le da bien, con el equivalente a un gigante acechando detrs de usted y escudriando cada uno de sus movimientos. Esto es lo que les hacen los padres a sus hijos. Se ciernen y se abalanzan sobre cada error.</p><p><br></p><p>1) Tenga empata por sus hijos</p><p><br></p><p>En mi primera sesin con mi primer alumno, su madre se escondi nerviosamente detrs de nosotros, luego me llam unos cinco minutos despus. Me pregunt si not que su hijo haba respondido la ltima pregunta incorrectamente, e inmediatamente vi la esencia del problema.</p><p><br></p><p>Tienes que descansar y relajarte para que tu hijo se sienta cmodo y esperar hasta el final antes de empezar a corregir algo. As es como los nios aprenden a controlar su trabajo y que cometer errores no es gran cosa.</p><p><br></p><p>Los errores son inevitables, pero la forma en que los manejamos no lo es. Si quiere que su hijo est eternamente aterrorizado por las matemticas, entonces, por supuesto, contine apindolos e interrumpindolos perpetuamente. Lo ms probable es que los haga desconfiar de intentar aprender algo.</p><p><br></p><p>2) Date una oportunidad</p><p><br></p><p>Afortunadamente, esta madre y la mayora de los otros padres entendieron lo que estaba haciendo y reconocieron su complicidad en las luchas de sus hijos. Despus de esa primera sesin, mam nos dej solos y su hijo comenz a mejorar de inmediato.</p><p><br></p><p>Sus padres estaban tan animados que me preguntaron si poda ayudar con otros temas. La historia, la ciencia y el ingls estaban a mi alcance, pero el nio fue a una escuela catlica y tuvo que aprender latn.</p><p><br></p><p>Ped prestada una copia de su libro en latn y me desmoralic por completo. El latn es desconcertante, especialmente al principio. Tantas conjugaciones y contexto son importantes. La forma de hablar con nobles, compaeros y esclavos es prcticamente como aprender tres idiomas diferentes.</p><p><br></p><p>An as, estaba arruinado y esto significara ms dinero. Y realmente tena que saber latn? Todo lo que tena que hacer era quedarme unos das por delante del chico.</p><p><br></p><p>3) Sea honesto</p><p><br></p><p>Nuestro estado predeterminado es negar nuestra ignorancia, especialmente frente a los nios. Estamos a la defensiva y desdeosos, y la mayora de los nios pueden decir que ests tan perdido como ellos.</p><p><br></p><p>Mi solucin fue admitir esto desde el principio. El nio me pregunt qu sentido tena aprender latn y le dije que no lo saba. Supuestamente le ayud con otros idiomas, pero tal vez algn da podra usarlo para impresionar a personas pretenciosas en los ccteles. Me pregunt por qu algunos verbos rompan los patrones de conjugacin y le dije que era la forma de los antiguos de torturarnos.</p><p><br></p><p>Cuando era nio, aprendi el idioma ms rpido que yo, pero tuvo ms dificultades con algunas de las sutilezas. Hubo momentos en que estaba desconcertado y me hablaba en voz alta frente a l.</p><p><br></p><p>Soy un tutor de matemticas. Qu diablos me hizo pensar que estaba equipado para ensear latn, y mucho menos aprenderlo?</p><p><br></p><p>El chico me dijo que pareca ser bastante bueno en todo lo dems, as que probablemente lo entendera, pero haba un matiz de preocupacin en su voz. Cuanto peor lo haca, ms probabilidades haba de que fracasara, y quera que el latn fuera de su vida incluso ms que yo.</p><p><br></p><p>Nuestro odio mutuo por el latn nos acerc ms. Por primera vez, ambos comprendimos que estbamos juntos en esto.</p><p><br></p><p>4) Tratar con padres y maestros es parte de la educacin</p><p><br></p><p>A medida que creca, empez a preguntarme sobre sus padres, que eran conservadores de Fox News. Me dijo que poda ver que eran parciales, pero que no entenda por qu ni saba qu pensar.</p><p><br></p><p>Le dije que pensara por s mismo y admitiera cuando no saba algo, y que no debera tener miedo de cambiar de opinin a la luz de nuevas pruebas vlidas.</p><p><br></p><p>Se quejaba de sus profesores, uno de los cuales no estaba contento de que le hubiera enseado diferentes enfoques del lgebra. Con el tiempo, aprendi a hacerlo a la manera del maestro, pero necesitaba otra va para llegar all. Ambos estbamos un poco enojados, pero le dije que aprender a tratar con los maestros es parte de la educacin.</p><p><br></p><p>Me guard mi rencor, pero tambin quera estrangular a su maestro. Este nio haba pasado de un promedio D a un B +, y esta maestra todava lo persegua. No es de extraar que tanta gente sea psima en matemticas: sus padres y maestros estaban en contra de ellos y ni siquiera se dieron cuenta.</p><p><br></p><p>5) Adopte una actitud de aprendizaje</p><p><br></p><p>Si no est dispuesto a aprender, ser difcil ensear y el primer paso es aceptar lo poco que sabemos. Es hipcrita atacar a tu hijo cuando t tampoco puedes hacer su tarea, y los nios se dan cuenta de esto y sienten que ests siendo injusto.</p><p><br></p><p>Si elige tener hijos, deberan ser su prioridad nmero uno y se sorprender de cunto aprendizaje (o relearning) mejorar su cognicin en general.</p><p><br></p><p>La lectura y las matemticas son habilidades fundamentales, y aprender matemticas es una leccin de humildad. Si bien hay poca evidencia que respalde que las matemticas mejoran el razonamiento en general, las necesita para comprender las ciencias, y cuando gran parte de las tareas de la escuela primaria de su hijo le desconcierta, al menos un poco de incertidumbre penetra en sus puntos de vista. Te das cuenta de que no sabes tanto como pensabas y, para la mayora, esto puede marcar un nuevo comienzo. A medida que cede la rigidez, resurge la plasticidad y el hbito del aprendizaje permanente es el regalo ms valioso que puede hacerse a s mismo y a su hijo.</p>', 'La razn principal por la que los nios luchan con la escuela es el miedo. Y en la mayora de los casos, es culpa de sus padres.'),
(7, 23, 'es', '3 leyes para convertirse en una estudiante heterosexual', '<p>En este artculo, explicar las dos reglas que segu para convertirme en un estudiante sobresaliente. Si sigue mi consejo, obtendr mejores calificaciones y tambin llevar una vida ms equilibrada.</p>', '<p>Un historial acadmico slido puede abrirle puertas en el futuro. Ms importante an, a travs del proceso de convertirse en un estudiante sobresaliente, aprender valores como el trabajo duro, la disciplina y la determinacin.</p><p>Regla 1: siempre tenga un plan.</p><p>(a) A medida que avanza el semestre, realice un seguimiento de las fechas clave: pruebas y exmenes, fechas lmite para la presentacin de proyectos, interrupciones del perodo, etc.</p><p>Ingrese estas fechas en un calendario fsico o digital.</p><p>Si elige utilizar un calendario digital, le recomiendo Google Calendar.</p><p><br></p><p>(b) Programe un horario fijo cada semana en el que revise sus prximos eventos durante los prximos dos meses. Marque cundo comenzar a prepararse para ese examen de matemticas, a trabajar en ese proyecto de historia o a escribir ese ensayo en ingls.</p><p>(d) A continuacin, anote sus compromisos para la prxima semana, p. ej. actividades extracurriculares, reuniones familiares, clases extra. En su calendario, resalte los bloques de tiempo que tendr para el trabajo escolar.</p><p>Este proceso de planificacin puede parecer lento, pero por lo general solo tomar 15 minutos cada semana.</p><p>Esta es una sabia inversin de tiempo como estudiante, porque el resto de la semana ser mucho ms productiva.</p><p>De esta manera, estudiars inteligentemente, no solo duro!</p><p><br></p><p>Regla # 2: Sea organizado.</p><p>Alguna vez ha tenido problemas para encontrar sus notas o tareas cuando las necesitaba? Probablemente termin perdiendo un tiempo precioso buscndolos, antes de que finalmente se los pidiera prestados a su amigo.</p><p>Muchos estudiantes me dicen que guardan todas sus notas y tareas en una gran pila, y solo las clasifican antes de sus exmenes!</p><p>Ser organizado, es ms fcil decirlo que hacerlo, lo s.</p>', 'En este artculo, explicar las dos reglas que segu para convertirme en un estudiante sobresaliente.'),
(8, 23, 'ar', '      ', '<div style="text-align: right;">          .             .</div>', '<div style="text-align: right; ">         .                   .</div><div style="text-align: right; "><br></div><div style="text-align: right; "> 1:   .</div><div style="text-align: right; ">()        :            .</div><div style="text-align: right; "><br></div><div style="text-align: right; ">       .</div><div style="text-align: right; "><br></div><div style="text-align: right; ">         Google.</div><div style="text-align: right; "><br></div><div style="text-align: right; ">()              .                        .</div><div style="text-align: right; "><br></div><div style="text-align: right; ">()                 .             .</div><div style="text-align: right; "><br></div><div style="text-align: right; ">            15    .</div><div style="text-align: right; "><br></div><div style="text-align: right; ">            .</div><div style="text-align: right; "><br></div><div style="text-align: right; ">        !</div><div style="text-align: right; "><br></div><div style="text-align: right; ">  2:  .</div><div style="text-align: right; ">                              .</div><div style="text-align: right; "><br></div><div style="text-align: right; ">                   !</div><div style="text-align: right; "><br></div><div style="text-align: right; ">  -      .</div>', '          .'),
(9, 22, 'ar', '      ', '<p style="text-align: right; ">             .                          .</p>', '<p style="text-align: right; ">    </p><p style="text-align: right; "><br></p><p style="text-align: right; ">        .                      .                .            .                       .               .</p><p style="text-align: right; "><br></p><p style="text-align: right; ">   </p><p style="text-align: right; "><br></p><p style="text-align: right; ">                  .                         .         .                .        !              .</p><p style="text-align: right; "><br></p><p style="text-align: right; ">       </p><p style="text-align: right; "><br></p><p style="text-align: right; ">            .                    .                       .             .             .            .</p><p style="text-align: right; "><br></p><p style="text-align: right; ">        .                .         .                  .                      .                          .                        .</p><p style="text-align: right; "><br></p><p style="text-align: right; ">    </p><p style="text-align: right; "><br></p><p style="text-align: right; ">                 .                .             .           "      "         "           "</p><p style="text-align: right; "><br></p><p style="text-align: right; ">        .                    .                .                                 .         .             .</p><p style="text-align: right; "><br></p><p style="text-align: right; ">             .             .                                     .</p>', '             .'),
(10, 22, 'es', 'Mejor relacin entre usted y los padres de su estudiante', '<p>La relacin padre / tutor es una relacin importante y, lamentablemente, se pasa por alto en gran medida. Por qu es importante? Bueno, una buena relacin entre usted y el padre o tutor del estudiante sirve para ayudar a los estudiantes a desempearse mejor a nivel personal y acadmico. Fomentar una relacin con ellos como tutor puede ser un desafo debido a una serie de factores; sin embargo, hay varias formas de construir esta relacin y optimizar el sistema de apoyo al aprendizaje de los estudiantes a lo largo del tiempo.</p>', '<p>La compasin y la positividad lo son todo</p><p>Puede ser estresante para los padres o tutores interactuar con usted. Puede haber temor de que a su hijo no le est yendo tan bien como debera, falta de tiempo para conectarse o incluso barreras del idioma. Como tutor, ser compasivo y brindar informacin en un tono educado hace maravillas en situaciones como esta. Es mejor sonrer, hacer contacto visual, ser acogedor y ofrecer cualquier consejo si es necesario. Un buen truco para ayudar a los padres o tutores a hablar con ellos es reconocer primero algo positivo acerca de su hijo que haya notado, sin importar lo pequeo que sea. Por ejemplo, es posible que haya notado que estn ms involucrados en sus lecciones y hacen ms preguntas.</p><p><br></p><p>Sea proactivo y comunquese con frecuencia</p><p><br></p><p>Es posible que algunos tutores solo hablen con los padres o tutores cuando hay un problema, lo que crea un entorno negativo para ambos. Por eso es clave hacer el esfuerzo de hablar con ellos a menudo, ya sea cara a cara, por telfono o incluso por correo electrnico. Es mejor mantenerlos actualizados sobre el aprendizaje de sus hijos. Comunicarse a menudo evita que se sientan en alerta mxima cuando se acerca e incluso puede fomentar una hermosa amistad. Por supuesto que es importante saber que los padres y tutores estn ocupados! Por eso, cuando te comuniques con ellos, asegrate de planificar con anticipacin para encontrar el momento que mejor funcione para ellos.</p><p><br></p><p>Haga que el padre o tutor se sienta valorado y solicite su consejo</p><p><br></p><p>Una excelente manera de entablar una relacin con los padres o tutores es involucrarlos en la educacin de sus hijos. Esto no significa solo que los ayuden con la tarea, sino que tambin podra significar pedirles que participen en actividades o eventos escolares. Preguntarles si les gustara ayudar a organizar un evento es una excelente manera de conocerlos y darles la oportunidad de conocer a otros padres o tutores. Tambin podra ser algo tan simple como crear un plan de leccin que solicite su opinin. Por supuesto, todo esto depende de su horario y si tienen tiempo para participar. Al final, cuanto ms intente involucrarlos en las actividades, mejor.</p><p><br></p><p>Otra excelente manera de hacerlos sentir valorados es pedirles su consejo. Si su estudiante muestra comportamientos negativos durante una leccin, es aconsejable buscar el consejo del padre o tutor. Al pedirles su consejo, pueden ocurrir dos cosas. Uno, para empezar, es posible que no sepan que existe un comportamiento negativo, ya que es posible que el estudiante no lo est mostrando en casa. Dos, est construyendo una mejor relacin con el padre o tutor al obtener su opinin en esta situacin, lo que generar confianza. Las preguntas no tienen que ser solo sobre la educacin del estudiante al hablar con l, tambin puede hacer preguntas sobre el inters del estudiante y los planes que tiene durante las vacaciones. Siempre es importante que te comportes de manera profesional cuando trates con un padre o tutor, pero la conversacin no tiene que ser estrictamente sobre educacin.</p><p><br></p><p>Evite tomrselo personalmente y hacer suposiciones</p><p><br></p><p>Los padres y tutores son humanos y tienen que lidiar con su propio estrs, ya sea en el trabajo o en su vida familiar. Es mejor para usted mantener siempre la calma y nunca tomar en serio nada de lo que le digan. Siempre debe responder con preguntas que ayuden a calmar la situacin. Por ejemplo, un padre o tutor puede decir "Dices esto porque quieres atrapar a mi hijo" y la mejor manera de responder a una pregunta como esta es "Lamento que te sientas as, por favor avsame Por qu piensas esto?</p><p>Adems, no debe hacer suposiciones sobre la vida hogarea de un estudiante. A menos que se haya indicado as, una suposicin puede causar muchos problemas y puede ser insensible a la situacin de una familia. No debe asumir que el estudiante vive con ambos padres o con cualquier padre. Ahora, en nuestro mundo globalmente diverso, no debe asumir que el primer idioma del padre o tutor es el ingls y siempre debe confirmar si pueden hablar ingls en primer lugar. Cada estudiante tendr una situacin diferente a la del prximo. Las suposiciones conducen a malentendidos que pueden crear circunstancias ms desafiantes para el aprendizaje.</p><p><br></p><p>Establecer una relacin con un padre o tutor a veces puede ser un desafo. Tener estas ideas en mente puede ayudarlo a conectarse mejor con ellas. Es bueno recordar que, al final del da, cuanto mejor sea la conexin que tenga con ellos, mejor podrn ayudar a ensear al estudiante, lo que en ltima instancia les permitir alcanzar el xito acadmico y fomentar el amor por el aprendizaje.</p>', 'La relacin padre / tutor es una relacin importante y, lamentablemente, se pasa por alto en gran medida.');

INSERT INTO `cschool`.`booking_slots` (`id`, `date`, `time`, `is_booked`, `created_at`, `updated_at`) VALUES 
(1, '2025-05-06', '14:00:00', 0, '2025-04-26 19:58:40', '2025-05-06 07:38:41'),
(2, '2025-05-26', '22:58:00', 0, '2025-04-26 20:00:53', '2025-05-06 11:30:54'),
(3, '2025-05-06', '18:17:00', 0, '2025-04-27 10:17:18', '2025-05-06 09:56:57'),
(4, '2025-05-08', '03:17:00', 0, '2025-04-27 10:17:39', '2025-05-06 11:31:09'),
(5, '2025-05-06', '13:47:00', 0, '2025-05-06 07:47:39', '2025-05-06 07:47:39');

INSERT INTO `cschool`.`bundle_filter_option` (`id`, `bundle_id`, `filter_option_id`) VALUES 
(31, 2, 9148),
(32, 2, 9216),
(33, 2, 9279),
(34, 2, 9280),
(35, 2, 9281),
(39, 3, 9120),
(40, 3, 9166),
(41, 3, 9240),
(47, 1, 9138),
(48, 1, 9139),
(49, 1, 9140),
(50, 1, 9196),
(51, 1, 9266),
(52, 5, 9148),
(53, 5, 9149),
(54, 5, 9216),
(55, 5, 9279),
(56, 5, 9280),
(57, 5, 9281),
(58, 5, 9282),
(59, 5, 9283),
(68, 6, 9147),
(69, 6, 9148),
(70, 6, 9149),
(71, 6, 9216),
(72, 6, 9220),
(73, 6, 9279),
(74, 6, 9280),
(75, 6, 9282);

INSERT INTO `cschool`.`bundle_translations` (`id`, `bundle_id`, `locale`, `title`, `seo_description`, `description`) VALUES 
(1, 1, 'en', 'Microsoft Office Beginner to Expert Bundle', 'Learn to create professional documents with this beginner to advanced Ultimate Microsoft office Course.', '<p>In this MS Office video course, you will learn everything you need to know about MS Office Accounting. software needs to be installed and link is included in the training. We''ll take advantage of a 30-day free trial that anyone who registers in the US will get for free. You can also use the Accountants Edition, which is currently free if you are in the US</p><p><br></p><p>Very clear step by step instructions show you how to navigate each part of MS Office. We''ll do the complete setup together. You will then experience every common type of transaction that can be entered into MS Office . You will learn how to manage and customize the most important reports in MS Office. You can find and fix data entry errors, and even find everything you''ve entered into your MS Office account. Projects and tests reproduce real-world challenges I''m going to show you how to use MS Office. You can learn about any industry-specific assignments you might need by watching this topic on MS Office Desktop Videos. In this course, you can apply this particular topic to MS Office .</p><p><br></p><p>The transactions we learned about are what businesses need when using MS Office. We enter customer invoices, sales receipts and payments to the MS Office Accounting By Sage. This training includes depositing and banking related to MS Office, as well as entering supplier accounts and paying invoices in MS Office. This MS Office video training course also covers cash transactions and other cashbacks. I am constantly providing MS Office tips and MS Office tricks so that students have complete control over all their MS Office entries. The main features of MS Office Accounting will help you become an expert at MS Office</p>'),
(2, 1, 'es', 'Paquete definitivo de Microsoft Office para principiantes y expertos', 'Paquete definitivo de Microsoft Office para principiantes y expertos', '<p>En este curso de video de MS Office, aprender todo lo que necesita saber sobre la contabilidad de MS Office. es necesario instalar el software y el enlace est incluido en la capacitacin. Aprovecharemos una prueba gratuita de 30 das que cualquier persona que se registre en los EE. UU. obtendr de forma gratuita. Tambin puede usar la Edicin de contadores, que actualmente es gratuita si se encuentra en los EE. UU.</p><p><br></p><p>Las instrucciones paso a paso muy claras le muestran cmo navegar por cada parte de MS Office. Haremos la configuracin completa juntos. Luego experimentar cada tipo comn de transaccin que se puede ingresar en MS Office. Aprender a administrar y personalizar los informes ms importantes en MS Office. Puede encontrar y corregir errores de entrada de datos, e incluso encontrar todo lo que ha ingresado en su cuenta de MS Office. Los proyectos y las pruebas reproducen desafos del mundo real. Le mostrar cmo usar MS Office. Puede obtener informacin sobre las asignaciones especficas de la industria que pueda necesitar al ver este tema en los videos de escritorio de MS Office. En este curso, puede aplicar este tema en particular a MS Office.</p><p><br></p><p>Las transacciones que aprendimos son lo que las empresas necesitan cuando usan MS Office. Ingresamos facturas de clientes, recibos de ventas y pagos al MS Office Accounting By Sage. Esta capacitacin incluye depsitos y operaciones bancarias relacionadas con MS Office, adems de ingresar cuentas de proveedores y pagar facturas en MS Office. Este curso de capacitacin en video de MS Office tambin cubre transacciones en efectivo y otros reembolsos. Constantemente brindo consejos y trucos de MS Office para que los estudiantes tengan control total sobre todas sus entradas de MS Office. Las caractersticas principales de MS Office Accounting lo ayudarn a convertirse en un experto en MS Office</p>'),
(3, 2, 'en', 'A-Z Web Programming', 'The most complete course available on Web Programming.', '<p>Brad Hussey is updating the entire course to be even more relevant to the modern web designer and front-end web developer as we enter into 2022. Join now to get access!</p><p><br></p><p>This course by Brad Hussey is the go-to, most comprehensive, A to Z web design, web development and career-building course that will kickstart your progress by focusing on what you need to learn, and avoiding the unnecessary details.</p><p><br></p><p>- - -</p><p><br></p><p>Do you want to learn web design and front-end development? Do you need a career change but don''t know where to start?</p><p><br></p><p>Are you a total beginner looking for an all-in-one Web Design, Web Development and Career Building course that takes you step-by-step through all of the necessary skills you need to know to start working professionally as a web designer or developer?</p><p><br></p><p>Are you a programmer or web developer looking to improve your design skills, so your designer colleagues can stop making fun of your bad designs?</p><p><br></p><p>Or maybe you''re a graphic designer looking to learn how to code, so your programmer colleagues can stop laughing at your sad coding attempts?</p><p><br></p><p>Have you wasted time & hard earned money watching boring, drawn-out and overwhelming web design and web development courses that promise to make you a complete master of every possible discipline known to man?</p><p><br></p><p>Look no further! There''s no better place to learn web design and become a skilled front-end developer than with The Ultimate Web Designer & Front-End Developer Course by Brad Hussey.</p><p><br></p><p>This course will teach you everything you need to know (and none of what you don''t need to know).</p><p><br></p><p>With more than 80,000 happy students, this Udemy course is trusted by beginners and experts alike. Brad Hussey  an experienced web designer and front-end developer  will teach you everything from web design basics to creating beautiful user interfaces with HTML and CSS. You''ll also learn how to develop dynamic websites with JavaScript, PHP, MySQL and more. And that''s just the beginning!</p><p><br></p><p>You''ll also learn about creating responsive websites and user interfaces that look great on any device by using popular frameworks like Bootstrap and Tailwind CSS.</p><p><br></p><p>By the end of this course, you''ll have the skills and knowledge you need to start your own successful web design career, whether you want to land a job as a web designer or start taking on clients as a freelance web designer.</p><p><br></p><p>So if you''re ready to become a web designer in 2022?</p><p><br></p><p>Join the course today!</p><p><br></p><p>- - -</p><p><br></p><p>What can you expect from this course?</p><p><br></p><p>You will go from knowing nothing to creating over 23 impressive designs, websites, and applications  all with step-by-step instruction from one of the most entertaining, engaging and passionate web design educators on the web today!</p><p><br></p><p>We''ll start by learning Visual & Web Design, how to use Adobe Photoshop, and how to sketch professional wireframes. We''ll then learn to code with HTML5, CSS3, Javascript and jQuery. At this point, you''ll be able to code custom websites, animations and web applications by yourself.</p><p><br></p><p>Once we''re cool with the front-end languages, we''ll then melt our brain-bits with highly advanced skills like Responsive Websites, PHP, MySQL, WordPress and custom WordPress plugin development. You''ll then have the ability to build responsive, dynamic websites and blogs, basic eCommerce sites and online stores, and have a professional understanding of all aspects of web design & development.</p><p><br></p><p>After you''ve learned everything from Design to Development, you''ll be taken through a hands-on career section fully-loaded with valuable tips, resources, and real-world guidance to help you start your career  whether you want to work-from-home as a freelancer or secure a full-time studio gig at a design agency.</p>'),
(4, 3, 'en', 'Solar Energy Design Course From Zero To Hero', 'Learn How To Design And Install Solar Energy Systems With Step By Step Examples Without Previous Knowledge', '<p>The only course out there with everything you need to know about solar energy from A to Z</p><p><br></p><p>Throughout the course you will learn:</p><p><br></p><p>The fundamentals of solar energy</p><p><br></p><p>Components and design of on-grid and off-grid solar systems</p><p><br></p><p>Types and selection of solar modules</p><p><br></p><p>Types of charge controllers and their selection techniques</p><p><br></p><p>Types and selection of different solar inverters</p><p><br></p><p>Selection of suitable tilt angle and shading effect in PV systems.</p><p><br></p><p>- Types and selection of batteries in solar energy systems.</p><p><br></p><p>- Design and components of the solar water pumping system</p><p><br></p><p>- Design of grounding or earthing system</p><p><br></p><p>- Design of single line diagram of the PV system using the Autocad</p><p><br></p><p>- Design on and off-grid PV systems using the PVSyst program.</p><p><br></p><p>- Design of protection of PV system</p><p><br></p><p><br></p><p><b>After Taking This Course, You Will Be Able To</b></p><p><br></p><p>Understand everything about solar energy systems such as construction and how to select components such as solar panels, charge controllers, inverters, batteries, and busbars.</p><p><br></p><p>Design different solar energy systems such as off-grid, on-grid, and solar water pumping systems.</p><p><br></p><p>You will learn how to design protection and earthing system for solar energy systems.</p><p><br></p><p>You would be able to apply for jobs in the solar energy field without fear of rejection as you have all the knowledge you need to work in the field.</p><p><br></p><p><br></p><p>If you''ve been looking for ONE COURSE with in-depth insight into solar energy, take this course.</p>'),
(5, 5, 'en', 'web Design', 'html css java script  php laravel and my sql', '<p><u><b>web design&nbsp;</b></u></p><p><font color="#000000" style="background-color: rgb(255, 255, 255);">html css java script&nbsp; php laravel and mysql</font><br></p>'),
(6, 6, 'en', 'frontEnd', 'html css java script', '<p>We Will Learn Html and css</p>');

INSERT INTO `cschool`.`bundle_webinars` (`id`, `creator_id`, `bundle_id`, `webinar_id`, `order`) VALUES 
(1, 1015, 1, 1998, NULL),
(2, 1015, 1, 2008, NULL),
(3, 1015, 1, 1996, NULL),
(4, 1015, 1, 2009, NULL),
(5, 934, 2, 1997, NULL),
(6, 934, 2, 2005, NULL),
(7, 929, 3, 2004, NULL),
(8, 929, 3, 1999, NULL);

INSERT INTO `cschool`.`bundles` (`id`, `creator_id`, `teacher_id`, `category_id`, `slug`, `thumbnail`, `image_cover`, `video_demo`, `video_demo_source`, `price`, `points`, `subscribe`, `certificate`, `access_days`, `message_for_reviewer`, `status`, `created_at`, `updated_at`) VALUES 
(1, 1015, 1015, 609, 'Microsoft-Office-Beginner-to-Expert-Bundle', '/store/1015/office_bundle.jpg', '/store/1015/office_bundle_c.jpg', '/store/1015/Microsoft Excel - Excel from Beginner to Advanced.mkv', 'upload', 50, NULL, 0, 0, NULL, 'Thank you', 'active', 1656082487, 1656399382),
(2, 934, 934, 606, 'A-Z-Web-Programming', '/store/934/A-Z Web Programming.jpg', '/store/934/A-Z Web Programming_c.jpg', '/store/934/Python for Beginners.mp4', 'upload', 8, NULL, 0, 0, NULL, 'Thank you for your review.', 'active', 1656138736, 1656138918),
(3, 929, 929, 602, 'Solar-Energy-Design-Course-From-Zero-To-Hero', '/store/929/Solar Energy Design Course From Zero To Hero.jpg', '/store/929/Solar Energy Design Course From Zero To Hero_c.jpg', NULL, NULL, 25, NULL, 0, 0, NULL, 'Hi,
Thank you.', 'active', 1656139531, 1656139656),
(5, 1016, 1016, 606, 'web-Design', '/store/1016/1.jpg', '/store/1016/7.jpg', NULL, NULL, NULL, NULL, 0, 0, NULL, NULL, 'is_draft', 1728401037, 1728401094),
(6, 1047, 1047, 606, 'shk-byo-mftoh-aal-alylat-fy-klb-soar-alokyl-ahmd-alsyd-01012126252', '/store/1/dashboard.png', '/store/1/dashboard.png', NULL, NULL, 77, 2, 1, 1, 20, 'Thank you', 'active', 1729324250, 1729324282);

INSERT INTO `cschool`.`cart` (`id`, `creator_id`, `webinar_id`, `bundle_id`, `product_order_id`, `reserve_meeting_id`, `subscribe_id`, `promotion_id`, `gift_id`, `ticket_id`, `special_offer_id`, `product_discount_id`, `installment_payment_id`, `created_at`) VALUES 
(94, 1015, 2001, NULL, NULL, NULL, NULL, NULL, NULL, NULL, 13, NULL, NULL, 1626284814),
(209, 1046, 2005, NULL, NULL, NULL, NULL, NULL, NULL, NULL, NULL, NULL, NULL, 1709199575),
(211, 1046, 2004, NULL, NULL, NULL, NULL, NULL, NULL, NULL, NULL, NULL, NULL, 1709199846),
(213, 1016, NULL, NULL, 43, NULL, NULL, NULL, NULL, NULL, NULL, NULL, NULL, 1729427981),
(214, 1047, NULL, NULL, 44, NULL, NULL, NULL, NULL, NULL, NULL, NULL, NULL, 1734536263);

INSERT INTO `cschool`.`cart_discount_translations` (`id`, `cart_discount_id`, `locale`, `title`, `subtitle`) VALUES (1, 1, 'en', 'Finalize your purchase with a discount', 'Please take advantage of this limited special offer by using the coupon and completing your purchase.');

INSERT INTO `cschool`.`cart_discounts` (`id`, `discount_id`, `show_only_on_empty_cart`, `enable`, `created_at`) VALUES (1, 25, 1, 1, 1709794527);

INSERT INTO `cschool`.`cashback_rule_translations` (`id`, `cashback_rule_id`, `locale`, `title`) VALUES (5, 5, 'en', 'Christmas Cashback');

INSERT INTO `cschool`.`cashback_rules` (`id`, `target_type`, `target`, `start_date`, `end_date`, `amount`, `amount_type`, `apply_cashback_per_item`, `max_amount`, `min_amount`, `enable`, `created_at`) VALUES (5, 'all', NULL, 1672610400, NULL, 10.00, 'percent', 0, NULL, NULL, 1, 1678921892);

INSERT INTO `cschool`.`categories` (`id`, `slug`, `parent_id`, `icon`, `order`) VALUES 
(520, 'I am not a health practitioner', NULL, '/store/1/default_images/categories_icons/feather.png', 7),
(522, 'Dentistry and allied specialties', NULL, '/store/1/default_images/categories_icons/briefcase.png', 6),
(523, 'Health technicians and assistants', NULL, '/store/1/default_images/categories_icons/heart.png', 5),
(524, 'Laboratories and Medical Technology', NULL, '/store/1/default_images/categories_icons/umbrella.png', 4),
(525, 'Medicine and Surgery', NULL, '/store/1/default_images/categories_icons/pie-chart.png', 3),
(526, 'Trained/Student', NULL, '/store/1/default_images/categories_icons/anchor.png', 2),
(528, 'Therapy and Rehabilitation', NULL, '/store/1/default_images/categories_icons/code.png', 1),
(601, 'General advanced dentistry', 522, '/store/1/default_images/categories_icons/sub_categories/divide-square.png', 1),
(602, 'Conservative dentistry', 522, '/store/1/default_images/categories_icons/sub_categories/zap.png', 2),
(603, 'Dentistry', 522, '/store/1/default_images/categories_icons/sub_categories/globe.png', 3),
(604, 'Anesthesia Technology', 524, '/store/1/default_images/categories_icons/sub_categories/sun.png', 1),
(605, ' Biomedical Technology', 524, '/store/1/default_images/categories_icons/sub_categories/droplet.png', 2),
(606, 'Psychology - Clinical Child Psychology', 528, '/store/1/default_images/categories_icons/sub_categories/layout.png', 1),
(607, 'psychology', 528, '/store/1/default_images/categories_icons/sub_categories/smartphone.png', 2),
(608, 'Podiatry', 528, '/store/1/default_images/categories_icons/sub_categories/codesandbox.png', 3),
(609, 'Preparatory year for health colleges', 526, '/store/1/default_images/categories_icons/sub_categories/users.png', 1),
(610, 'College of Emergency Medical Services', 526, '/store/1/default_images/categories_icons/sub_categories/share-2.png', 2),
(616, 'Oral and dental health', 522, NULL, 4),
(617, 'Dental anesthesia', 522, NULL, 5),
(618, 'Dental assistant', 522, NULL, 6),
(619, 'Cosmetic Dentistry', 522, NULL, 7),
(620, 'Dental Public Health', 522, NULL, 8),
(621, 'Biology (Genomics and Biotechnology)', 523, NULL, 1),
(622, 'Medical Statistics', 523, NULL, 2),
(623, 'Heart catheterization', 523, NULL, 3),
(624, 'Cardiac ultrasound technology', 523, NULL, 4),
(625, 'Emergency medical services', 523, NULL, 5),
(626, 'Environmental health and occupational safety', 523, NULL, 6),
(627, 'Non-clinical food science', 523, NULL, 7),
(628, 'Cardiovascular Technology', 524, NULL, 3),
(629, 'Clinical Biochemistry - Clinical Toxicology', 524, NULL, 4),
(630, 'Clinical Biochemistry - Forensic Toxicology', 524, NULL, 5),
(631, 'Clinical Immunology - Histocompatibility', 524, NULL, 6),
(632, 'Allergy and Immumology', 525, NULL, 1),
(633, 'Anatomic Pathology', 525, NULL, 2),
(634, 'Anesthesia', 525, NULL, 3),
(635, 'Bariatric medicine', 525, NULL, 4),
(636, 'Blood Transfusion Medicine', 525, NULL, 5),
(637, 'Cardiac Surgery', 525, NULL, 6),
(638, 'Cardiovascular Medicine', 525, NULL, 7),
(639, 'College of Applied Medical Sciences', 526, NULL, 3),
(640, 'College of Public Health and Health Informatics', 526, NULL, 4),
(641, 'College of Dentistry', 526, NULL, 5);

INSERT INTO `cschool`.`category_translations` (`id`, `category_id`, `locale`, `title`) VALUES 
(1, 520, 'en', 'I am not a health practitioner'),
(2, 522, 'en', 'Dentistry and allied specialties'),
(3, 523, 'en', 'Health technicians and assistants'),
(4, 524, 'en', 'Laboratories and Medical Technology'),
(5, 525, 'en', 'Medicine and Surgery'),
(6, 526, 'en', 'Trained/Student'),
(7, 528, 'en', 'Therapy and Rehabilitation'),
(8, 601, 'en', 'General advanced dentistry'),
(9, 602, 'en', 'Conservative dentistry'),
(10, 603, 'en', 'Dentistry'),
(11, 604, 'en', 'Anesthesia Technology'),
(12, 605, 'en', ' Biomedical Technology'),
(13, 606, 'en', 'Psychology - Clinical Child Psychology'),
(14, 607, 'en', 'psychology'),
(15, 608, 'en', 'Podiatry'),
(16, 609, 'en', 'Preparatory year for health colleges'),
(17, 610, 'en', 'College of Emergency Medical Services'),
(19, 528, 'ar', ''),
(20, 606, 'ar', ' '),
(21, 607, 'ar', ' '),
(22, 608, 'ar', ' '),
(23, 526, 'ar', ''),
(24, 609, 'ar', ''),
(25, 610, 'ar', ' '),
(27, 525, 'ar', ''),
(28, 524, 'ar', ' '),
(29, 604, 'ar', ' '),
(30, 605, 'ar', ' '),
(31, 523, 'ar', '  '),
(32, 522, 'ar', ''),
(33, 601, 'ar', ''),
(34, 602, 'ar', ''),
(35, 603, 'ar', ''),
(36, 520, 'ar', ''),
(37, 528, 'es', 'Desarrollo'),
(38, 606, 'es', 'Desarrollo web'),
(39, 607, 'es', 'Desarrollo mvil'),
(40, 608, 'es', 'Desarrollo de juegos'),
(41, 526, 'es', 'Negocio'),
(42, 609, 'es', 'Gestin'),
(43, 610, 'es', 'Comunicaciones'),
(45, 525, 'es', 'Mrketing'),
(46, 524, 'es', 'Estilo de vida'),
(47, 604, 'es', 'Estilo de vida'),
(48, 605, 'es', 'Belleza y maquillaje'),
(49, 523, 'es', 'salud y estado fisico'),
(50, 522, 'es', 'Acadmica'),
(51, 601, 'es', 'Matemticas'),
(52, 602, 'es', 'Ciencias'),
(53, 603, 'es', 'Idioma'),
(54, 520, 'es', 'Diseo'),
(59, 616, 'en', 'Oral and dental health'),
(60, 617, 'en', 'Dental anesthesia'),
(61, 618, 'en', 'Dental assistant'),
(62, 619, 'en', 'Cosmetic Dentistry'),
(63, 620, 'en', 'Dental Public Health'),
(64, 621, 'en', 'Biology (Genomics and Biotechnology)'),
(65, 622, 'en', 'Medical Statistics'),
(66, 623, 'en', 'Heart catheterization'),
(67, 624, 'en', 'Cardiac ultrasound technology'),
(68, 625, 'en', 'Emergency medical services'),
(69, 626, 'en', 'Environmental health and occupational safety'),
(70, 627, 'en', 'Non-clinical food science'),
(71, 628, 'en', 'Cardiovascular Technology'),
(72, 629, 'en', 'Clinical Biochemistry - Clinical Toxicology'),
(73, 630, 'en', 'Clinical Biochemistry - Forensic Toxicology'),
(74, 631, 'en', 'Clinical Immunology - Histocompatibility'),
(75, 632, 'en', 'Allergy and Immumology'),
(76, 633, 'en', 'Anatomic Pathology'),
(77, 634, 'en', 'Anesthesia'),
(78, 635, 'en', 'Bariatric medicine'),
(79, 636, 'en', 'Blood Transfusion Medicine'),
(80, 637, 'en', 'Cardiac Surgery'),
(81, 638, 'en', 'Cardiovascular Medicine'),
(82, 639, 'en', 'College of Applied Medical Sciences'),
(83, 640, 'en', 'College of Public Health and Health Informatics'),
(84, 641, 'en', 'College of Dentistry');

INSERT INTO `cschool`.`certificate_template_translations` (`id`, `certificate_template_id`, `locale`, `title`, `body`, `rtl`, `elements`) VALUES 
(9, 7, 'en', 'Quiz-depended Certificate Template', '<div class="certificate-template-container" style="background-image: url(&quot;https://lms.rocket-soft.org/store/1/default_images/certificate_background.jpg&quot;);"><div class="draggable-element ui-draggable ui-draggable-handle" data-name="title" style="top: 225.134px; left: 247.125px; font-size: 22px; color: rgb(0, 0, 0); text-align: inherit; font-weight: bold;">This certificate awarded to [student_name]</div><div class="draggable-element ui-draggable ui-draggable-handle ui-draggable-dragging" data-name="subtitle" style="top: 271.982px; left: 320.964px; font-size: 18px; color: rgb(0, 0, 0); text-align: inherit; font-weight: inherit;">regarding passing [course_name]</div><div class="draggable-element ui-draggable ui-draggable-handle" data-name="body" style="top: 318.571px; left: 337.563px; font-size: 16px; color: rgb(0, 0, 0); text-align: inherit; font-weight: inherit;">with the [grade] grade with success</div><div class="draggable-element ui-draggable ui-draggable-handle ui-draggable-dragging" data-name="date" style="top: 80.4286px; left: 57.4286px; font-size: 14px; color: rgb(0, 0, 0); text-align: inherit; font-weight: bold;">[date]</div><div class="draggable-element ui-draggable ui-draggable-handle" data-name="qr_code" style="top: 392.42px; left: 728.42px; text-align: inherit; font-weight: inherit; width: 128px; height: 128px;">[qr_code]</div><div class="draggable-element ui-draggable ui-draggable-handle" data-name="hint" style="top: 49.4286px; left: 760.429px; font-size: 14px; color: rgb(0, 0, 0); text-align: inherit; font-weight: bold;">ID : [certificate_id]</div><div class="draggable-element ui-draggable ui-draggable-handle" data-name="platform_name" style="top: 47.7143px; left: 55.7143px; font-size: 16px; color: rgb(0, 0, 0); text-align: inherit; font-weight: bold;">[platform_name]</div><div class="draggable-element ui-draggable ui-draggable-handle" data-name="stamp" style="display: flex; align-items: center; justify-content: center; top: 399.714px; left: 100.714px; text-align: inherit; font-weight: inherit; width: 128px; height: 128px;"><img src="https://lms.rocket-soft.org/store/1/default_images/stamp.png" style="max-height: 100%; max-width: 100%;"></div><div class="draggable-element ui-draggable ui-draggable-handle" data-name="platform_signature" style="display: flex; align-items: center; justify-content: center; top: 399.429px; left: 241.429px; text-align: inherit; font-weight: inherit; width: 128px; height: 128px;"><img src="https://lms.rocket-soft.org/store/1/default_images/signature.png" style="max-height: 100%; max-width: 100%;"></div></div>', NULL, '{"title":{"content":"This certificate awarded to [student_name]","font_size":"22","font_color":"#000000","styles":null,"font_weight_bold":"on","enable":"on"},"subtitle":{"content":"regarding passing [course_name]","font_size":"18","font_color":"#000000","styles":null,"enable":"on"},"body":{"content":"with the [grade] grade with success","font_size":"16","font_color":"#000000","styles":null,"enable":"on"},"date":{"display_date":"textual","font_size":"14","font_color":"#000000","styles":null,"font_weight_bold":"on","enable":"on","content":"[date]"},"qr_code":{"image_size":"128","enable":"on","content":"[qr_code]"},"hint":{"content":"ID : [certificate_id]","font_size":"14","font_color":"#000000","styles":null,"font_weight_bold":"on","enable":"on"},"student_name":{"font_size":"22","font_color":"#000000","styles":null,"font_weight_bold":"on","content":"[student_name]"},"instructor_name":{"font_size":null,"font_color":"#000000","styles":null,"content":"[instructor_name]"},"platform_name":{"font_size":"16","font_color":"#000000","styles":null,"font_weight_bold":"on","enable":"on","content":"[platform_name]"},"course_name":{"font_size":"22","font_color":"#000000","styles":null,"content":"[course_name]"},"instructor_signature":{"content":"[instructor_signature]"},"platform_signature":{"image":"\\/store\\/1\\/default_images\\/signature.png","image_size":"128","enable":"on"},"stamp":{"image":"\\/store\\/1\\/default_images\\/stamp.png","image_size":"128","enable":"on"}}'),
(10, 8, 'en', 'Completion Certificate Template', '<div class="certificate-template-container" style="background-image: url(&quot;https://lms.rocket-soft.org/store/1/default_images/certificate_background.jpg&quot;);"><div class="draggable-element ui-draggable ui-draggable-handle" data-name="title" style="top: 244.134px; left: 272.125px; font-size: 22px; color: rgb(0, 0, 0); text-align: inherit; font-weight: bold;">This certificate awarded to [student]</div><div class="draggable-element ui-draggable ui-draggable-handle" data-name="subtitle" style="top: 301.134px; left: 338.125px; font-size: 18px; color: rgb(0, 0, 0); text-align: inherit; font-weight: inherit;">regarding completing [course]</div><div class="draggable-element ui-draggable ui-draggable-handle" data-name="platform_signature" style="display: flex; align-items: center; justify-content: center; top: 408.42px; left: 702.42px; text-align: inherit; font-weight: inherit; width: 128px; height: 128px;"><img src="https://lms.rocket-soft.org/store/1/default_images/signature.png" style="max-height: 100%; max-width: 100%;"></div><div class="draggable-element ui-draggable ui-draggable-handle" data-name="stamp" style="display: flex; align-items: center; justify-content: center; top: 408.42px; left: 96.4286px; text-align: inherit; font-weight: inherit; width: 128px; height: 128px;"><img src="https://lms.rocket-soft.org/store/1/default_images/stamp.png" style="max-height: 100%; max-width: 100%;"></div><div class="draggable-element ui-draggable ui-draggable-handle ui-draggable-dragging" data-name="qr_code" style="top: 58.4286px; left: 736.42px; text-align: inherit; font-weight: inherit; width: 128px; height: 128px;">[qr_code]</div></div>', NULL, '{"title":{"content":"This certificate awarded to [student]","font_size":"22","font_color":"#000000","styles":null,"font_weight_bold":"on","enable":"on"},"subtitle":{"content":"regarding completing [course]","font_size":"18","font_color":"#000000","styles":null,"enable":"on"},"body":{"content":null,"font_size":null,"font_color":"#000000","styles":null},"date":{"display_date":"textual","font_size":null,"font_color":"#000000","styles":null,"content":"[date]"},"qr_code":{"image_size":"128","enable":"on","content":"[qr_code]"},"hint":{"content":null,"font_size":null,"font_color":"#000000","styles":null},"student_name":{"font_size":"22","font_color":"#000000","styles":null,"font_weight_bold":"on","content":"[student_name]"},"instructor_name":{"font_size":null,"font_color":"#000000","styles":null,"content":"[instructor_name]"},"platform_name":{"font_size":null,"font_color":"#000000","styles":null,"content":"[platform_name]"},"course_name":{"font_size":"18","font_color":"#000000","styles":null,"content":"[course_name]"},"instructor_signature":{"content":"[instructor_signature]"},"platform_signature":{"image":"\\/store\\/1\\/default_images\\/signature.png","image_size":"128","enable":"on"},"stamp":{"image":"\\/store\\/1\\/default_images\\/stamp.png","image_size":"128","enable":"on"}}');

INSERT INTO `cschool`.`certificates` (`id`, `quiz_id`, `quiz_result_id`, `student_id`, `webinar_id`, `bundle_id`, `user_grade`, `type`, `created_at`) VALUES 
(4, 33, 29, 996, NULL, NULL, 80, 'quiz', 1626237574),
(5, 34, 30, 979, NULL, NULL, 90, 'quiz', 1626237968),
(6, NULL, NULL, 995, 2007, NULL, NULL, 'course', 1709715260),
(14, NULL, NULL, 996, 2033, NULL, NULL, 'course', 1728814338),
(15, NULL, NULL, 996, 2007, NULL, NULL, 'course', 1729583245),
(16, NULL, NULL, 1050, 2049, NULL, NULL, 'course', 1729664536),
(17, NULL, NULL, 1052, 2050, NULL, NULL, 'course', 1729756980),
(18, NULL, NULL, 929, 2049, NULL, NULL, 'course', 1748812189);

INSERT INTO `cschool`.`certificates_templates` (`id`, `image`, `type`, `position_x`, `position_y`, `font_size`, `text_color`, `status`, `created_at`, `updated_at`) VALUES 
(7, '/store/1/default_images/certificate_background.jpg', 'quiz', NULL, NULL, NULL, NULL, 'publish', 1709112544, NULL),
(8, '/store/1/default_images/certificate_background.jpg', 'course', NULL, NULL, NULL, NULL, 'publish', 1709713472, NULL);

INSERT INTO `cschool`.`comments` (`id`, `user_id`, `review_id`, `webinar_id`, `bundle_id`, `upcoming_course_id`, `blog_id`, `product_id`, `product_review_id`, `reply_id`, `comment`, `status`, `report`, `disabled`, `created_at`, `viewed_at`) VALUES 
(43, 996, NULL, 2004, NULL, NULL, NULL, NULL, NULL, NULL, 'Hi.
What is the level of this course?', 'active', 0, 0, 1625863108, NULL),
(44, 930, NULL, 1998, NULL, NULL, NULL, NULL, NULL, NULL, 'I have already taken another course with this teacher. His teaching method is excellent.', 'active', 0, 0, 1625863203, 1625863611),
(45, 979, NULL, 1999, NULL, NULL, NULL, NULL, NULL, NULL, 'Is it possible to participate in this course without participating in the prerequisite course?', 'active', 0, 0, 1625863345, NULL),
(47, 1015, NULL, 1998, NULL, NULL, NULL, NULL, NULL, 44, 'Thanks a lot for your comment, Best regards.', 'active', 0, 0, 1625863726, 1626235570),
(48, 3, NULL, 1997, NULL, NULL, NULL, NULL, NULL, NULL, 'Will we be able to build applications at the end of this course?', 'active', 0, 0, 1625864259, 1625864297),
(49, 934, NULL, 1997, NULL, NULL, NULL, NULL, NULL, 48, 'Hi.
Yes you can.', 'active', 0, 0, 1625864351, NULL),
(50, 1016, NULL, 2006, NULL, NULL, NULL, NULL, NULL, NULL, 'Will this course be updated in the future?', 'active', 0, 0, 1625864416, NULL),
(51, 995, NULL, 2004, NULL, NULL, NULL, NULL, NULL, NULL, 'Will we receive a certificate at the end of this course?', 'active', 0, 0, 1625864526, NULL),
(52, 1015, NULL, 2002, NULL, NULL, NULL, NULL, NULL, NULL, 'Perfect course, thank you.', 'active', 0, 0, 1626235679, NULL),
(56, 929, NULL, 2003, NULL, NULL, NULL, NULL, NULL, NULL, 'Hi.
Is it possible to start the class earlier?', 'active', 0, 0, 1626241386, NULL),
(58, 3, NULL, 2003, NULL, NULL, NULL, NULL, NULL, 56, 'Hi kate.
No, but it may change in the future. Thank you', 'active', 0, 0, 1626242070, NULL),
(63, 996, NULL, 2003, NULL, NULL, NULL, NULL, NULL, NULL, 'As i already new a lot on this matter i was surprised that i actually find out that there are more ways to tweak your time management', 'active', 0, 0, 1626509327, NULL),
(65, 863, NULL, 2002, NULL, NULL, NULL, NULL, NULL, 52, 'We are very happy that you are satisfied with this course.', 'pending', 0, 0, 1626509913, NULL),
(66, 1015, NULL, NULL, NULL, NULL, 21, NULL, NULL, NULL, 'Thank you for this excellent article.', 'active', 0, 0, 1646413650, NULL),
(68, 1, NULL, NULL, NULL, NULL, 21, NULL, NULL, 66, '<p>you are welcome</p>', 'active', 0, 0, 1729329483, NULL);

INSERT INTO `cschool`.`content_delete_requests` (`id`, `user_id`, `targetable_id`, `targetable_type`, `description`, `content_title`, `content_published_date`, `customers_count`, `sales`, `status`, `created_at`) VALUES (1, 1015, 1996, 'App\\Models\\Webinar', 'I would like to release an update for this course. Could you please delete it?', 'Learn Linux in 5 Days', 1624943782, 5, 0.00, 'pending', 1709711134);

INSERT INTO `cschool`.`course_forum_answers` (`id`, `forum_id`, `user_id`, `description`, `pin`, `resolved`, `created_at`) VALUES 
(1, 1, 929, 'Hi,
Would you please explain more?
Regards.', 0, 0, 1655875426),
(2, 1, 996, 'I have the same problem too.', 0, 0, 1655875682),
(4, 1, 995, 'I get errors when we want to export data.', 0, 0, 1655882242),
(5, 1, 929, 'Please stop windows update services and recheck the mentioned problem.
Regards.', 0, 1, 1655882364),
(6, 1, 995, 'Thank you.
Your help solved my problem.
Regards.', 0, 0, 1655882416),
(7, 2, 929, 'Hi,
You can use the MySQL application to export data.', 0, 0, 1655887741),
(8, 2, 930, 'Hi,
Would you please share the download link?
Regards.', 0, 0, 1655970451),
(9, 3, 1015, 'Hi,
What is your backup file format?', 0, 0, 1656103693),
(10, 3, 996, 'I have the same problem.', 0, 0, 1656103746);

INSERT INTO `cschool`.`course_forums` (`id`, `webinar_id`, `user_id`, `title`, `description`, `attach`, `pin`, `created_at`) VALUES 
(1, 2010, 995, 'I need help !!!', 'Hi,
I need help to complete final part.
I attached the error screenshot.
Regards.', '/store/995/error.jpg', 0, 1655873238),
(2, 2010, 930, 'How to export data ?!', 'Hi,
I want to export data, but I don''t know how to do it
Please help me.
Thank you.', NULL, 0, 1655887586),
(3, 2008, 995, 'How can i restore my backup?', 'I lost all my previous data while updating. Fortunately, I had a backup. How do I restore my backup now?', NULL, 0, 1656103614);

INSERT INTO `cschool`.`course_learning` (`id`, `user_id`, `text_lesson_id`, `file_id`, `session_id`, `created_at`) VALUES 
(29, 995, NULL, 46, NULL, 1626232964),
(30, 995, NULL, 47, NULL, 1626232969),
(35, 996, NULL, 52, NULL, 1626235816),
(36, 996, NULL, 53, NULL, 1626235817),
(37, 996, NULL, 54, NULL, 1626235821),
(41, 996, NULL, 35, NULL, 1626235943),
(42, 996, 13, NULL, NULL, 1626235945),
(46, 995, NULL, 52, NULL, 1626236011),
(47, 995, NULL, 49, NULL, 1626236016),
(48, 995, NULL, 50, NULL, 1626236018),
(49, 995, NULL, 51, NULL, 1626236021),
(51, 995, NULL, 37, NULL, 1626236053),
(52, 995, NULL, 38, NULL, 1626236054),
(53, 995, NULL, 39, NULL, 1626236055),
(57, 995, NULL, 60, NULL, 1646174182),
(58, 995, NULL, 61, NULL, 1646174192),
(59, 995, NULL, 63, NULL, 1646174196),
(60, 995, NULL, 64, NULL, 1646174198),
(61, 995, NULL, 65, NULL, 1646174200),
(62, 930, NULL, 74, NULL, 1655877111),
(63, 995, NULL, 62, NULL, 1656664655),
(64, 995, NULL, 66, NULL, 1656664665),
(65, 995, NULL, 67, NULL, 1656664677),
(66, 995, NULL, 56, NULL, 1656664695),
(67, 995, NULL, 57, NULL, 1656664701),
(68, 995, NULL, 58, NULL, 1656664843),
(69, 995, NULL, 59, NULL, 1656664847),
(70, 995, NULL, 40, NULL, 1656664900),
(71, 995, NULL, 42, NULL, 1656664904),
(72, 995, NULL, 41, NULL, 1656664908),
(81, 996, NULL, 45, NULL, 1728571464),
(83, 996, NULL, 96, NULL, 1728814340),
(84, 996, NULL, 56, NULL, 1728814412),
(85, 996, NULL, 59, NULL, 1728814517),
(86, 996, NULL, 58, NULL, 1728814584),
(87, 996, NULL, 57, NULL, 1728815987),
(93, 1052, NULL, 111, NULL, 1729755852),
(94, 1052, NULL, 112, NULL, 1729756845),
(95, 1052, NULL, 113, NULL, 1729756853),
(96, 1052, NULL, 114, NULL, 1729756860);

INSERT INTO `cschool`.`course_learning_last_views` (`id`, `user_id`, `webinar_id`, `item_id`, `item_type`, `visited_at`) VALUES 
(2, 1015, 2009, 74, 'session', 1727263524),
(5, 1, 2009, 76, 'session', 1728559708),
(6, 996, 2009, 75, 'session', 1728571233),
(7, 996, 2003, 32, 'quiz', 1728571483),
(8, 996, 2007, 57, 'file', 1728815995),
(9, 996, 2010, 77, 'file', 1729342722),
(10, 1016, 1996, 105, 'session', 1729411888),
(11, 1047, 2033, 96, 'file', 1729414231),
(12, 1050, 2049, 48, 'quiz', 1729664572),
(13, 1052, 2050, 50, 'quiz', 1729756981);

INSERT INTO `cschool`.`course_noticeboard_status` (`id`, `user_id`, `noticeboard_id`, `seen_at`) VALUES 
(1, 995, 1, 1656103105),
(2, 996, 1, 1656103714),
(3, 995, 5, 1656142535),
(4, 995, 6, 1656142535),
(5, 996, 5, 1656219599),
(6, 996, 6, 1656219599),
(7, 995, 2, 1656406722),
(8, 995, 3, 1656406722),
(9, 995, 4, 1656406722),
(10, 996, 2, 1656407301),
(11, 996, 3, 1656407301),
(12, 996, 4, 1656407301);

INSERT INTO `cschool`.`course_noticeboards` (`id`, `creator_id`, `webinar_id`, `color`, `title`, `message`, `created_at`) VALUES 
(1, 1015, 2008, 'danger', 'Important notice', '<p>Dear students. I will upload the new assignment for you soon. Please send the previous assignment by the end of the month.</p><p>The final quiz&nbsp;will be held at the end of next month. The exact date of the quiz will be announced.</p>', 1656083692),
(2, 1015, 2008, 'warning', 'Quiz date changed', '<p>Hi, Dear students</p><p>The mid-term Quiz date changed.</p><p>We hope to you take mentioned quiz next week.</p><p>Regards.</p>', 1656136473),
(3, 1015, 2008, 'info', 'Upload final chapter', '<p>Hi, Dear students.</p><p>We are going to upload the last chapter next month.</p><p>Regards.</p>', 1656136763),
(4, 1015, 2008, 'success', 'Top Students', '<p>Hi, Dear students</p><p>We intend to appreciate the top students.</p><p>We will announce the list of top students.</p><p>Regards.</p><p><br></p>', 1656136896),
(5, 929, 2010, 'success', 'Top Students', '<p>Hi, Dear students</p><p>We intend to appreciate the top students.</p><p>We will announce the list of top students.</p><p>Regards.</p>', 1656137511),
(6, 929, 2010, 'warning', 'Quiz date changed', '<p>Hi, Dear students</p><p>The mid-term Quiz date changed.</p><p>We hope to you take mentioned quiz next week.</p><p>Regards.</p>', 1656137557);

INSERT INTO `cschool`.`course_personal_notes` (`id`, `user_id`, `course_id`, `targetable_id`, `targetable_type`, `note`, `attachment`, `created_at`) VALUES 
(1, 996, 2003, 45, 'App\\Models\\File', 'I will complete this lesson on May 5th, 2023.', '/store/996/lmX4K.png', 1709535241),
(2, 996, 2009, 75, 'App\\Models\\Session', 'I need to provide documentation to the teacher for this session.', NULL, 1709535321),
(3, 995, 2008, 61, 'App\\Models\\File', 'I need to provide documentation to the teacher for this session.', NULL, 1709535364),
(4, 995, 2009, 76, 'App\\Models\\Session', 'I need to submit the homework to the teacher for this session.', '/store/995/homework.docx', 1709535439),
(5, 1052, 2050, 50, 'App\\Models\\Quiz', 'good', NULL, 1729757006);

INSERT INTO `cschool`.`currencies` (`id`, `currency`, `currency_position`, `currency_separator`, `currency_decimal`, `exchange_rate`, `order`, `created_at`) VALUES 
(4, 'EUR', 'left', 'dot', 2, 0.93, 1, 1678868603),
(6, 'INR', 'left', 'dot', 2, 82.52, 2, 1678869222);

INSERT INTO `cschool`.`delete_account_requests` (`id`, `user_id`, `created_at`) VALUES (1, 864, 1656194622);

INSERT INTO `cschool`.`discount_categories` (`id`, `discount_id`, `category_id`, `created_at`) VALUES 
(10, 10, 520, 1709728551),
(11, 10, 608, 1709728551),
(12, 10, 606, 1709728551);

INSERT INTO `cschool`.`discounts` (`id`, `creator_id`, `title`, `subtitle`, `discount_type`, `source`, `code`, `percent`, `amount`, `max_amount`, `minimum_order`, `count`, `user_type`, `product_type`, `for_first_purchase`, `status`, `expired_at`, `created_at`) VALUES 
(7, 1, 'Black Friday', NULL, 'percentage', 'course', 'BLK2021', 20, 10, NULL, NULL, 20, 'all_users', 'all', 0, 'active', 1797193740, 1626132792),
(8, 1, 'Store Physical Products Coupon', NULL, 'percentage', 'product', 'SPGH22', 10, NULL, NULL, NULL, 5, 'all_users', 'physical', 0, 'active', 1773185400, 1656320198),
(9, 1, 'Store Virtual Products Coupon', NULL, 'percentage', 'product', 'VKRYT22', 20, NULL, NULL, NULL, 10, 'all_users', 'virtual', 0, 'active', 1775052000, 1656320568),
(10, 1, 'Categories Coupon', NULL, 'percentage', 'category', 'GJKTPW', 10, NULL, 10, NULL, 1, 'all_users', 'all', 0, 'active', 1828915200, 1656320749),
(24, 1015, 'Black Firday Offer', 'Buy now with a special offer', 'percentage', 'all', 'BLK10', 10, NULL, 50, NULL, 100, 'all_users', 'all', 0, 'active', 1806379200, 1709540145),
(25, 1, '2024 Offer for All Users', NULL, 'percentage', 'all', 'All10', 10, NULL, NULL, NULL, 50, 'all_users', 'all', 0, 'active', 1805515200, 1709728742);

INSERT INTO `cschool`.`faq_translations` (`id`, `faq_id`, `locale`, `title`, `answer`) VALUES 
(6, 18, 'en', 'What is the course level??', 'This is a course for beginners so you will get familiar with the topic from scratch.'),
(7, 19, 'en', 'How can I get course updates?', 'You will receive a notification after each update is released so you can download updated files from the course page.'),
(8, 20, 'en', 'Is it a supported course?', 'Yes, you can get in touch with the instructor using the support system.'),
(9, 21, 'en', 'What is the course level?', 'This is a course for beginners so you will get familiar with the topic from scratch.'),
(10, 22, 'en', 'How can I get course updates?', 'You will receive a notification after each update is released so you can download updated files from the course page.'),
(11, 23, 'en', 'What is the course level?', 'This is a course for beginners so you will get familiar with the topic from scratch.'),
(12, 24, 'en', 'How can I download exercise files?', 'All of the exercise files could be downloaded from the content tab on the course page.'),
(13, 25, 'en', 'Can I have a private meeting with the instructor?', 'Yes, you can reserve a 1 to 1 meeting with the instructor using the instructor profile.'),
(14, 26, 'en', 'How can I get course updates?', 'You will receive a notification after each update is released so you can download updated files from the course page.'),
(15, 27, 'en', 'What is the course level?', 'This is a course for beginners so you will get familiar with the topic from scratch.'),
(16, 28, 'en', 'Is it a supported course?', 'Yes, you can get in touch with the instructor using the support system.'),
(17, 29, 'en', 'How can I get course updates?', 'You will receive a notification after each update is released so you can download updated files from the course page.'),
(18, 30, 'en', 'Can I have a private meeting with the instructor?', 'Yes, you can reserve a 1 to 1 meeting with the instructor using the instructor profile.'),
(19, 31, 'en', 'Is it a supported course?', 'Yes, you can get in touch with the instructor using the support system.'),
(20, 32, 'en', 'What is the course level?', 'This is a course for beginners so you will get familiar with the topic from scratch.'),
(21, 33, 'en', 'Is it a supported course?', 'Yes, you can get in touch with the instructor using the support system.'),
(22, 34, 'en', 'Can I have a private meeting with the instructor?', 'Yes, you can reserve a 1 to 1 meeting with the instructor using the instructor profile.'),
(23, 35, 'en', 'Is it a supported course?', 'Yes, you can get in touch with the instructor using the support system.'),
(24, 36, 'en', 'Can I have a private meeting with the instructor?', 'Yes, you can reserve a 1 to 1 meeting with the instructor using the instructor profile.'),
(25, 37, 'en', 'What is the course level?', 'This is a course for beginners so you will get familiar with the topic from scratch.'),
(26, 38, 'en', 'Is it a supported course?', 'Yes, you can get in touch with the instructor using the support system.'),
(27, 39, 'en', 'Can I have a private meeting with the instructor?', 'Yes, you can reserve a 1 to 1 meeting with the instructor using the instructor profile.'),
(28, 40, 'en', 'What is the course level?', 'This is a course for beginners so you will get familiar with the topic from scratch.'),
(29, 41, 'en', 'How can I get course updates?', 'You will receive a notification after each update is released so you can download updated files from the course page.'),
(30, 42, 'en', 'Is it a supported course?', 'Yes, you can get in touch with the instructor using the support system.'),
(31, 43, 'en', 'Is it a supported course?', 'Yes, you can get in touch with the instructor using the support system.'),
(32, 44, 'en', 'How can I get course updates?', 'You will receive a notification after each update is released so you can download updated files from the course page.'),
(33, 45, 'en', 'What is the course level?', 'This is a course for beginners so you will get familiar with the topic from scratch.'),
(34, 46, 'en', 'What is the course level?', 'This is a course for beginners so you will get familiar with the topic from scratch.'),
(35, 47, 'en', 'Is it a supported course?', 'Yes, you can get in touch with the instructor using the support system.'),
(36, 48, 'en', 'Can I have a private meeting with the instructor?', 'Yes, you can reserve a 1 to 1 meeting with the instructor using the instructor profile.'),
(37, 49, 'en', 'What is the course level?', 'This is a course for beginners so you will get familiar with the topic from scratch.'),
(38, 50, 'en', 'How can I get course updates?', 'You will receive a notification after each update is released so you can download updated files from the course page.'),
(39, 51, 'en', 'Is it a supported course?', 'Yes, you can get in touch with the instructor using the support system.'),
(40, 52, 'en', 'How can I get course updates?', 'You will receive a notification after each update is released so you can download updated files from the course page.'),
(41, 53, 'en', 'How can I download exercise files?', 'All of the exercise files could be downloaded from the content tab on the course page.'),
(42, 54, 'en', 'Why take this course?', 'This course starts with explaining what programming really is? Have you ever wondered how things actually work in a program?'),
(46, 58, 'en', 'test', 'test'),
(47, 59, 'en', 'test', 'test'),
(48, 60, 'en', 'test', 'test');

INSERT INTO `cschool`.`faqs` (`id`, `creator_id`, `webinar_id`, `bundle_id`, `upcoming_course_id`, `order`, `created_at`, `updated_at`) VALUES 
(18, 1016, 1996, NULL, NULL, NULL, 1624945244, NULL),
(19, 1016, 1996, NULL, NULL, NULL, 1624945306, NULL),
(20, 1016, 1996, NULL, NULL, NULL, 1624945328, NULL),
(21, 934, 1997, NULL, NULL, NULL, 1624956994, NULL),
(22, 934, 1997, NULL, NULL, NULL, 1624957014, NULL),
(23, 929, 1999, NULL, NULL, NULL, 1625039334, NULL),
(24, 929, 1999, NULL, NULL, NULL, 1625039363, NULL),
(25, 929, 1999, NULL, NULL, NULL, 1625039377, NULL),
(26, 867, 2000, NULL, NULL, NULL, 1625046069, NULL),
(27, 867, 2000, NULL, NULL, NULL, 1625046102, NULL),
(28, 3, 2001, NULL, NULL, NULL, 1625079104, NULL),
(29, 864, 2003, NULL, NULL, NULL, 1625300294, NULL),
(30, 864, 2003, NULL, NULL, NULL, 1625300305, NULL),
(31, 864, 2003, NULL, NULL, NULL, 1625300320, NULL),
(32, 4, 2005, NULL, NULL, NULL, 1625691029, NULL),
(33, 4, 2005, NULL, NULL, NULL, 1625691056, NULL),
(34, 4, 2005, NULL, NULL, NULL, 1625691083, NULL),
(35, 867, 2006, NULL, NULL, NULL, 1625694463, NULL),
(36, 867, 2006, NULL, NULL, NULL, 1625694481, NULL),
(37, 1015, 1998, NULL, NULL, NULL, 1626109158, NULL),
(38, 1015, 1998, NULL, NULL, NULL, 1626109178, NULL),
(39, 1015, 1998, NULL, NULL, NULL, 1626109196, NULL),
(40, 867, 2007, NULL, NULL, NULL, 1626234581, NULL),
(41, 867, 2007, NULL, NULL, NULL, 1626234619, NULL),
(42, 867, 2007, NULL, NULL, NULL, 1626234666, NULL),
(43, 1015, 2009, NULL, NULL, NULL, 1646172991, NULL),
(44, 1015, 2009, NULL, NULL, NULL, 1646173018, NULL),
(45, 1015, 2009, NULL, NULL, NULL, 1646173035, NULL),
(46, 1015, 2008, NULL, NULL, NULL, 1646173113, NULL),
(47, 1015, 2008, NULL, NULL, NULL, 1646173127, NULL),
(48, 1015, 2008, NULL, NULL, NULL, 1646173143, NULL),
(49, 929, 2010, NULL, NULL, NULL, 1655801621, NULL),
(50, 929, 2010, NULL, NULL, NULL, 1655801642, NULL),
(51, 929, 2010, NULL, NULL, NULL, 1655803063, NULL),
(52, 1015, NULL, 1, NULL, NULL, 1656082919, NULL),
(53, 1015, NULL, 1, NULL, NULL, 1656082949, NULL),
(54, 1015, NULL, NULL, 3, 15, 1678876257, NULL),
(58, 1016, 2026, NULL, NULL, 1, 1728325671, NULL),
(59, 1016, 2027, NULL, NULL, 1, 1728325975, NULL),
(60, 1016, 2029, NULL, NULL, 1, 1728326851, NULL);

INSERT INTO `cschool`.`favorites` (`id`, `user_id`, `webinar_id`, `bundle_id`, `upcoming_course_id`, `created_at`) VALUES (19, 996, 2007, NULL, NULL, 1728569250);

INSERT INTO `cschool`.`feature_webinar_translations` (`id`, `feature_webinar_id`, `locale`, `description`) VALUES 
(1, 26, 'en', 'Microsoft Excel is a spreadsheet developed by Microsoft for Windows, macOS, Android and iOS. It features calculation, graphing tools, pivot tables, and a macro programming language called Visual Basic for Applications (VBA).'),
(2, 28, 'en', 'Learn step-by-step tips that help you get things done with your virtual team by increasing trust and accountability.If you manage a virtual team today, then you''ll probably continue to do so for the rest of your career.'),
(3, 28, 'es', 'Aprenda consejos paso a paso que lo ayudarn a hacer las cosas con su equipo virtual al aumentar la confianza y la responsabilidad. Si administra un equipo virtual hoy, probablemente continuar hacindolo durante el resto de su carrera.'),
(4, 28, 'ar', '                                 .'),
(5, 26, 'ar', 'Microsoft Excel       Microsoft  Windows  macOS  Android  iOS.            Visual Basic for Applications (VBA).'),
(6, 26, 'es', 'Microsoft Excel es una hoja de clculo desarrollada por Microsoft para Windows, macOS, Android e iOS. Cuenta con clculo, herramientas grficas, tablas dinmicas y un lenguaje de programacin de macros llamado Visual Basic para Aplicaciones (VBA).');

INSERT INTO `cschool`.`feature_webinars` (`id`, `webinar_id`, `page`, `status`, `updated_at`) VALUES 
(26, 1998, 'home', 'publish', 1635438083),
(28, 2008, 'home', 'publish', 1677569150);

INSERT INTO `cschool`.`file_translations` (`id`, `file_id`, `locale`, `title`, `description`) VALUES 
(5, 35, 'en', 'Introduction video', 'Python is an interpreted high-level general-purpose programming language. Python''s design philosophy emphasizes code readability with its notable use of significant indentation.'),
(6, 36, 'en', 'Introduction Class', 'Microsoft Excel is a spreadsheet developed by Microsoft for Windows, macOS, Android and iOS. It features calculation, graphing tools, pivot tables, and a macro programming language called Visual Basic for Applications (VBA).'),
(7, 37, 'en', 'Introduction', 'In this welcome  video, I give you a quick overview of what the course is about.'),
(8, 38, 'en', 'Principles of Behavior Change', 'In this lecture, I discuss an overview of the "Principles of Behavior Change" module, the 4 power principles of behavior change, and what you should know about those principles when managing your virtual team.'),
(9, 39, 'en', 'The Power of Writing', 'In this lecture, I discuss the following: The mysterious power of writing things down and The advantages of writing tasks out to your virtual team'),
(10, 40, 'en', 'Before the Meeting', 'In this lecture, I discuss the five things you should do before every meeting, and how to manage everyones expectations through a well-crafted meeting agenda.'),
(11, 41, 'en', 'During the Meeting', 'In this lecture, I discuss the five things you should do during every meeting, and how to facilitate your meetings to keep everyone focused on their tasks.'),
(12, 42, 'en', 'After the Meeting', 'In this lecture, I discuss the two things you should do after every meeting, and how to follow up with your team to make sure they are committed to getting their actions completed.'),
(13, 43, 'en', 'Introduction', 'If you have ever taken a time management course, you''ve probably faced the frustration of trying to manage your time better and not succeeding.'),
(14, 44, 'en', 'Why Your Fitness Matters', 'Unfortunately, the internet is full of false fitness gurus that sell you all kinds of workouts plans and gimmicks that are overpriced and don''t work.'),
(15, 45, 'en', 'Introduction', 'Improve your reactive habits, define your listening mindset, amplify your curiosity, & add value as a great listener'),
(16, 46, 'en', 'Exponential', 'Here you will gain and understanding of how consumption is more important than finds of non-renewable energy. Also other matters that affect the future development of non-renewable key and primary fuels'),
(17, 47, 'en', 'Importance of Oil', 'Here we test your knowledge of what you learned hopefully listening to our second lecture.'),
(18, 48, 'en', 'Behavioural Solutions', 'Here you will gain and understanding of how consumption is more important than finds of non-renewable energy. Also other matters that affect the future development of non-renewable key and primary fuels'),
(19, 49, 'en', 'Welcome !!', 'Today we are going to learn the basics of creating a good design. This can apply from web design to graphic design in general.
I put together my top 5 tips and tricks to create a good design from scratch.'),
(20, 50, 'en', 'CSS Essentials', 'Chances are you have heard of relative and absolute position in CSS, but did you know there are still three other positions? In this video I will be covering all five CSS positions (static, relative, absolute, fixed, and sticky) .'),
(21, 51, 'en', 'Intermediate CSS', 'Learn more about Intermediate CSS features like CSS Grid, Flexbox, and custom properties (aka. variables). Kyle, from Web Dev Simplified, will walk through a few Intermediate CSS challenges and discuss some of our favorite CSS tips and tricks.'),
(22, 52, 'en', 'Welcome to the Course!', 'A warm welcome to the course! Feel free to contact me if you have any questions'),
(23, 53, 'en', 'Health & Safety', 'The point of this lecture is to share with you numerous safety tips I''ve learned during my journey.'),
(24, 54, 'en', 'Where To Sleep during your Travels?', 'After this lesson you''ll know what exactly is Couchsurfing and what to expect.'),
(25, 55, 'en', 'Ready to go? The last things to do!', 'In this video I''ll share with you some tips to earn money on the road and I will take my example as a digital nomad to show you what works.'),
(26, 56, 'en', 'Overview', 'The course content is uniquely customized in a way to give each student who participates in this course the best skill orientation and the basic knowledge required to enter the travel and tourism industry.'),
(27, 57, 'en', 'Understanding Maps', 'The course content is uniquely customized in a way to give each student who participates in this course the best skill orientation and the basic knowledge required to enter the travel and tourism industry.'),
(28, 58, 'en', 'World Time', 'The course content is uniquely customized in a way to give each student who participates in this course the best skill orientation and the basic knowledge required to enter the travel and tourism industry.'),
(29, 59, 'en', 'Travel Technology', 'The course content is uniquely customized in a way to give each student who participates in this course the best skill orientation and the basic knowledge require'),
(30, 60, 'en', 'iSpring SCORM', 'iSpring Suite is a PowerPoint-based authoring toolkit produced by iSpring Solutions that allows users to create slide-based courses.'),
(31, 61, 'en', 'Adobe Captivate SCORM', 'Adobe Captivate is an authoring tool that is used for creating eLearning content such as software demonstrations, software simulations, branched scenarios, and randomized quizzes in Shockwave Flash and HTML5 formats.'),
(32, 62, 'en', 'Custom SCORM', 'Always remember to tune "up" to a pitch and not down to a pitch. This helps in keeping your guitar in tune.'),
(33, 63, 'en', 'Upload Source', 'This course will teach you how to master your fretboard, understand music theory, and most importantly, how to use these tools to craft your unique sound.'),
(34, 64, 'en', 'Youtube Source', 'YouTube is an American online video sharing and social media platform owned by Google. It was launched on February 14, 2005, by Steve Chen, Chad Hurley, and Jawed Karim.'),
(35, 65, 'en', 'Vimeo Source', 'Vimeo, Inc. is an American video hosting, sharing, and services platform provider headquartered in New York City. Vimeo focuses on the delivery of high-definition video across a range of devices. Vimeo''s business model is through software as a service.'),
(36, 66, 'en', 'External Link Source', 'Rocket LMS mobile app is an Android mobile application for Rocket LMS. Rocket LMS is an online course marketplace that helps you run your online education business easily.'),
(37, 67, 'en', 'Google Drive Source', 'Google Drive is a file storage and synchronization service developed by Google. Launched on April 24, 2012, Google Drive allows users to store files in the cloud, synchronize files across devices, and share files.'),
(38, 68, 'en', 'PowerPoint File', 'Microsoft PowerPoint is a presentation program, created by Robert Gaskins and Dennis Austin at a software company named Forethought, Inc. It was released on April 20, 1987, initially for Macintosh computers only.'),
(39, 69, 'en', 'PDF File', 'Portable Document Format (PDF), standardized as ISO 32000, is a file format developed by Adobe in 1992 to present documents, including text formatting and images, in a manner independent of application software, hardware, and operating systems.'),
(40, 70, 'en', 'Direct Link', 'Rocket LMS mobile app is an Android mobile application for Rocket LMS. Rocket LMS is an online course marketplace that helps you run your online education business easily.'),
(41, 71, 'en', 'iFrame Source', 'March 20 is the first day of spring for most people, while March 1 is the first spring day for meteorologists.'),
(42, 72, 'en', 'Amazon S3 Stream', 'Amazon S3 or Amazon Simple Storage Service is a service offered by Amazon Web Services that provides object storage through a web service interface. Amazon S3 uses the same scalable storage infrastructure that Amazon.com uses to run its global e-commerce network.'),
(43, 73, 'en', 'Amazon S3 File', 'Amazon S3 or Amazon Simple Storage Service is a service offered by Amazon Web Services that provides object storage through a web service interface. Amazon S3 uses the same scalable storage infrastructure that Amazon.com uses to run its global e-commerce network.'),
(44, 74, 'en', 'Introduction video', 'Here we test your knowledge of what you learned, hopefully listening to our second lecture.'),
(45, 75, 'en', 'Behavioural Solutions', 'Here you will gain and understanding of how consumption is more important than finds of non-renewable energy. Also other matters that affect the future development of non-renewable key and primary fuels'),
(46, 76, 'en', 'Exponential', 'Here you will gain an understanding of how consumption is more important than finds of non-renewable energy. Also, other matters that affect the future development of non-renewable key and primary fuels.'),
(47, 77, 'en', 'Why you need this course', 'I had a passion for education at a young age. I became valedictorian of my graduating class.'),
(48, 78, 'en', 'Final Part', 'Simply put, drip content is the practice of releasing your content to your members in parts.'),
(65, 96, 'en', 'See First content', 'First content'),
(67, 98, 'en', '', NULL),
(68, 99, 'en', '', NULL),
(69, 100, 'en', ' ', NULL),
(70, 101, 'en', ' ', 'Tha''s Description'),
(71, 102, 'en', '  ', NULL),
(72, 103, 'en', '  ', NULL),
(73, 104, 'en', '   ', 'Small Description'),
(74, 105, 'en', '    ', NULL),
(75, 106, 'en', '     ', NULL),
(76, 107, 'en', '       ', NULL),
(77, 108, 'en', ' ', NULL),
(78, 109, 'en', '   ', NULL),
(79, 110, 'en', ' ', NULL),
(80, 111, 'en', '    ', '    '),
(81, 112, 'en', '    ', NULL),
(82, 113, 'en', '    ', NULL),
(83, 114, 'en', '    ', NULL);

INSERT INTO `cschool`.`files` (`id`, `creator_id`, `webinar_id`, `chapter_id`, `accessibility`, `downloadable`, `storage`, `file`, `volume`, `file_type`, `secure_host_upload_type`, `interactive_type`, `interactive_file_name`, `interactive_file_path`, `check_previous_parts`, `access_after_day`, `online_viewer`, `order`, `status`, `created_at`, `updated_at`, `deleted_at`) VALUES 
(35, 934, 1997, 24, 'free', 1, 'upload', '/store/934/Python for Beginners.mp4', '7.09 MB', 'mp4', NULL, NULL, NULL, NULL, 0, NULL, 0, NULL, 'active', 1624956937, 1635417846, NULL),
(36, 1015, 1998, 20, 'free', 0, 'upload', '/store/1015/Microsoft Excel - Excel from Beginner to Advanced.mkv', '4.10 MB', 'mkv', NULL, NULL, NULL, NULL, 0, NULL, 0, NULL, 'active', 1624966718, 1635417493, NULL),
(37, 929, 1999, 9, 'free', 1, 'upload', '/store/929/How To Manage & Influence Your Virtual Team.mkv', '10.58 MB', 'mkv', NULL, NULL, NULL, NULL, 0, NULL, 0, NULL, 'active', 1625038371, 1635412743, NULL),
(38, 929, 1999, 9, 'paid', 1, 'upload', '/store/929/How To Manage & Influence Your Virtual Team.mkv', '10.58 MB', 'mkv', NULL, NULL, NULL, NULL, 0, NULL, 0, NULL, 'active', 1625038447, 1635414077, NULL),
(39, 929, 1999, 10, 'paid', 1, 'upload', '/store/929/How To Manage & Influence Your Virtual Team.mkv', '10.58 MB', 'mkv', NULL, NULL, NULL, NULL, 0, NULL, 0, NULL, 'active', 1625038633, 1635414206, NULL),
(40, 929, 1999, 10, 'paid', 1, 'upload', '/store/929/How To Manage & Influence Your Virtual Team.mkv', '10.58 MB', 'mkv', NULL, NULL, NULL, NULL, 0, NULL, 0, NULL, 'active', 1625039003, 1635415977, NULL),
(41, 929, 1999, 10, 'paid', 1, 'upload', '/store/929/How To Manage & Influence Your Virtual Team.mkv', '10.58 MB', 'mkv', NULL, NULL, NULL, NULL, 0, NULL, 0, NULL, 'active', 1625039096, 1635416001, NULL),
(42, 929, 1999, 10, 'paid', 1, 'upload', '/store/929/How To Manage & Influence Your Virtual Team.mkv', '10.58 MB', 'mkv', NULL, NULL, NULL, NULL, 0, NULL, 0, NULL, 'active', 1625039180, 1635416049, NULL),
(43, 867, 2000, 18, 'free', 1, 'upload', '/store/867/Effective Time Management.mkv', '1.59 MB', 'mkv', NULL, NULL, NULL, NULL, 0, NULL, 0, NULL, 'active', 1625045148, 1635417295, NULL),
(44, 863, 2002, 14, 'free', 0, 'upload', '/store/863/Why Your Fitness Matters.mp4', '4.72 MB', 'mp4', NULL, NULL, NULL, NULL, 0, NULL, 0, NULL, 'active', 1625123527, 1635416995, NULL),
(45, 864, 2003, 12, 'free', 1, 'upload', '/store/864/Active Listening- You Can Be a Great Listener.mkv', '3.78 MB', 'mkv', NULL, NULL, NULL, NULL, 0, NULL, 0, NULL, 'active', 1625300200, 1635416686, NULL),
(46, 929, 2004, 8, 'paid', 1, 'upload', '/store/929/The Future of Energy.mkv', '15.00 MB', 'mkv', NULL, NULL, NULL, NULL, 0, NULL, 0, NULL, 'active', 1625685492, 1635412637, NULL),
(47, 929, 2004, 8, 'paid', 1, 'upload', '/store/929/The Future of Energy.mkv', '15.00 MB', 'mkv', NULL, NULL, NULL, NULL, 0, NULL, 0, NULL, 'active', 1625685578, 1635412643, NULL),
(48, 929, 2004, 8, 'paid', 1, 'upload', '/store/929/The Future of Energy.mkv', '15.00 MB', 'mkv', NULL, NULL, NULL, NULL, 0, NULL, 0, NULL, 'active', 1625685691, 1635412656, NULL),
(49, 4, 2005, 7, 'free', 0, 'youtube', 'https://youtu.be/z-xkbNLIB5w', '52.00 MB', 'video', NULL, NULL, NULL, NULL, 0, NULL, 0, NULL, 'active', 1625690308, 1635412526, NULL),
(50, 4, 2005, 7, 'paid', 0, 'youtube', 'https://youtu.be/jx5jmI0UlXU', '75.00 MB', 'video', NULL, NULL, NULL, NULL, 0, NULL, 0, NULL, 'active', 1625690699, 1635412541, NULL),
(51, 4, 2005, 7, 'paid', 0, 'youtube', 'https://youtu.be/IyYC-hSFEFQ', '168.00 MB', 'video', NULL, NULL, NULL, NULL, 0, NULL, 0, NULL, 'active', 1625690835, 1635412551, NULL),
(52, 867, 2006, 5, 'free', 1, 'upload', '/store/867/How to Travel Around the World on a Budget.mkv', '13.10 MB', 'mkv', NULL, NULL, NULL, NULL, 0, NULL, 0, NULL, 'active', 1625694176, 1635412034, NULL),
(53, 867, 2006, 5, 'paid', 1, 'upload', '/store/867/How to Travel Around the World on a Budget.mkv', '13.10 MB', 'mkv', NULL, NULL, NULL, NULL, 0, NULL, 0, NULL, 'active', 1625694214, 1635412043, NULL),
(54, 867, 2006, 6, 'paid', 1, 'upload', '/store/867/How to Travel Around the World on a Budget.mkv', '13.10 MB', 'mkv', NULL, NULL, NULL, NULL, 0, NULL, 0, NULL, 'active', 1625694330, 1635412081, NULL),
(55, 867, 2006, 6, 'paid', 1, 'upload', '/store/867/How to Travel Around the World on a Budget.mkv', '13.10 MB', 'mkv', NULL, NULL, NULL, NULL, 0, NULL, 0, NULL, 'active', 1625694401, 1635412090, NULL),
(56, 867, 2007, 2, 'free', 0, 'upload', '/store/1/123.mp4', '7.66 MB', 'mp4', NULL, NULL, NULL, NULL, 0, NULL, 0, NULL, 'active', 1626234339, 1635408940, NULL),
(57, 867, 2007, 2, 'free', 1, 'upload', '/store/867/Travel Management Course.mkv', '13.48 MB', 'mkv', NULL, NULL, NULL, NULL, 0, NULL, 0, NULL, 'active', 1626234398, 1635407853, NULL),
(58, 867, 2007, 3, 'free', 1, 'upload', '/store/867/Travel Management Course.mkv', '13.48 MB', 'mkv', NULL, NULL, NULL, NULL, 0, NULL, 0, NULL, 'active', 1626234448, 1635408073, NULL),
(59, 867, 2007, 3, 'free', 1, 'upload', '/store/867/Travel Management Course.mkv', '13.48 MB', 'mkv', NULL, NULL, NULL, NULL, 0, NULL, 0, NULL, 'active', 1626234512, 1635408084, NULL),
(60, 1015, 2008, 28, 'paid', 0, 'upload_archive', '/store/1015/scorm/ispring.zip', '4.76 MB', 'archive', NULL, 'i_spring', NULL, '/store/1015/ispring/story.html', 0, NULL, 0, NULL, 'active', 1646119189, 1646120896, NULL),
(61, 1015, 2008, 28, 'paid', 0, 'upload_archive', '/store/1015/scorm/captivate.zip', '5.11 MB', 'archive', NULL, 'adobe_captivate', NULL, '/store/1015/captivate/index.html', 0, NULL, 0, NULL, 'active', 1646119460, 1646120931, NULL),
(62, 1015, 2008, 28, 'paid', 0, 'upload_archive', '/store/1015/scorm/custom.zip', '4.75 MB', 'archive', NULL, 'custom', 'next.html', '/store/1015/custom/next.html', 0, NULL, 0, NULL, 'active', 1646119651, NULL, NULL),
(63, 1015, 2008, 29, 'paid', 0, 'upload', '/store/1015/Learn Linux In 5 Days.mp4', '3.95 MB', 'mp4', NULL, NULL, NULL, NULL, 0, NULL, 0, 1, 'active', 1646120871, 1646124268, NULL),
(64, 1015, 2008, 29, 'paid', 0, 'youtube', 'https://youtu.be/6Vo2v7WCyTs', '0 bytes', 'video', NULL, NULL, NULL, NULL, 0, NULL, 0, 2, 'active', 1646124099, 1646124279, NULL),
(65, 1015, 2008, 29, 'paid', 0, 'vimeo', 'https://vimeo.com/187511962', '0 bytes', 'video', NULL, NULL, NULL, NULL, 0, NULL, 0, 3, 'active', 1646124765, NULL, NULL),
(66, 1015, 2008, 29, 'paid', 1, 'external_link', 'https://drive.google.com/file/d/18CDM0xG2KdOP6YvvTKEvPvtsb4XfQQF3/view', '19.00 MB', 'archive', NULL, NULL, NULL, NULL, 0, NULL, 0, 6, 'active', 1646124966, NULL, NULL),
(67, 1015, 2008, 29, 'paid', 0, 'google_drive', '<iframe src="https://drive.google.com/file/d/1pu1TgfcTFJeRU6Venxa46i_pStM4GCwH/preview" width="640" height="480" allow="autoplay"></iframe>', '14.00 MB', 'video', NULL, NULL, NULL, NULL, 0, NULL, 0, 8, 'active', 1646125437, 1646128112, NULL),
(68, 1015, 2008, 29, 'paid', 0, 'google_drive', '<iframe src="https://drive.google.com/file/d/1BdiQQp3-7SPRdmuqeN8cdkO75U4wbU9i/preview" width="640" height="480" allow="autoplay"></iframe>', '2.00 MB', 'powerpoint', NULL, NULL, NULL, NULL, 0, NULL, 0, 10, 'active', 1646126002, 1646128083, NULL),
(69, 1015, 2008, 29, 'paid', 0, 'google_drive', '<iframe src="https://drive.google.com/file/d/1KuEkNBCvXxFiWU5U2_Be4LlYLTg4VFq7/preview" width="640" height="480" allow="autoplay"></iframe>', '2.00 MB', 'pdf', NULL, NULL, NULL, NULL, 0, NULL, 0, 11, 'active', 1646126305, 1646128068, NULL),
(70, 1015, 2008, 29, 'paid', 1, 'external_link', 'https://uploads.rocket-soft.org/lms/Rocket_LMS_App.apk', '19.00 MB', 'project', NULL, NULL, NULL, NULL, 0, NULL, 0, 7, 'active', 1646126442, 1646128137, NULL),
(71, 1015, 2008, 29, 'paid', 0, 'iframe', '<div style="position:relative;padding-bottom:56.25%;height:0;overflow:hidden;"> <iframe style="width:100%;height:100%;position:absolute;left:0px;top:0px;overflow:hidden" frameborder="0" type="text/html" src="https://www.dailymotion.com/embed/video/x88dvcq?autoplay=1" width="100%" height="100%" allowfullscreen allow="autoplay"> </iframe> </div>', '0 bytes', 'video', NULL, NULL, NULL, NULL, 0, NULL, 0, 9, 'active', 1646127121, 1646127426, NULL),
(72, 1015, 2008, 29, 'paid', 0, 's3', 'https://s3.us-east-1.amazonaws.com/daghighy/store/1015/UMgeYxq2Z6Pn6C3bnQLBfjZyJNEx8dcvINbSXJtJ.mkv', '4.00 MB', 'video', NULL, NULL, NULL, NULL, 0, NULL, 0, 4, 'active', 1646130252, 1646131442, NULL),
(73, 1015, 2008, 29, 'paid', 1, 's3', 'https://s3.us-east-1.amazonaws.com/daghighy/store/1015/ZXW0cMcembGqD7aJNnpmV6ft5Ovsf8tAGXogzb0N.pdf', '2.00 MB', 'pdf', NULL, NULL, NULL, NULL, 0, NULL, 0, 5, 'active', 1646130397, NULL, NULL),
(74, 929, 2010, 31, 'paid', 1, 'upload', '/store/929/The Future of Energy.mkv', '15.00 MB', 'video', NULL, NULL, NULL, NULL, 0, NULL, 0, NULL, 'active', 1655799640, NULL, NULL),
(75, 929, 2010, 31, 'paid', 1, 'upload', '/store/929/How To Manage & Influence Your Virtual Team.mkv', '10.58 MB', 'video', NULL, NULL, NULL, NULL, 1, NULL, 0, NULL, 'active', 1655799735, NULL, NULL),
(76, 929, 2010, 31, 'paid', 1, 'upload', '/store/929/The Future of Energy.mkv', '15.00 MB', 'video', NULL, NULL, NULL, NULL, 1, 300, 0, NULL, 'active', 1655800074, 1655800089, NULL),
(77, 929, 2010, 32, 'paid', 1, 'upload', '/store/929/How To Manage & Influence Your Virtual Team.mkv', '10.58 MB', 'video', NULL, NULL, NULL, NULL, 0, NULL, 0, NULL, 'active', 1655801399, NULL, NULL),
(78, 929, 2010, 33, 'paid', 1, 'upload', '/store/929/The Future of Energy.mkv', '15.00 MB', 'video', NULL, NULL, NULL, NULL, 0, NULL, 0, NULL, 'active', 1655801529, NULL, NULL),
(96, 1016, 2033, 46, 'free', 1, 'upload', '/store/1047/First Course Test/    .mp4', '3.57', 'video', 'direct', NULL, NULL, NULL, 0, NULL, 0, NULL, 'active', 1728369849, NULL, NULL),
(98, 1016, 2049, 53, 'free', 0, 'upload', '/store/1047/Dose adjustment for most of medications/1. Begining.mp4', '22.69', 'video', 'direct', NULL, NULL, NULL, 0, NULL, 0, NULL, 'active', 1729581775, NULL, NULL),
(99, 1016, 2049, 53, 'paid', 0, 'upload', '/store/1047/Dose adjustment for most of medications/2. Introduction.mp4', '16.48', 'video', 'direct', NULL, NULL, NULL, 0, NULL, 0, NULL, 'active', 1729581822, NULL, NULL),
(100, 1016, 2049, 53, 'free', 0, 'upload', '/store/1047/Dose adjustment for most of medications/3. Prevalence.mp4', '9.24', 'video', 'direct', NULL, NULL, NULL, 0, NULL, 0, NULL, 'active', 1729581878, NULL, NULL),
(101, 1016, 2049, 53, 'paid', 0, 'upload', '/store/1047/Dose adjustment for most of medications/4. Risk Factors.mp4', '21.47', 'video', 'direct', NULL, NULL, NULL, 0, NULL, 0, NULL, 'active', 1729582031, 1729582056, NULL),
(102, 1016, 2049, 54, 'paid', 0, 'upload', '/store/1047/Dose adjustment for most of medications/5. Stages of Chronic Kidney Disease.mp4', '26.65', 'video', 'direct', NULL, NULL, NULL, 0, NULL, 0, NULL, 'active', 1729582488, NULL, NULL),
(103, 1016, 2049, 54, 'paid', 0, 'upload', '/store/1047/Dose adjustment for most of medications/6. Renal Replacement Therapy.mp4', '7.36', 'video', 'direct', NULL, NULL, NULL, 0, NULL, 0, NULL, 'active', 1729582528, NULL, NULL),
(104, 1016, 2049, 54, 'paid', 0, 'upload', '/store/1047/Dose adjustment for most of medications/8. Equations for Estimation Creatinine Clearance.mp4', '38.2', 'video', 'direct', NULL, NULL, NULL, 0, NULL, 0, NULL, 'active', 1729582580, 1729582594, NULL),
(105, 1016, 2049, 54, 'paid', 0, 'upload', '/store/1047/Dose adjustment for most of medications/9. Dose Adjustments in Kidney Disease.mp4', '14.18', 'video', 'direct', NULL, NULL, NULL, 0, NULL, 0, NULL, 'active', 1729582651, NULL, NULL),
(106, 1016, 2049, 54, 'paid', 0, 'upload', '/store/1047/Dose adjustment for most of medications/10. Drug Dosing in Hemodialysis.mp4', '14.88', 'video', 'direct', NULL, NULL, NULL, 0, NULL, 0, NULL, 'active', 1729582688, NULL, NULL),
(107, 1016, 2049, 55, 'paid', 0, 'upload', '/store/1047/Dose adjustment for most of medications/11. What Drugs Need Dose Adjustments.mp4', '149.69', 'video', 'direct', NULL, NULL, NULL, 0, NULL, 0, NULL, 'active', 1729582732, NULL, NULL),
(108, 1016, 2049, 55, 'paid', 0, 'upload', '/store/1047/Dose adjustment for most of medications/12. Case Study.mp4', '78.85', 'video', 'direct', NULL, NULL, NULL, 0, NULL, 0, NULL, 'active', 1729582764, NULL, NULL),
(109, 1016, 2049, 55, 'paid', 0, 'upload', '/store/1047/Dose adjustment for most of medications/13. Steps for Pharmacist.mp4', '10.59', 'video', 'direct', NULL, NULL, NULL, 0, NULL, 0, NULL, 'active', 1729582797, NULL, NULL),
(110, 1016, 2049, 55, 'paid', 0, 'upload', '/store/1047/Dose adjustment for most of medications/14. Refrences The End.mp4', '2.01', 'video', 'direct', NULL, NULL, NULL, 0, NULL, 0, NULL, 'active', 1729582831, NULL, NULL),
(111, 1016, 2050, 56, 'paid', 0, 'upload', '/store/1047/First Course Test/Part-1.mp4', '228.05', 'video', 'direct', NULL, NULL, NULL, 0, NULL, 0, NULL, 'active', 1729755148, NULL, NULL),
(112, 1016, 2050, 57, 'paid', 0, 'upload', '/store/1047/First Course Test/Part-2.mp4', '253.25', 'video', 'direct', NULL, NULL, NULL, 0, NULL, 0, NULL, 'active', 1729755174, NULL, NULL),
(113, 1016, 2050, 58, 'paid', 0, 'upload', '/store/1047/First Course Test/Part-3.mp4', '229.01', 'video', 'direct', NULL, NULL, NULL, 0, NULL, 0, NULL, 'active', 1729755201, NULL, NULL),
(114, 1016, 2050, 59, 'paid', 0, 'upload', '/store/1047/First Course Test/Part-4.mp4', '247.87', 'video', 'direct', NULL, NULL, NULL, 0, NULL, 0, NULL, 'active', 1729755228, NULL, NULL);

INSERT INTO `cschool`.`filter_option_translations` (`id`, `filter_option_id`, `locale`, `title`) VALUES 
(1, 9114, 'en', 'Beginner'),
(2, 9115, 'en', 'Intermediate'),
(3, 9116, 'en', 'Expert'),
(4, 9117, 'en', 'Beginner'),
(5, 9118, 'en', 'Intermediate'),
(6, 9119, 'en', 'Expert'),
(7, 9120, 'en', 'Beginner'),
(8, 9121, 'en', 'Intermediate'),
(9, 9122, 'en', 'Expert'),
(10, 9123, 'en', 'Beginner'),
(11, 9124, 'en', 'Intermediate'),
(12, 9125, 'en', 'Expert'),
(13, 9126, 'en', 'Beginner'),
(14, 9127, 'en', 'Intermediate'),
(15, 9128, 'en', 'Expert'),
(16, 9129, 'en', 'Beginner'),
(17, 9130, 'en', 'Intermediate'),
(18, 9131, 'en', 'Intermediate'),
(19, 9132, 'en', 'Beginner'),
(20, 9133, 'en', 'Intermediate'),
(21, 9134, 'en', 'Expert'),
(22, 9135, 'en', 'Beginner'),
(23, 9136, 'en', 'Intermediate'),
(24, 9137, 'en', 'Expert'),
(25, 9138, 'en', 'Beginner'),
(26, 9139, 'en', 'Intermediate'),
(27, 9140, 'en', 'Expert'),
(28, 9141, 'en', 'Beginner'),
(29, 9142, 'en', 'Intermediate'),
(30, 9143, 'en', 'Expert'),
(34, 9147, 'en', 'Beginner'),
(35, 9148, 'en', 'Intermediate'),
(36, 9149, 'en', 'Expert'),
(37, 9150, 'en', 'Beginner'),
(38, 9151, 'en', 'Intermediate'),
(39, 9152, 'en', 'Expert'),
(40, 9153, 'en', 'Beginner'),
(41, 9154, 'en', 'Intermediate'),
(42, 9155, 'en', 'Expert'),
(43, 9156, 'en', 'English'),
(44, 9157, 'en', 'Portugus'),
(45, 9158, 'en', 'Espaol'),
(46, 9159, 'en', ''),
(47, 9160, 'en', ''),
(48, 9161, 'en', 'English'),
(49, 9162, 'en', 'Portugus'),
(50, 9163, 'en', 'Espaol'),
(51, 9164, 'en', ''),
(52, 9165, 'en', ''),
(53, 9166, 'en', 'English'),
(54, 9167, 'en', 'Portugus'),
(55, 9168, 'en', 'Espaol'),
(56, 9169, 'en', ''),
(57, 9170, 'en', ''),
(58, 9171, 'en', 'English'),
(59, 9172, 'en', 'Portugus'),
(60, 9173, 'en', 'Espaol'),
(61, 9174, 'en', ''),
(62, 9175, 'en', ''),
(63, 9176, 'en', 'English'),
(64, 9177, 'en', 'Portugus'),
(65, 9178, 'en', 'Espaol'),
(66, 9179, 'en', ''),
(67, 9180, 'en', ''),
(68, 9181, 'en', 'English'),
(69, 9182, 'en', 'Portugus'),
(70, 9183, 'en', 'Espaol'),
(71, 9184, 'en', ''),
(72, 9185, 'en', ''),
(73, 9186, 'en', 'English'),
(74, 9187, 'en', 'Portugus'),
(75, 9188, 'en', 'Espaol'),
(76, 9189, 'en', ''),
(77, 9190, 'en', ''),
(78, 9191, 'en', 'English'),
(79, 9192, 'en', 'Portugus'),
(80, 9193, 'en', 'Espaol'),
(81, 9194, 'en', ''),
(82, 9195, 'en', ''),
(83, 9196, 'en', 'English'),
(84, 9197, 'en', 'Portugus'),
(85, 9198, 'en', 'Espaol'),
(86, 9199, 'en', ''),
(87, 9200, 'en', ''),
(88, 9206, 'en', 'English'),
(89, 9207, 'en', 'Portugus'),
(90, 9208, 'en', 'Espaol'),
(91, 9209, 'en', ''),
(92, 9210, 'en', ''),
(98, 9216, 'en', 'English'),
(99, 9217, 'en', 'Portugus'),
(100, 9218, 'en', 'Espaol'),
(101, 9219, 'en', ''),
(102, 9220, 'en', ''),
(103, 9221, 'en', 'English'),
(104, 9222, 'en', 'Portugus'),
(105, 9223, 'en', 'Espaol'),
(106, 9224, 'en', ''),
(107, 9225, 'en', ''),
(108, 9226, 'en', 'English'),
(109, 9227, 'en', 'Portugus'),
(110, 9228, 'en', 'Espaol'),
(111, 9229, 'en', ''),
(112, 9230, 'en', ''),
(113, 9231, 'en', 'Photoshop'),
(114, 9232, 'en', 'Adobe Illustrator'),
(115, 9233, 'en', 'Blender'),
(116, 9234, 'en', '3D Modeling'),
(117, 9235, 'en', 'After Effects'),
(118, 9236, 'en', 'Math'),
(119, 9237, 'en', 'Algebra'),
(120, 9238, 'en', 'Calculus'),
(121, 9239, 'en', 'Statistics'),
(122, 9240, 'en', 'Physics'),
(123, 9241, 'en', 'Chemistry'),
(124, 9242, 'en', 'Biology'),
(125, 9243, 'en', 'Genetics'),
(126, 9244, 'en', 'English Language'),
(127, 9245, 'en', 'English Grammar'),
(128, 9246, 'en', 'Spanish Language'),
(129, 9247, 'en', 'Arabic Language'),
(130, 9248, 'en', 'IELTS'),
(131, 9249, 'en', 'Yoga'),
(132, 9250, 'en', 'Fitness'),
(133, 9251, 'en', 'Health'),
(134, 9252, 'en', 'Dance'),
(135, 9253, 'en', 'Chess'),
(136, 9254, 'en', 'Cooking'),
(137, 9255, 'en', 'Drawing'),
(138, 9256, 'en', 'Reiki'),
(139, 9257, 'en', 'Makeup Artistry'),
(140, 9258, 'en', 'Hair Styling'),
(141, 9259, 'en', 'Skincare'),
(142, 9260, 'en', 'Fashion'),
(143, 9261, 'en', 'Nail Art'),
(144, 9262, 'en', 'Digital Marketing'),
(145, 9263, 'en', 'SEO'),
(146, 9264, 'en', 'Marketing Strategy'),
(147, 9265, 'en', 'Social Media Marketing'),
(148, 9266, 'en', 'Leadership'),
(149, 9267, 'en', 'Management Skills'),
(150, 9268, 'en', 'ISO 9001'),
(151, 9269, 'en', 'Manager Training'),
(152, 9270, 'en', 'Communication Skills'),
(153, 9271, 'en', 'Presentation Skills'),
(154, 9272, 'en', 'Public Speaking'),
(155, 9273, 'en', 'Business Communication'),
(156, 9274, 'en', 'Writing'),
(161, 9279, 'en', 'HTML'),
(162, 9280, 'en', 'CSS'),
(163, 9281, 'en', 'PHP'),
(164, 9282, 'en', 'JavaScript'),
(165, 9283, 'en', 'Laravel'),
(166, 9284, 'en', 'Android Development'),
(167, 9285, 'en', 'iOS Development'),
(168, 9286, 'en', 'Google Flutter'),
(169, 9287, 'en', 'React NativeKotlin'),
(170, 9288, 'en', 'Unity'),
(171, 9289, 'en', 'Unreal Engine'),
(172, 9290, 'en', 'Unreal Engine Blueprints'),
(173, 9291, 'en', '3D Game Development'),
(174, 9292, 'en', 'Game Development Fundamentals');

INSERT INTO `cschool`.`filter_options` (`id`, `filter_id`, `order`) VALUES 
(9114, 1805, 1),
(9115, 1805, 2),
(9116, 1805, 3),
(9117, 1806, 1),
(9118, 1806, 2),
(9119, 1806, 3),
(9120, 1807, 1),
(9121, 1807, 2),
(9122, 1807, 3),
(9123, 1808, 1),
(9124, 1808, 2),
(9125, 1808, 3),
(9126, 1809, 1),
(9127, 1809, 2),
(9128, 1809, 3),
(9129, 1810, 1),
(9130, 1810, 2),
(9131, 1810, 3),
(9132, 1811, 1),
(9133, 1811, 2),
(9134, 1811, 3),
(9135, 1812, 1),
(9136, 1812, 2),
(9137, 1812, 3),
(9138, 1813, 1),
(9139, 1813, 2),
(9140, 1813, 3),
(9141, 1814, 1),
(9142, 1814, 2),
(9143, 1814, 3),
(9147, 1816, 1),
(9148, 1816, 2),
(9149, 1816, 3),
(9150, 1817, 1),
(9151, 1817, 2),
(9152, 1817, 3),
(9153, 1818, 1),
(9154, 1818, 2),
(9155, 1818, 3),
(9156, 1819, 1),
(9157, 1819, 3),
(9158, 1819, 2),
(9159, 1819, 4),
(9160, 1819, 5),
(9161, 1820, 1),
(9162, 1820, 3),
(9163, 1820, 2),
(9164, 1820, 4),
(9165, 1820, 5),
(9166, 1821, 1),
(9167, 1821, 3),
(9168, 1821, 2),
(9169, 1821, 4),
(9170, 1821, 5),
(9171, 1822, 1),
(9172, 1822, 3),
(9173, 1822, 2),
(9174, 1822, 4),
(9175, 1822, 5),
(9176, 1823, 1),
(9177, 1823, 3),
(9178, 1823, 2),
(9179, 1823, 4),
(9180, 1823, 5),
(9181, 1824, 1),
(9182, 1824, 3),
(9183, 1824, 2),
(9184, 1824, 4),
(9185, 1824, 5),
(9186, 1825, 1),
(9187, 1825, 3),
(9188, 1825, 2),
(9189, 1825, 4),
(9190, 1825, 5),
(9191, 1826, 1),
(9192, 1826, 3),
(9193, 1826, 2),
(9194, 1826, 4),
(9195, 1826, 5),
(9196, 1827, 1),
(9197, 1827, 3),
(9198, 1827, 2),
(9199, 1827, 4),
(9200, 1827, 5),
(9206, 1829, 1),
(9207, 1829, 3),
(9208, 1829, 2),
(9209, 1829, 4),
(9210, 1829, 5),
(9216, 1831, 1),
(9217, 1831, 3),
(9218, 1831, 2),
(9219, 1831, 4),
(9220, 1831, 5),
(9221, 1832, 1),
(9222, 1832, 3),
(9223, 1832, 2),
(9224, 1832, 4),
(9225, 1832, 5),
(9226, 1833, 1),
(9227, 1833, 3),
(9228, 1833, 2),
(9229, 1833, 4),
(9230, 1833, 5),
(9231, 1834, 1),
(9232, 1834, 2),
(9233, 1834, 3),
(9234, 1834, 4),
(9235, 1834, 5),
(9236, 1835, 1),
(9237, 1835, 2),
(9238, 1835, 3),
(9239, 1835, 4),
(9240, 1836, 1),
(9241, 1836, 2),
(9242, 1836, 3),
(9243, 1836, 4),
(9244, 1837, 1),
(9245, 1837, 2),
(9246, 1837, 3),
(9247, 1837, 4),
(9248, 1837, 5),
(9249, 1838, 1),
(9250, 1838, 2),
(9251, 1838, 3),
(9252, 1838, 4),
(9253, 1839, 3),
(9254, 1839, 1),
(9255, 1839, 2),
(9256, 1839, 4),
(9257, 1840, 1),
(9258, 1840, 2),
(9259, 1840, 3),
(9260, 1840, 4),
(9261, 1840, 5),
(9262, 1841, 1),
(9263, 1841, 2),
(9264, 1841, 3),
(9265, 1841, 4),
(9266, 1842, 1),
(9267, 1842, 2),
(9268, 1842, 3),
(9269, 1842, 4),
(9270, 1843, 1),
(9271, 1843, 2),
(9272, 1843, 3),
(9273, 1843, 4),
(9274, 1843, 5),
(9279, 1845, 1),
(9280, 1845, 2),
(9281, 1845, 3),
(9282, 1845, 4),
(9283, 1845, 5),
(9284, 1846, 1),
(9285, 1846, 2),
(9286, 1846, 3),
(9287, 1846, 4),
(9288, 1847, 1),
(9289, 1847, 2),
(9290, 1847, 3),
(9291, 1847, 4),
(9292, 1847, 5);

INSERT INTO `cschool`.`filter_translations` (`id`, `filter_id`, `locale`, `title`) VALUES 
(1, 1805, 'en', 'Level'),
(2, 1806, 'en', 'Level'),
(3, 1807, 'en', 'Level'),
(4, 1808, 'en', 'Level'),
(5, 1809, 'en', 'Level'),
(6, 1810, 'en', 'Level'),
(7, 1811, 'en', 'Level'),
(8, 1812, 'en', 'Level'),
(9, 1813, 'en', 'Level'),
(10, 1814, 'en', 'Level'),
(12, 1816, 'en', 'Level'),
(13, 1817, 'en', 'Level'),
(14, 1818, 'en', 'Level'),
(15, 1819, 'en', 'Language'),
(16, 1820, 'en', 'Language'),
(17, 1821, 'en', 'Language'),
(18, 1822, 'en', 'Language'),
(19, 1823, 'en', 'Language'),
(20, 1824, 'en', 'Language'),
(21, 1825, 'en', 'Language'),
(22, 1826, 'en', 'Language'),
(23, 1827, 'en', 'Language'),
(24, 1829, 'en', 'Language'),
(26, 1831, 'en', 'Language'),
(27, 1832, 'en', 'Language'),
(28, 1833, 'en', 'Language'),
(29, 1834, 'en', 'Topic'),
(30, 1835, 'en', 'Topic'),
(31, 1836, 'en', 'Topic'),
(32, 1837, 'en', 'Topic'),
(33, 1838, 'en', 'Topic'),
(34, 1839, 'en', 'Topic'),
(35, 1840, 'en', 'Topic'),
(36, 1841, 'en', 'Topic'),
(37, 1842, 'en', 'Topic'),
(38, 1843, 'en', 'Topic'),
(40, 1845, 'en', 'Topic'),
(41, 1846, 'en', 'Topic'),
(42, 1847, 'en', 'Topic');

INSERT INTO `cschool`.`filters` (`id`, `category_id`) VALUES 
(1805, 520),
(1819, 520),
(1834, 520),
(1809, 523),
(1823, 523),
(1838, 523),
(1812, 525),
(1826, 525),
(1841, 525),
(1806, 601),
(1820, 601),
(1835, 601),
(1807, 602),
(1821, 602),
(1836, 602),
(1808, 603),
(1822, 603),
(1837, 603),
(1810, 604),
(1824, 604),
(1839, 604),
(1811, 605),
(1825, 605),
(1840, 605),
(1816, 606),
(1831, 606),
(1845, 606),
(1817, 607),
(1832, 607),
(1846, 607),
(1818, 608),
(1833, 608),
(1847, 608),
(1813, 609),
(1827, 609),
(1842, 609),
(1814, 610),
(1829, 610),
(1843, 610);

INSERT INTO `cschool`.`floating_bar_translations` (`id`, `floating_bar_id`, `locale`, `title`, `description`, `btn_text`) VALUES (3, 2, 'en', 'New Years Day Celebration', 'Get all courses with 50 to 70% off without any limitation', 'View Courses');

INSERT INTO `cschool`.`floating_bars` (`id`, `start_at`, `end_at`, `title_color`, `description_color`, `icon`, `background_color`, `background_image`, `btn_url`, `btn_color`, `btn_text_color`, `bar_height`, `position`, `fixed`, `enable`) VALUES (2, 1678456800, 1755727200, '#2d2d2d', '#b3b3b3', '/store/1/topnav_icon.svg', '#1f3b64', '/store/1/topnav_background.jpg', '/classes?discount=on', '#feb702', '#ffffff', 70, 'top', 1, 0);

INSERT INTO `cschool`.`form_field_option_translations` (`id`, `form_field_option_id`, `locale`, `title`) VALUES 
(1, 1, 'en', 'Male'),
(2, 2, 'en', 'Female'),
(3, 3, 'en', 'YES'),
(4, 4, 'en', 'NO'),
(5, 5, 'en', 'Benefits'),
(6, 6, 'en', 'Company reputation'),
(7, 7, 'en', 'Location'),
(8, 8, 'en', 'Salary'),
(9, 9, 'en', 'To gain experience'),
(10, 10, 'en', 'Other'),
(11, 11, 'en', 'Grade 1'),
(12, 12, 'en', 'Grade 2'),
(13, 13, 'en', 'Grade 3'),
(14, 14, 'en', 'Grade 4'),
(15, 15, 'en', 'Grade 5'),
(16, 16, 'en', 'Grade 6'),
(17, 17, 'en', 'Grade 7'),
(18, 18, 'en', 'Grade 8'),
(19, 19, 'en', 'Grade 9'),
(20, 20, 'en', 'Grade 10'),
(21, 21, 'en', 'Grade 11'),
(22, 22, 'en', 'Grade 12');

INSERT INTO `cschool`.`form_field_options` (`id`, `form_field_id`, `order`) VALUES 
(1, 7, NULL),
(2, 7, NULL),
(3, 9, NULL),
(4, 9, NULL),
(5, 10, NULL),
(6, 10, NULL),
(7, 10, NULL),
(8, 10, NULL),
(9, 10, NULL),
(10, 10, NULL),
(11, 14, NULL),
(12, 14, NULL),
(13, 14, NULL),
(14, 14, NULL),
(15, 14, NULL),
(16, 14, NULL),
(17, 14, NULL),
(18, 14, NULL),
(19, 14, NULL),
(20, 14, NULL),
(21, 14, NULL),
(22, 14, NULL);

INSERT INTO `cschool`.`form_field_translations` (`id`, `form_field_id`, `locale`, `title`) VALUES 
(1, 1, 'en', 'First Name'),
(2, 2, 'en', 'Last Name'),
(3, 3, 'en', 'Age'),
(4, 4, 'en', 'Date of Birth'),
(5, 5, 'en', 'Address'),
(6, 6, 'en', 'Mobile Number'),
(7, 7, 'en', 'Gender'),
(8, 8, 'en', 'Educational Background'),
(9, 9, 'en', 'Have you had any previous experience with teaching?'),
(10, 10, 'en', 'What determined you to apply for this position?'),
(11, 11, 'en', 'I accept the terms and rules'),
(12, 12, 'en', 'ID Card Image'),
(13, 13, 'en', 'Enter your WhatsApp phone number'),
(14, 14, 'en', 'Select Grade/Class');

INSERT INTO `cschool`.`form_fields` (`id`, `form_id`, `type`, `order`, `required`) VALUES 
(1, 2, 'input', 1, 1),
(2, 2, 'input', 2, 1),
(3, 2, 'number', 4, 1),
(4, 2, 'date_picker', 5, 1),
(5, 2, 'input', 6, 1),
(6, 2, 'number', 7, 0),
(7, 2, 'radio', 3, 1),
(8, 2, 'textarea', 8, 0),
(9, 2, 'dropdown', 9, 1),
(10, 2, 'checkbox', 10, 0),
(11, 2, 'toggle', 12, 1),
(12, 2, 'upload', 11, 1),
(13, 4, 'number', NULL, 1),
(14, 4, 'dropdown', NULL, 1);

INSERT INTO `cschool`.`form_roles_users_groups` (`id`, `form_id`, `role_id`, `user_id`, `group_id`) VALUES 
(14, 2, 2, NULL, NULL),
(15, 2, 3, NULL, NULL),
(16, 2, 4, NULL, NULL);

INSERT INTO `cschool`.`form_submission_items` (`id`, `submission_id`, `form_field_id`, `value`) VALUES 
(1, 1, 1, 'John'),
(2, 1, 2, 'Powe'),
(3, 1, 7, '1'),
(4, 1, 3, '34'),
(5, 1, 4, '1990-09-15 00:00'),
(6, 1, 5, '645-2366 Aliquam Street'),
(7, 1, 6, '4467867995'),
(8, 1, 8, 'Associate of Business Administration from Imperial College London
Bachelor of International Business Economics from the University of Cambridge
Master of Business Administration from King''s College London'),
(9, 1, 9, '3'),
(10, 1, 10, '["9"]'),
(11, 1, 11, 'on'),
(12, 2, 1, 'Jessica'),
(13, 2, 2, 'Wray'),
(14, 2, 7, '2'),
(15, 2, 3, '29'),
(16, 2, 4, '1994-07-20 00:00'),
(17, 2, 5, '100 Cove Harbor S'),
(18, 2, 6, '1365758544'),
(19, 2, 8, 'Im a certified coach and author. Over the years I''ve worked with and coached 100,000 students from all over the world.
My expertise includes science-based personal development, health & fitness advice in the following areas:
- Self Improvement
- Life Coaching
- Stress Management
- Muscle Growth & Fat Loss
- Healthy Living & Meal Planning
- Gym Workouts & Bodybuilding'),
(20, 2, 9, '3'),
(21, 2, 10, '["9","8"]'),
(22, 2, 11, 'on'),
(23, 2, 12, '/store/1015/passport.jpg'),
(24, 1, 12, '/store/1015/passport.jpg'),
(25, 3, 1, 'James'),
(26, 3, 2, 'Kong'),
(27, 3, 7, '1'),
(28, 3, 3, '20'),
(29, 3, 4, '2003-08-13'),
(30, 3, 5, '522 Broadway WIGAN WN75 9RV'),
(31, 3, 6, '12085141324'),
(32, 3, 8, 'Associate of Applied Business from Stanford University
Bachelor of Science in Business from Harvard University
Master of Computational Finance from University of Chicago'),
(33, 3, 9, '4'),
(34, 3, 10, '["9"]'),
(35, 3, 12, '/store/3/passport.jpg'),
(36, 3, 11, 'on'),
(37, 4, 13, '966501281446'),
(38, 4, 14, '20');

INSERT INTO `cschool`.`form_submissions` (`id`, `user_id`, `form_id`, `created_at`) VALUES 
(1, 923, 2, 1694963232),
(2, 870, 2, 1694965076),
(3, 3, 2, 1694970500),
(4, 1, 4, 1745090764);

INSERT INTO `cschool`.`form_translations` (`id`, `form_id`, `locale`, `title`, `heading_title`, `description`, `welcome_message_title`, `welcome_message_description`, `tank_you_message_title`, `tank_you_message_description`) VALUES 
(2, 2, 'en', 'Teacher Registration Form', 'Teacher Registration Form', '<div>We appreciate your interest in becoming a part of our dedicated team of educators. As a teacher, you play a crucial role in shaping the future and empowering the next generation with knowledge and skills.</div><div><br></div><div>This registration form is designed to collect essential information about your qualifications and background. Your input will help us assess your suitability for a teaching position within our institution. Please take your time to complete the form accurately, as it will serve as the foundation of our evaluation process.</div><div><br></div><div>If you encounter any questions or need assistance while filling out this form, our support team is readily available to provide guidance and address your queries.</div><div><br></div><div>Thank you for considering us as the platform for your teaching journey. We believe in the power of education to transform lives, and we look forward to the possibility of having you on board to make a positive impact on our students.</div><div><br></div><div>Let''s begin the registration process, and we wish you the best of luck in your pursuit of a fulfilling teaching career with us!</div>', 'Welcome To Rocket LMS', 'We are delighted that you have chosen to join our esteemed educational institution. Your commitment to education is greatly appreciated, and we look forward to having you as part of our team.

This registration form is the first step in the process of becoming a valued member of our teaching staff. Your expertise and passion for teaching are integral to our mission of providing a high-quality education to our students.

Please complete this form with accuracy and detail, as it will help us better understand your qualifications and preferences. If you have any questions or require assistance during the registration process, our dedicated support team is here to help.

Thank you for choosing to embark on this journey with us. Together, we can make a positive impact on the lives of our students and inspire them to achieve their full potential.

Let''s get started with your registration, and once again, welcome aboard!', 'Thank you for your submission', 'Your interest in joining our educational institution as a teacher is greatly appreciated. We value your dedication to the field of education and your willingness to be a part of our team.

Your registration is an important step in our selection process, and we will carefully review the information you''ve provided. Should we require any further details or have additional questions, our team will reach out to you promptly.

We understand that becoming a teacher is a significant commitment, and we are excited about the potential you bring to our institution. Your passion and expertise will undoubtedly contribute to the growth and success of our students.

Once again, thank you for taking the time to register with us. We will be in touch soon with updates on your application status. We look forward to the possibility of working together to create a positive and inspiring educational experience for all.'),
(4, 4, 'en', 'WhatsContact', 'Start your kids '' learning journey today!', NULL, NULL, ' Over 1,000 seats booked in the last 24 hours!

By registering, you agree to our Terms of Service and Privacy Policy. You also confirm that you have parental/guardian consent. Important updates will be shared via WhatsApp.', 'We Will Contact You Soon', NULL);

INSERT INTO `cschool`.`forms` (`id`, `url`, `cover`, `image`, `enable_login`, `enable_resubmission`, `enable_welcome_message`, `enable_tank_you_message`, `welcome_message_image`, `tank_you_message_image`, `start_date`, `end_date`, `enable`, `created_at`) VALUES 
(2, 'teacher_form', '/store/1/default_images/16.jpg', '/store/1/default_images/about.png', 1, 1, 1, 1, '/store/1/default_images/welcome.jpg', '/store/1/default_images/thank_you.jpg', 1694894400, 1789592400, 1, 1694945521),
(4, 'whats_contact', NULL, NULL, 0, 0, 0, 1, NULL, '/store/1/default_images/16.jpg', NULL, NULL, 1, 1745089740);

INSERT INTO `cschool`.`forum_featured_topics` (`id`, `topic_id`, `icon`, `created_at`) VALUES 
(1, 9, '/store/1/default_images/forums/icons/food_forum.svg', 1655791906),
(2, 8, '/store/1/default_images/forums/icons/forum_makeup.svg', 1655793090),
(3, 5, '/store/1/default_images/forums/icons/forum_music.svg', 1655793433),
(4, 10, '/store/1/default_images/forums/icons/marketing.svg', 1656100506);

INSERT INTO `cschool`.`forum_recommended_topic_items` (`id`, `recommended_topic_id`, `topic_id`, `created_at`) VALUES 
(35, 4, 2, 1656142901),
(36, 4, 3, 1656142901),
(37, 4, 7, 1656142901),
(38, 4, 9, 1656142901),
(39, 4, 10, 1656142901),
(40, 3, 7, 1656142907),
(41, 3, 9, 1656142907),
(42, 3, 4, 1656142907),
(43, 3, 2, 1656142907),
(44, 3, 10, 1656142907),
(45, 2, 4, 1656142913),
(46, 2, 7, 1656142913),
(47, 2, 8, 1656142913),
(48, 2, 9, 1656142913),
(49, 2, 10, 1656142913),
(50, 1, 9, 1656142919),
(51, 1, 8, 1656142919),
(52, 1, 7, 1656142919),
(53, 1, 3, 1656142919),
(54, 1, 10, 1656142919);

INSERT INTO `cschool`.`forum_recommended_topics` (`id`, `title`, `icon`, `created_at`) VALUES 
(1, 'Food & Health', '/store/1/default_images/forums/icons/dish.png', 1655794486),
(2, 'Math', '/store/1/default_images/forums/icons/drawing-compass.png', 1655796024),
(3, 'Marketing', '/store/1/default_images/forums/icons/target.png', 1655796482),
(4, 'Language', '/store/1/default_images/forums/icons/translate.png', 1655796824);

INSERT INTO `cschool`.`forum_topic_attachments` (`id`, `creator_id`, `topic_id`, `path`) VALUES (1, 1017, 3, '/store/1017/background-sea-water.jpg');

INSERT INTO `cschool`.`forum_topic_posts` (`id`, `user_id`, `topic_id`, `parent_id`, `description`, `attach`, `pin`, `created_at`) VALUES 
(1, 929, 2, NULL, '<p><span style="color: rgb(89, 90, 94); font-family: Roboto, -apple-system, BlinkMacSystemFont, &quot;Segoe UI&quot;, Roboto, Helvetica, Arial, sans-serif, &quot;Apple Color Emoji&quot;, &quot;Segoe UI Emoji&quot;, &quot;Segoe UI Symbol&quot;; font-size: 14px;">I will be there!</span><br style="color: rgb(89, 90, 94); font-family: Roboto, -apple-system, BlinkMacSystemFont, &quot;Segoe UI&quot;, Roboto, Helvetica, Arial, sans-serif, &quot;Apple Color Emoji&quot;, &quot;Segoe UI Emoji&quot;, &quot;Segoe UI Symbol&quot;; font-size: 14px;"><span style="color: rgb(89, 90, 94); font-family: Roboto, -apple-system, BlinkMacSystemFont, &quot;Segoe UI&quot;, Roboto, Helvetica, Arial, sans-serif, &quot;Apple Color Emoji&quot;, &quot;Segoe UI Emoji&quot;, &quot;Segoe UI Symbol&quot;; font-size: 14px;">An opportunity for everyone who wants to see more of SL instead of only the clubs and beaches.</span><br></p>', NULL, 0, 1655718839),
(2, 979, 1, NULL, '<p>Didn''t he call his early users dumb? :o I don''t really think about him...I find FB very boring and hard to navigate, but I can''t persuade family members to quit it...</p><p><br></p><p>Did you know, he is being sued by a cryptocurrency developer called Internet Computer...they say he stole their logo for Meta!&nbsp;</p>', NULL, 0, 1655786658),
(3, 930, 1, NULL, '<p>he looked after the 3,000 or so startup employees who built Facebook from nothing. When the company went public those employees share options pool was worth a combined $23billion</p>', NULL, 0, 1655786705),
(4, 923, 3, NULL, '<p>That sounds like the weekly grid drive put on by the drivers of SL group.</p><p><br></p><p>Their headquarters is here: http://maps.secondlife.com/secondlife/Bruissac/109/72/36</p><p><br></p><p>Or maybe I could be totally off base. I know I did something that sounds exactly like what was described in the OP once with a friend over a year ago.</p>', NULL, 0, 1655787619),
(5, 1017, 3, NULL, '<p>Thanks</p>', NULL, 0, 1655787999),
(6, 3, 4, NULL, '<p>Hi, I''m in SL for a little over a year and I''m mostly on my own. I''d like to meet friends who I could hang out with so I won''t be alone all the time. In SL I mostly shop, modify my avi or take pictures (which I''m not good at lol) but I''m for anything which could be fun. In RL, I''m from Europe. Czech or English language - if you speak slowly we can voice. I''m a fan of Chinese costume drama and novels, pop. My active time in SL is usually during weekends - in working days I''m usually AFK at some club while working. IM me in-world if you want.<br></p>', NULL, 0, 1655788607),
(7, 930, 5, NULL, '<p>If it was me, who''s really dumb about scripting, I''d just place a group joiner for the appropriate group at each arrival point.</p>', NULL, 0, 1655789536),
(8, 859, 5, NULL, '<p>Ah, I didn''t understand what you meant.&nbsp; The best you can do is include a full perm object that contains a group joiner script and the UUIDs of each of the six groups.&nbsp; Then a person just has to rez the object and click it to get the joiner menu.</p><p><br></p><p>Or do as Lindal suggested, which is much easier.&nbsp; ;)</p><p><br></p>', NULL, 0, 1655789585),
(9, 3, 6, NULL, '<p>I doubt the Lab will make any significant changes to existing Mainland rules.</p><p><br></p><p>On the other hand, they''ve definitely moved away from allowing new land to be subdivided, joined, etc. That''s always been the rule in Linden''s "urban" zoned areas such as Bay City, Nova Albion, Nautilus City, etc., and applies to a big chunk of Zindra. Also, of course, Belli and the old Linden Homes continents, and most predictive of anything to be added in future: the Horizons continent. So, basically, they realize that virtual land is most productive when it follows the same practices as Estates, and that just doesn''t include microparcels.</p><p><br></p><p>If they did anything, I''d favor just banning everything under 144 sq.m. from being set for sale at all, just as they can''t appear in Search.They were just a mistake, so let them die out as painlessly as possible.</p><p><br></p><p>Networked advertising, qua advertising, has never really been a thing. There have been a few folks who genuinely misunderstood and thought it might be a business, but that''s never been why there are microparcels, and most microparcel-based network "advertisers" know darn well they couldn''t pay to light the pixels with the eyeballs and clickthrus. It''s always been just a cover for land extortion, with a handful of saps who mistook it for actual advertising. There''s just no business to be had there.</p>', NULL, 0, 1655790272),
(10, 934, 7, NULL, '<p>Hi James,</p><p><br></p><p>Love To Decorate is dedicated to showcasing the talents and impeccable design within the Home &amp; Garden design market in the virtual world of Second Life.&nbsp;</p><p><br></p><p>Through our Website, we make it our goal to inspire the residents of Second Life and give our full support to the content creators who support us and make this world a beautiful place to log into each day.</p><p><br></p><p>We would be glad to help you with marketing and advertising your brand.&nbsp;</p>', NULL, 0, 1655790650),
(11, 929, 8, NULL, '<p style=""><font color="#595a5e" face="Roboto, -apple-system, BlinkMacSystemFont, Segoe UI, Roboto, Helvetica, Arial, sans-serif, Apple Color Emoji, Segoe UI Emoji, Segoe UI Symbol"><span style="font-size: 14px;">To add to Orwar''s great explanation:</span></font></p><p style=""><font color="#595a5e" face="Roboto, -apple-system, BlinkMacSystemFont, Segoe UI, Roboto, Helvetica, Arial, sans-serif, Apple Color Emoji, Segoe UI Emoji, Segoe UI Symbol"><span style="font-size: 14px;">In the end, anything you upload to SL will become a JPEG and will lose some detail. The reason why you should save your work as PNG/TGA/PSD/etc is to keep the original quality on your computer as you made it.</span></font></p><p style=""><font color="#595a5e" face="Roboto, -apple-system, BlinkMacSystemFont, Segoe UI, Roboto, Helvetica, Arial, sans-serif, Apple Color Emoji, Segoe UI Emoji, Segoe UI Symbol"><span style="font-size: 14px;">The difference between PNG vs TGA is that PNG is losslessly compressed (to save space without sacrificing quality), while TGA is uncompressed. Realistically it doesn''t matter, since they have the exact same capabilities.</span></font></p>', NULL, 0, 1655790902),
(12, 870, 8, NULL, '<p>I upload using TGA format, as I use masking in my work. Something to think about...if you use them.</p><p><br></p>', NULL, 0, 1655790940),
(13, 996, 9, NULL, '<p>Depends on the time of day.</p><p><br></p><p>If it''s morning, it''s coffee. Afternoon, tea or water. Evening, water.</p><p><br></p><p>I don''t tend to eat often while I''m online. I''ll wait until I finish whatever I''m doing, then log off and take a break for a while.&nbsp;</p>', NULL, 0, 1655791222),
(14, 1015, 9, NULL, '<p>If Im playing this game sober then something is wrong.</p><p>Cheap alcohol, and I mean cheeaaaaap. Like plastic bottle 5$ vodka at room temperature.&nbsp;</p><p>I dont eat when in front of the computer, makes you fat.</p>', NULL, 0, 1655791289),
(15, 3, 9, NULL, '<p>Mugs of coffee and cubes of cheese.</p>', NULL, 0, 1655791331),
(16, 995, 10, NULL, '<p>What are the different types of social media?</p><div><br></div>', NULL, 0, 1656101542),
(17, 1016, 10, 16, '<p>The four main categories of social platforms are these:</p><p><br></p><p>Social networks. People use these networks to connect with one another and share information, thoughts and ideas. The focus of these networks is usually on the user. User profiles help participants identify other users with common interests or concerns. Facebook and LinkedIn are good examples.</p><p><br></p><p>Media-sharing networks. These networks focus is on content. For example, on YouTube, interaction is around videos that users create. Other media-sharing networks are TikTok and Instagram. Streaming platforms like Twitch are considered a subset of this category.</p><p><br></p><p>Community-based networks. The focus of this type of social network is in-depth discussion, much like a blog forum. Users leave prompts for discussion that spiral into detailed comment threads. Communities often form around select topics. Reddit is an example of a community-based network.</p><p><br></p><p>Review board networks. With these networks, the focus is on a review, usually of a product or service. For example, on Yelp, users can write reviews on restaurants and endorse each other''s reviews to boost visibility.</p>', NULL, 0, 1656101670),
(18, 870, 10, NULL, '<p>What are enterprise social media best practices?</p><div><br></div>', NULL, 0, 1656101717),
(19, 929, 10, 18, '<p>It is important for companies to have a social media strategy and establish social media goals. These help to build trust, educate their target audience and create brand awareness. They also enable real people to find and learn about a business.<br></p>', NULL, 0, 1656101751);

INSERT INTO `cschool`.`forum_topic_reports` (`id`, `user_id`, `topic_id`, `topic_post_id`, `message`, `created_at`) VALUES (1, 996, NULL, 18, 'This is a spam comment.', 1656323052);

INSERT INTO `cschool`.`forum_topics` (`id`, `creator_id`, `forum_id`, `slug`, `title`, `description`, `pin`, `close`, `created_at`) VALUES 
(1, 1015, 8, 'What-do-you-think-of-Mark-Zuckerberg', 'What do you think of Mark Zuckerberg?', '<p>I''ll start this discussion by saying I think the way he got his start was kinda sleazy...he made a website comparing the looks of his college classmates. That site was the precursor to his most famous creation: Facebook.</p><p><br></p>', 0, 0, 1655716308),
(2, 1015, 4, 'test', 'Bar Train Tour on Heterocera', '<p style="color: rgb(89, 90, 94); font-family: Roboto, -apple-system, BlinkMacSystemFont, &quot;Segoe UI&quot;, Roboto, Helvetica, Arial, sans-serif, &quot;Apple Color Emoji&quot;, &quot;Segoe UI Emoji&quot;, &quot;Segoe UI Symbol&quot;;">Dear Second Life residents and friends,</p><p style="color: rgb(89, 90, 94); font-family: Roboto, -apple-system, BlinkMacSystemFont, &quot;Segoe UI&quot;, Roboto, Helvetica, Arial, sans-serif, &quot;Apple Color Emoji&quot;, &quot;Segoe UI Emoji&quot;, &quot;Segoe UI Symbol&quot;;">I am pleased to announce a unique way to travel and explore the continent of Heterocera by train.</p><p style="color: rgb(89, 90, 94); font-family: Roboto, -apple-system, BlinkMacSystemFont, &quot;Segoe UI&quot;, Roboto, Helvetica, Arial, sans-serif, &quot;Apple Color Emoji&quot;, &quot;Segoe UI Emoji&quot;, &quot;Segoe UI Symbol&quot;;">The Bellisserian Bureau for Bureaucracy, the Embassies of Bellisseria and the Mainland Tour project collaborated with Greg Timmerman and his Bar &amp; Lounge project offer a special tour.</p><p style="color: rgb(89, 90, 94); font-family: Roboto, -apple-system, BlinkMacSystemFont, &quot;Segoe UI&quot;, Roboto, Helvetica, Arial, sans-serif, &quot;Apple Color Emoji&quot;, &quot;Segoe UI Emoji&quot;, &quot;Segoe UI Symbol&quot;;">Join us on the&nbsp;<span style="font-weight: bolder;">Bar Train</span>&nbsp;for a journey by railway along the SLRR lines around Heterocera. We will also stop for a halt at the Woodland Station, the home of the Bar Train, where you will be able to collect a new stamp!</p>', 0, 0, 1655716703),
(3, 1017, 4, 'Trying-to-Find-a-Water-to-Land-Race', 'Trying to Find a Water-to-Land Race!', '<p>I don''t have a lot of info but a friend of mine told me that there is a HUD (or was) that pings GPS points on the map. And you start this race in a car, then get in a boat, then get in a car again.... and at the end, there''s some cool party. There is NO amount of googling that is helping me find this so I''m reaching out to the SL hivemind. Help.</p>', 0, 0, 1655787049),
(4, 870, 10, 'Looking-for-friends-but-im-also-really-really-shy', 'Looking for friends but, im shy', '<p>Looking for friends to just hand with and have fun with. I love gaming and listening to music. I''m 25 years young but would love to get to know some people. I started SecondLife a few months ago so I still knew. Would love to meet some genuine ppl!</p>', 0, 0, 1655788542),
(5, 996, 5, 'How-do-you-put-a-Group-Link-in-a-note-card', 'How do you put a Group Link in a note card', '<p>I want to create a note card that lists clickable LMs (EASY to do) to the 14 music hangouts (nearly all are open stage/decks, 6 to 8 have regular weekly events) in my community region.</p><p><br></p><p>But how do you add to a notecard clickable LINKS TO GROUPS we have 6 groups which i would like to list too.</p>', 0, 0, 1655789512),
(6, 923, 9, 'How-to-greatly-reduce-or-eliminate-networked-advertising', 'How to reduce networked advertising', '<p>We hear over and over about the evil of networked advertising on mainland, about how it is the bane of mainlanders existence, about how it should be eliminated now and forever.</p><p>But how?</p><p>We hear that networked advertising is mainly a phenomenon of micro parcels, since what else can you do with 5 prims except stick a sign on it?</p><p>Its been suggested that parcels not be allowed to be cut smaller than a certain size, but that would cause a lot of unintended consequences.</p><p>Similarly, banning the sale of micro parcels would cause also undesirable consequences.</p><p>A forum resident suggested charging each micro parcel the equivalent of a 512 sq m tier, which is both unworkable and unfair.</p><p>My suggesting is simple, clear and fair.</p><p>I propose that Linden Labs make a new rule banning construction on any parcel under 64 sq m</p><p>Parcels under that size would only be allowed to have natural elements rezzed on them such as trees, flowers, and rocks.</p><p>As soon as this rule change is implemented, all those 16 sq m networked advertising holdings would be rendered worthless, either for use or for sale at inflated prices.</p><p>Networked advertisers could divest themselves of their holdings by offering them for sale at reasonable prices to neighboring land owners, or just abandoning them</p><p>Lets face it, no one will pay hundreds of $Ls for a 16 sq m parcel just to put a rock or shrub on.</p><p>Under this new rule, networked advertising won''t be eliminated since it would still be legal, but I think it will certainly be greatly reduced.</p><p>Implement this suggestion, and take a giant step to beautifying the mainland by largely eliminating the "scourge" of networked advertising once and for all.</p><p>Note to LL, if you do implement this rule, please publish it. Don''t just sneakily change the TOS and say gotcha.</p>', 0, 0, 1655790004),
(7, 3, 7, 'Marketing-Agent-wanted', 'Marketing Agent wanted', '<p>I am looking for an experience and successful Marketing agent to work for me in order to increase my product sales which mostly include houses and furniture. If you are interested contact me on chat by contacting Romin McDonnell. References are required</p>', 0, 0, 1655790607),
(8, 930, 2, 'The-best-texture-quality-settings-for-makeup', 'The best texture quality settings for makeup', '<p>Hello everyone  I don''t know if I''m at the right place for my question, but I hope so... </p><p>In your opinion, what is the best size, dpi and the rest of the settings related to the quality of the PNG file, in order to make the texture looking great and non blurry after uploading it in SL?&nbsp;</p><p>What file format do you prefer to upload in SL - PNG or JPEG?&nbsp;</p><p>What editor/ app/ program do you use to create your textures?&nbsp;</p><p>Also, I work with Photoshop, so I would be very thankful if you can give me a few tips and tricks about the process of creation of textures exactly with this program.&nbsp;</p><p>Thank you for your time!&nbsp; Have an awesome day </p>', 0, 0, 1655790834),
(9, 995, 3, 'What-favorite-food-and-or-beverage-do-you-enjoy', 'What favorite food and or beverage do you enjoy', '<p>I am amazed&nbsp; and thankful to SL for all the wonderful things and ability to reach&nbsp; out to others in so many different places all over the world. That being said&nbsp; at least for me as i am building ...in rl my favorite beverage&nbsp; is coffee or a mocha latte . For food prefer fruit if i am in world during lunch . How about you.<br></p>', 0, 0, 1655791192),
(10, 995, 10, 'What-is-social-media', 'What is social media?', '<p>Social media is a collective term for websites and applications that focus on communication, community-based input, interaction, content-sharing and collaboration.</p><p><br></p><p>People use social media to stay in touch and interact with friends, family and various communities. Businesses use social applications to market and promote their products and track customer concerns.</p><p><br></p><p>Business-to-consumer websites include social components, such as comment fields for users. Various tools help businesses track, measure and analyze the attention the company gets from social media, including brand perception and customer insight.</p><p><br></p><p>Social media has enormous traction globally. Mobile applications make these platforms easily accessible. Some popular examples of general social media platforms include Twitter, Facebook and LinkedIn.</p><p><br></p><p>What are the business applications of social media?</p><p>In business, social media is used to market products, promote brands, connect to customers and foster new business. As a communication platform, social media promotes customer feedback and makes it easy for customers to share their experiences with a company. Businesses can respond quickly to positive and negative feedback, address customer problems and maintain or rebuild customer confidence.</p><p><br></p><p>Social media is also used for crowdsourcing. That''s the practice of using social networking to gather knowledge, goods or services. Companies use crowdsourcing to get ideas from employees, customers and the general public for improving products or developing future products or services.</p>', 0, 0, 1656101498);

INSERT INTO `cschool`.`forum_translations` (`id`, `forum_id`, `locale`, `title`, `description`) VALUES 
(1, 1, 'en', 'Lifestyle', 'Lifestyle is the interests, opinions, behaviours, and behavioural orientations of an individual, group, or culture. The term was introduced by Austrian psychologist Alfred Adler in his 1929 book, The Case of Miss R., with the meaning of "a person''s basic character as established early in childhood".'),
(2, 2, 'en', 'Beauty & Makeup', 'How to create your natural skincare perfect'),
(3, 3, 'en', 'Food & Beverage', 'A practical forum to take your cooking skills from dull to delicious'),
(4, 4, 'en', 'Travel', 'How You Can Afford a Life of Travel and Adventure!'),
(5, 5, 'en', 'Music', 'Discuss music with The World''s Top instructors'),
(6, 6, 'en', 'Marketing', 'Marketing is the process of exploring.'),
(7, 7, 'en', 'Digital Marketing', 'Master Digital Marketing Strategy'),
(8, 8, 'en', 'Public Relations', 'Everything you need to know to be successful at PR'),
(9, 9, 'en', 'Advertising', 'Learn the inner workings of a massive digital industry'),
(10, 10, 'en', 'Social Media', 'MASTER online marketing on Twitter, Pinterest, Instagram');

INSERT INTO `cschool`.`forums` (`id`, `slug`, `role_id`, `group_id`, `parent_id`, `icon`, `status`, `close`, `order`) VALUES 
(1, 'Lifestyle', NULL, NULL, NULL, '/store/1/default_images/forums/icons/makeup.png', 'active', 0, NULL),
(2, 'Beauty-Makeup', NULL, NULL, 1, '/store/1/default_images/forums/icons/makeup.png', 'active', 0, 1),
(3, 'Food-Beverage', NULL, NULL, 1, '/store/1/default_images/forums/icons/donut.png', 'active', 0, 2),
(4, 'Travel', NULL, NULL, 1, '/store/1/default_images/forums/icons/airplane.png', 'active', 0, 3),
(5, 'Music', NULL, NULL, NULL, '/store/1/default_images/forums/icons/love-song.png', 'active', 0, NULL),
(6, 'Marketing', NULL, NULL, NULL, '/store/1/default_images/forums/icons/advertising.png', 'active', 0, NULL),
(7, 'Digital-Marketing', NULL, NULL, 6, '/store/1/default_images/forums/icons/digital-marketing.png', 'active', 0, 1),
(8, 'Public-Relations', NULL, NULL, 6, '/store/1/default_images/forums/icons/security.png', 'active', 0, 2),
(9, 'Advertising', NULL, NULL, 6, '/store/1/default_images/forums/icons/ads.png', 'active', 0, 3),
(10, 'Social-Media', NULL, NULL, 6, '/store/1/default_images/forums/icons/twitter.png', 'active', 0, 4);

INSERT INTO `cschool`.`gifts` (`id`, `user_id`, `webinar_id`, `bundle_id`, `product_id`, `name`, `email`, `date`, `description`, `viewed`, `status`, `created_at`) VALUES (6, 979, 2004, NULL, NULL, 'Cameron Schofield', 'student@demo.com', 1678890600, 'Hi, Dear Cameron.
I hope to this course be helpful for you.
From Morgan.', 1, 'active', 1678919415);

INSERT INTO `cschool`.`group_operation_student` (`id`, `group_id`, `student_id`, `created_at`, `updated_at`) VALUES 
(3, 10, 996, NULL, NULL),
(24, 1, 996, NULL, NULL),
(25, 1, 1047, NULL, NULL);

INSERT INTO `cschool`.`group_operations` (`id`, `name`, `instructor_id`, `course_id`, `meeting_times_id`, `group_type`, `age_level`, `study_level`, `language`, `created_at`, `updated_at`) VALUES 
(1, 'panadol', 1016, 1999, 127, 'study', '6-8', 'standard', 'ar', '2025-06-05 15:56:17', '2025-06-12 01:49:48'),
(4, 'qq', 3, 1999, 119, 'study', '6-8', 'standard', 'en', '2025-06-05 15:57:38', '2025-06-05 15:57:38'),
(5, 'ww', 3, 1999, 122, 'study', '6-8', 'advanced', 'en', '2025-06-05 15:58:56', '2025-06-05 15:58:56'),
(6, 'ww', 3, 1999, 122, 'study', '6-8', 'advanced', 'en', '2025-06-05 15:59:59', '2025-06-05 15:59:59'),
(7, 'ww', 3, 1999, 119, 'study', '6-8', 'advanced', 'en', '2025-06-05 16:00:12', '2025-06-05 16:00:12'),
(8, 'ef', 3, 1999, 118, 'study', '6-8', 'standard', 'en', '2025-06-05 16:01:59', '2025-06-05 16:01:59'),
(9, '6955', 1016, 1999, 130, 'study', '6-8', 'standard', 'en', '2025-06-05 16:45:35', '2025-06-05 16:45:35'),
(10, 'group 1', 929, 1999, 167, 'semi_private', '13-17', 'advanced', 'en', '2025-06-05 18:12:02', '2025-06-05 18:12:02'),
(11, 'ww', 3, 1999, 117, 'study', '6-8', 'advanced', 'ar', '2025-06-12 01:37:49', '2025-06-12 01:37:49'),
(12, 'qq', 3, 1999, 118, 'study', '6-8', 'standard', 'ar', '2025-06-12 01:38:36', '2025-06-12 01:38:36');

INSERT INTO `cschool`.`group_users` (`id`, `group_id`, `user_id`, `created_at`) VALUES 
(64, 3, 996, 1625974235),
(65, 2, 3, 1625974258),
(66, 2, 1016, 1625974260),
(69, 3, 1050, 1729664450),
(70, 3, 1051, 1729752350),
(71, 3, 1052, 1729752392),
(72, 3, 1053, 1729752421);

INSERT INTO `cschool`.`groups` (`id`, `creator_id`, `name`, `discount`, `status`, `created_at`) VALUES 
(2, 1, 'Vip Instructors', 20, 'active', 1613379096),
(3, 1, 'Special Students', 10, 'active', 1614530208);

INSERT INTO `cschool`.`hero_sections` (`id`, `title`, `description`, `button_text`, `created_at`, `updated_at`) VALUES (1, 'Inspiring todays minds... to build tomorrows leaders!ssss', '.Learning coding and AI is no longer optional  its a must-have skill for a future full of opportunities At 3C Coding School, we offer an interactive online learning experience for kids aged 6 to 18 .Our certified curriculum is project-based and delivered by top experts in coding and technology Give your child the chance to explore the programming world in a fun, engaging, and effective way', 'Explore Now', NULL, '2025-04-22 16:35:08');

INSERT INTO `cschool`.`home_page_statistic_translations` (`id`, `home_page_statistic_id`, `locale`, `title`, `description`) VALUES 
(2, 2, 'en', 'Skillful Instructors', 'Start learning from experienced instructors.'),
(3, 3, 'en', 'Video Courses', 'Learn without any geographical & time limitations.'),
(4, 4, 'en', 'Live Classes', 'Improve your skills using live knowledge flow.'),
(5, 5, 'en', 'Happy Students', 'are available to help you by their knowledge');

INSERT INTO `cschool`.`home_page_statistics` (`id`, `icon`, `color`, `count`, `order`, `created_at`) VALUES 
(2, '/store/1/default_images/trend_categories_icons/chess.png', '#c95d63', 20, 1, 1675870234),
(3, '/store/1/default_images/trend_categories_icons/palette.png', '#496ddb', 12, 4, 1675870276),
(4, '/store/1/default_images/trend_categories_icons/connection.png', '#717ec3', 16, 3, 1675870320),
(5, '/store/1/default_images/trend_categories_icons/family.png', '#ae8799', 78, 2, 1675870418);

INSERT INTO `cschool`.`home_sections` (`id`, `name`, `order`) VALUES 
(1, 'latest_classes', 2),
(2, 'featured_classes', 1),
(3, 'latest_bundles', 3),
(5, 'best_sellers', 6),
(6, 'free_classes', 7),
(7, 'trend_categories', 5),
(8, 'full_advertising_banner', 8),
(9, 'discount_classes', 9),
(10, 'store_products', 10),
(11, 'subscribes', 11),
(12, 'become_instructor', 12),
(14, 'find_instructors', 13),
(15, 'reward_program', 15),
(16, 'instructors', 16),
(17, 'video_or_image_section', 14),
(18, 'testimonials', 17),
(31, 'upcoming_courses', 4);

INSERT INTO `cschool`.`installment_step_translations` (`id`, `installment_step_id`, `locale`, `title`) VALUES 
(1, 1, 'en', 'First Installment'),
(2, 2, 'en', 'Second Installment'),
(3, 3, 'en', 'Third Installment');

INSERT INTO `cschool`.`installment_steps` (`id`, `installment_id`, `deadline`, `amount`, `amount_type`, `order`) VALUES 
(1, 1, 90, 20.00, 'percent', 0),
(2, 1, 180, 30.00, 'percent', 1),
(3, 1, 270, 30.00, 'percent', 2);

INSERT INTO `cschool`.`installment_translations` (`id`, `installment_id`, `locale`, `title`, `main_title`, `description`, `banner`, `options`, `verification_description`, `verification_banner`, `verification_video`) VALUES (1, 1, 'en', 'Christmas installment plan', 'Installment payment On Christmas', 'Buy your courses in installments.', '/store/1/default_images/Installments/installment_banner.png', 'Instant access to course files88889 months payment duration8888No price difference with cash payments8888Get points after finalizing installments', '<p>To use this installment plan, you should attach a picture of your ID card and your 3-month bank account statement.</p><p>We will try to review your request as soon as possible.</p>', '/store/1/default_images/Installments/verification_image.png', NULL);

INSERT INTO `cschool`.`installments` (`id`, `target_type`, `target`, `capacity`, `start_date`, `end_date`, `verification`, `request_uploads`, `bypass_verification_for_verified_users`, `upfront`, `upfront_type`, `enable`, `created_at`) VALUES (1, 'courses', 'specific_courses', 10, 1672549200, NULL, 1, 1, 0, 30.00, 'percent', 1, 1678904056);

INSERT INTO `cschool`.`ip_restrictions` (`id`, `type`, `value`, `reason`, `created_at`) VALUES 
(1, 'full_ip', '139.10.13.206', 'Spammer', 1709534805),
(3, 'country', 'CK', 'Testing Country Restriction', 1709534952);

INSERT INTO `cschool`.`meeting_times` (`id`, `meeting_id`, `meeting_type`, `day_label`, `time`, `description`, `created_at`) VALUES 
(84, 29, 'all', 'monday', '09:00AM-10:00AM', NULL, 1625916149),
(85, 29, 'all', 'wednesday', '08:30AM-10:00AM', NULL, 1625916235),
(86, 29, 'all', 'thursday', '06:30PM-07:30PM', NULL, 1625916372),
(87, 29, 'all', 'monday', '07:00PM-09:00PM', NULL, 1625916397),
(88, 29, 'all', 'thursday', '09:30PM-10:30PM', NULL, 1625916437),
(89, 29, 'all', 'wednesday', '10:15AM-11:45AM', NULL, 1625916467),
(90, 29, 'all', 'wednesday', '07:30PM-09:00PM', NULL, 1625916508),
(91, 29, 'all', 'tuesday', '09:00PM-10:00PM', NULL, 1625916577),
(92, 29, 'all', 'friday', '08:30PM-10:00PM', NULL, 1625916611),
(93, 30, 'all', 'saturday', '10:00AM-11:30AM', NULL, 1625938350),
(94, 30, 'all', 'sunday', '05:00PM-06:00PM', NULL, 1625938383),
(95, 30, 'all', 'sunday', '06:30PM-07:30PM', NULL, 1625938416),
(96, 30, 'all', 'monday', '09:45AM-10:15AM', NULL, 1625938436),
(97, 30, 'all', 'monday', '11:00AM-11:45AM', NULL, 1625938462),
(98, 30, 'all', 'monday', '06:00PM-07:30PM', NULL, 1625938497),
(99, 30, 'all', 'tuesday', '08:30AM-09:30AM', NULL, 1625938517),
(100, 30, 'all', 'wednesday', '10:30AM-11:30AM', NULL, 1625938585),
(101, 30, 'all', 'thursday', '04:50PM-05:50PM', NULL, 1625938619),
(102, 30, 'all', 'wednesday', '06:00PM-07:30PM', NULL, 1625938647),
(103, 30, 'all', 'wednesday', '08:30PM-09:45PM', NULL, 1625938681),
(104, 30, 'all', 'wednesday', '10:00PM-10:30PM', NULL, 1625938700),
(105, 30, 'all', 'thursday', '06:00PM-08:00PM', NULL, 1625938755),
(106, 30, 'all', 'friday', '10:15AM-11:45AM', NULL, 1625938776),
(107, 32, 'all', 'wednesday', '09:00AM-11:30AM', NULL, 1625939319),
(108, 32, 'all', 'monday', '09:00AM-10:30AM', NULL, 1625939339),
(109, 32, 'all', 'monday', '10:45AM-11:45AM', NULL, 1625939358),
(110, 32, 'all', 'tuesday', '06:00PM-07:30PM', NULL, 1625939384),
(111, 33, 'all', 'monday', '08:00AM-09:30AM', NULL, 1625939462),
(112, 33, 'all', 'thursday', '08:30AM-09:30AM', NULL, 1625939477),
(113, 33, 'all', 'tuesday', '10:30AM-11:30AM', NULL, 1625939493),
(114, 33, 'all', 'wednesday', '08:00AM-09:00AM', NULL, 1625939508),
(115, 33, 'all', 'thursday', '09:30AM-10:30AM', NULL, 1625939527),
(116, 33, 'all', 'monday', '10:30AM-11:30AM', NULL, 1625939551),
(117, 34, 'all', 'monday', '09:30AM-10:30AM', NULL, 1625939631),
(118, 34, 'all', 'tuesday', '09:30AM-10:30AM', NULL, 1625939646),
(119, 34, 'all', 'monday', '10:45AM-11:45AM', NULL, 1625939660),
(120, 34, 'all', 'wednesday', '08:00AM-10:00AM', NULL, 1625939678),
(121, 34, 'all', 'wednesday', '10:30AM-11:30AM', NULL, 1625939700),
(122, 34, 'all', 'wednesday', '05:00PM-06:30PM', NULL, 1625939744),
(123, 34, 'all', 'thursday', '08:00PM-09:30PM', NULL, 1625939763),
(124, 35, 'all', 'monday', '09:30AM-10:30AM', NULL, 1625941315),
(125, 35, 'all', 'monday', '11:00AM-11:45AM', NULL, 1625941331),
(126, 35, 'all', 'tuesday', '08:00AM-09:30AM', NULL, 1625941347),
(127, 35, 'all', 'wednesday', '08:00AM-09:30AM', NULL, 1625941388),
(128, 35, 'all', 'wednesday', '10:00AM-11:30AM', NULL, 1625941418),
(129, 35, 'all', 'monday', '05:00PM-06:30PM', NULL, 1625941460),
(130, 35, 'all', 'wednesday', '08:00PM-09:30PM', NULL, 1625941475),
(131, 35, 'all', 'thursday', '08:00AM-09:00AM', NULL, 1625941557),
(132, 35, 'all', 'thursday', '09:30AM-10:30AM', NULL, 1625941580),
(133, 35, 'all', 'thursday', '10:45AM-11:45AM', NULL, 1625941611),
(134, 35, 'all', 'monday', '07:30PM-08:30PM', NULL, 1625941640),
(135, 35, 'all', 'thursday', '10:00PM-11:00PM', NULL, 1625941668),
(136, 35, 'all', 'monday', '09:00PM-10:00PM', NULL, 1625941731),
(137, 35, 'all', 'monday', '10:15PM-11:00PM', NULL, 1625941832),
(138, 35, 'all', 'friday', '09:00AM-10:00AM', NULL, 1625941864),
(139, 35, 'all', 'friday', '10:30AM-11:30AM', NULL, 1625941879),
(140, 31, 'all', 'monday', '08:40AM-09:40AM', NULL, 1625942014),
(141, 31, 'all', 'monday', '10:00AM-11:30AM', NULL, 1625942028),
(142, 31, 'all', 'monday', '05:00PM-06:30PM', NULL, 1625942048),
(143, 31, 'all', 'monday', '06:45PM-07:45PM', NULL, 1625942079),
(144, 31, 'all', 'monday', '08:00PM-09:30PM', NULL, 1625942101),
(145, 31, 'all', 'monday', '10:00PM-10:30PM', NULL, 1625942137),
(146, 31, 'all', 'tuesday', '08:30AM-09:30AM', NULL, 1625942159),
(147, 31, 'all', 'tuesday', '10:00AM-11:00AM', NULL, 1625942173),
(148, 31, 'all', 'tuesday', '06:00PM-07:00PM', NULL, 1625942191),
(149, 31, 'all', 'saturday', '09:30AM-10:30AM', NULL, 1625942210),
(150, 31, 'all', 'sunday', '08:30AM-09:30AM', NULL, 1625942229),
(151, 31, 'all', 'sunday', '09:45AM-10:00AM', NULL, 1625942247),
(152, 31, 'all', 'sunday', '10:30AM-11:45AM', NULL, 1625942266),
(153, 31, 'all', 'saturday', '10:45AM-11:45AM', NULL, 1625942311),
(154, 31, 'all', 'sunday', '05:00PM-06:30PM', NULL, 1625942351),
(155, 31, 'all', 'wednesday', '08:15AM-09:15AM', NULL, 1625942379),
(156, 31, 'all', 'wednesday', '09:30AM-10:30AM', NULL, 1625942395),
(157, 31, 'all', 'wednesday', '10:45AM-11:45AM', NULL, 1625942414),
(158, 31, 'all', 'thursday', '07:30AM-08:30AM', NULL, 1625942446),
(159, 31, 'all', 'thursday', '08:45AM-09:45AM', NULL, 1625942461),
(160, 31, 'all', 'thursday', '10:00AM-11:00AM', NULL, 1625942474),
(161, 31, 'all', 'thursday', '05:30PM-07:00PM', NULL, 1625942499),
(162, 31, 'all', 'friday', '09:00AM-10:00AM', NULL, 1625942521),
(163, 31, 'all', 'friday', '10:30AM-11:30AM', NULL, 1625942564),
(164, 31, 'all', 'tuesday', '08:00PM-09:00PM', NULL, 1625942840),
(165, 31, 'all', 'saturday', '06:00PM-07:00PM', NULL, 1625943005),
(166, 29, 'in_person', 'saturday', '09:30AM-10:30AM', 'Business Management Workshop.', 1646352042),
(167, 32, 'in_person', 'saturday', '06:30PM-08:30PM', 'School Management Workshop', 1646352258),
(168, 30, 'in_person', 'sunday', '10:00AM-11:30AM', 'School Management Workshop.', 1646352499),
(169, 30, 'in_person', 'tuesday', '10:30AM-11:30AM', 'Risk Management Workshop.', 1646352560),
(170, 30, 'online', 'friday', '04:30PM-05:30PM', NULL, 1646352585),
(171, 30, 'online', 'friday', '06:00PM-07:30PM', 'Risk Management Workshop.', 1646352619),
(172, 30, 'in_person', 'friday', '08:00PM-09:30PM', 'Risk Management Workshop.', 1646352638),
(173, 30, 'in_person', 'saturday', '12:15PM-01:45PM', 'Risk Management Workshop.', 1646352676);

INSERT INTO `cschool`.`meetings` (`id`, `creator_id`, `amount`, `discount`, `in_person`, `in_person_amount`, `group_meeting`, `online_group_min_student`, `online_group_max_student`, `online_group_amount`, `in_person_group_min_student`, `in_person_group_max_student`, `in_person_group_amount`, `disabled`, `created_at`) VALUES 
(29, 923, 100.00, 10, 1, 200.00, 0, NULL, NULL, NULL, NULL, NULL, NULL, 0, 1625916131),
(30, 1015, 100.00, NULL, 1, 250.00, 1, 20, 200, 50.00, 5, 30, 150.00, 0, 1625938321),
(31, 934, 100.00, NULL, 0, NULL, 0, NULL, NULL, NULL, NULL, NULL, NULL, 0, 1625939199),
(32, 929, 200.00, NULL, 1, 500.00, 0, NULL, NULL, NULL, NULL, NULL, NULL, 0, 1625939298),
(33, 870, 100.00, NULL, 1, 200.00, 1, 20, 100, 80.00, 5, 30, 150.00, 0, 1625939436),
(34, 3, 50.00, NULL, 0, NULL, 0, NULL, NULL, NULL, NULL, NULL, NULL, 1, 1625939607),
(35, 1016, 60.00, NULL, 0, NULL, 0, NULL, NULL, NULL, NULL, NULL, NULL, 0, 1625941278);

INSERT INTO `cschool`.`migrations` (`id`, `migration`, `batch`) VALUES 
(1, '2014_10_12_000000_create_users_table', 1),
(2, '2014_10_12_100000_create_password_resets_table', 1),
(3, '2020_08_09_145553_create_roles_table', 1),
(4, '2020_08_09_145834_create_sections_table', 1),
(5, '2020_08_09_145926_create_permissions_table', 1),
(6, '2020_08_24_163003_create_webinars_table', 1),
(7, '2020_08_24_164823_create_webinar_partner_teacher_table', 1),
(8, '2020_08_24_165658_create_tags_table', 1),
(9, '2020_08_24_165835_create_webinar_tag_table', 1),
(10, '2020_08_24_171611_create_categories_table', 1),
(11, '2020_08_29_052437_create_filters_table', 1),
(12, '2020_08_29_052900_create_filter_options_table', 1),
(13, '2020_08_29_054455_add_category_id_in_webinar_table', 1),
(14, '2020_09_01_174741_add_seo_description_and_start_end_time_in_webinar_table', 1),
(15, '2020_09_02_180508_create_webinar_filter_option_table', 1),
(16, '2020_09_02_193923_create_tickets_table', 1),
(17, '2020_09_02_210447_create_sessions_table', 1),
(18, '2020_09_02_212642_create_files_table', 1),
(19, '2020_09_03_175543_create_faqs_table', 1),
(20, '2020_09_08_175539_delete_webinar_tag_and_update_tag_table', 1),
(21, '2020_09_09_154522_create_quizzes_table', 1),
(22, '2020_09_09_174646_create_quizzes_questions_table', 1),
(23, '2020_09_09_182726_create_quizzes_questions_answers_table', 1),
(24, '2020_09_14_160028_create_prerequisites_table', 1),
(25, '2020_09_14_183235_nullable_item_id_in_quizzes_table', 1),
(26, '2020_09_14_190110_create_webinar_quizzes_table', 1),
(27, '2020_09_16_163835_create_quizzes_results_table', 1),
(28, '2020_09_24_102115_add_total_mark_in_quize_table', 1),
(29, '2020_09_24_132242_create_comment_table', 1),
(30, '2020_09_24_132639_create_favorites_table', 1),
(31, '2020_09_26_181200_create_certificate_table', 1),
(32, '2020_09_26_181444_create_certificates_templates_table', 1),
(33, '2020_09_30_170451_add_slug_in_webinars_table', 1),
(34, '2020_09_30_191202_create_purchases_table', 1),
(35, '2020_10_02_063828_create_rating_table', 1),
(36, '2020_10_02_094723_edit_table_and_add_foreign_key', 1),
(37, '2020_10_08_055408_add_reviwes_table', 1),
(38, '2020_10_08_084100_edit_status_comments_table', 1),
(39, '2020_10_08_121041_create_meetings_table', 2),
(40, '2020_10_08_121621_create_meeting_times_table', 2),
(41, '2020_10_08_121848_create_meeting_requests_table', 2),
(42, '2020_10_15_172913_add_about_and_head_line_in_users_table', 2),
(43, '2020_10_15_173645_create_follow_table', 2),
(46, '2020_10_17_100606_create_badges_table', 3),
(47, '2020_10_08_121848_create_reserve_meetings_table', 4),
(48, '2020_10_20_193013_update_users_table', 5),
(50, '2020_10_18_220323_convert_creatore_user_id_to_creator_id', 7),
(51, '2020_10_22_153502_create_cart_table', 7),
(52, '2020_10_22_154636_create_orders_table', 7),
(53, '2020_10_22_155930_create_order_items_table', 7),
(54, '2020_10_23_204203_create_sales_table', 7),
(55, '2020_10_23_211459_create_accounting_table', 7),
(56, '2020_10_23_213515_create_discounts_table', 7),
(57, '2020_10_23_213934_create_discount_users_table', 7),
(58, '2020_10_23_235444_create_ticket_users_table', 7),
(59, '2020_10_25_172331_create_groups_table', 7),
(60, '2020_10_25_172523_create_group_users_table', 7),
(62, '2020_11_02_202754_edit_email_in_users_table', 8),
(63, '2020_11_03_200314_edit_some_tables', 9),
(64, '2020_11_06_193300_create_settings_table', 10),
(67, '2020_11_09_202533_create_feature_webinars_table', 11),
(68, '2020_11_10_193459_edit_webinars_table', 12),
(69, '2020_11_11_203344_create_trend_categories_table', 13),
(72, '2020_11_11_222833_create_blog_categories_table', 14),
(75, '2020_11_11_231204_create_blog_table', 15),
(76, '2020_10_25_223247_add_sub_title_tickets_table', 16),
(77, '2020_10_28_001340_add_count_in_discount_users_table', 16),
(78, '2020_10_28_221509_create_payment_channels_table', 16),
(79, '2020_11_01_120909_change_class_name_enum_payment_channels_table', 16),
(80, '2020_11_07_233948_add_some_raw_in_order_items__table', 16),
(81, '2020_11_10_061350_add_discount_id_in_order_items_table', 16),
(82, '2020_11_10_071651_decimal_orders_order_items_sales_table', 16),
(83, '2020_11_11_193138_change_reference_id_type_in_orders_tabel', 16),
(84, '2020_11_11_222413_change_meeting_id_to_meeting_time_id_in_order_items_table', 16),
(85, '2020_11_11_225421_add_locked_at_and_reserved_at_and_change_request_time_to_day_in_reserve_meetings_table', 17),
(86, '2020_11_12_000116_add_type_in_orders_table', 17),
(87, '2020_11_12_001912_change_meeting_id_to_meeting_time_id_in_accounting_table', 17),
(88, '2020_11_12_133009_decimal_paid_amount_in_reserve_meetings_table', 17),
(91, '2020_11_12_170109_add_blog_id_to_comments_table', 18),
(98, '2020_11_14_201228_add_bio_and_ban_to_users_table', 20),
(99, '2020_11_14_224447_create_users_badges_table', 21),
(100, '2020_11_14_233319_create_payout_request_table', 22),
(101, '2020_11_15_010622_change_byer_id_and_add_seller_id_in_sales_table', 22),
(102, '2020_11_16_195009_create_supports_table', 22),
(103, '2020_11_16_201814_create_support_departments_table', 22),
(107, '2020_11_16_202254_create_supports_table', 23),
(109, '2020_11_17_192744_create_support_conversations_table', 24),
(110, '2020_11_17_072348_create_offline_payments_table', 25),
(111, '2020_11_19_191943_add_replied_status_to_comments_table', 25),
(114, '2020_11_20_215748_create_subscribes_table', 26),
(115, '2020_11_21_185519_create_notification_templates_table', 27),
(116, '2020_11_22_210832_create_promotions_table', 28),
(118, '2020_11_23_194153_add_status_column_to_discounts_table', 29),
(119, '2020_11_23_213532_create_users_occupations_table', 30),
(120, '2020_11_30_220855_change_amount_in_payouts_table', 31),
(121, '2020_11_30_231334_add_pay_date_in_offline_payments_table', 31),
(122, '2020_11_30_233018_add_charge_enum_in_type_in_orders_table', 31),
(123, '2020_12_01_193948_create_testimonials_table', 32),
(124, '2020_12_02_202043_edit_and_add_types_to_webinars_table', 33),
(128, '2020_12_04_204048_add_column_creator_id_to_some_tables', 34),
(129, '2020_12_05_205320_create_text_lessons_table', 35),
(130, '2020_12_05_210052_create_text_lessons_attachments_table', 36),
(131, '2020_12_06_215701_add_order_column_to_webinar_items_tables', 37),
(132, '2020_12_11_114844_add_column_storage_to_files_table', 38),
(133, '2020_12_07_211009_add_subscribe_id_in_order_items_table', 39),
(134, '2020_12_07_211657_nullable_payment_method_in_orders_table', 39),
(135, '2020_12_07_212306_add_subscribe_enum__type_in_orders_table', 39),
(136, '2020_12_07_223237_changes_in_sales_table', 39),
(137, '2020_12_07_224925_add_subscribe_id_in_accounting_table', 39),
(138, '2020_12_07_230200_create_subscribe_uses_table', 39),
(139, '2020_12_11_123209_add_subscribe_type_account_in_accounting_table', 39),
(140, '2020_12_11_132819_add_sale_id_in_subscribe_use_in_subscribe_uses_table', 39),
(141, '2020_12_11_135824_add_subscribe_payment_method_in_sales_table', 39),
(143, '2020_12_13_205751_create_advertising_banners_table', 41),
(145, '2020_12_14_204251_create_become_instructors_table', 42),
(146, '2020_11_12_232207_create_reports_table', 43),
(147, '2020_11_12_232207_create_comments_reports_table', 44),
(148, '2020_12_17_210822_create_webinar_reports_table', 45),
(150, '2020_12_18_181551_create_notifications_table', 46),
(151, '2020_12_18_195833_create_notifications_status_table', 47),
(152, '2020_12_19_195152_add_status_column_to_payment_channels_table', 48),
(154, '2020_12_20_231434_create_contacts_table', 49),
(155, '2020_12_21_210345_edit_quizzes_table', 50),
(156, '2020_12_24_221715_add_column_to_users_table', 50),
(157, '2020_12_24_084728_create_special_offers_table', 51),
(158, '2020_12_25_204545_add_promotion_enum_type_in_orders_table', 51),
(159, '2020_12_25_205139_add_promotion_id_in_order_items_table', 51),
(160, '2020_12_25_205811_add_promotion_id_in_accounting_table', 51),
(161, '2020_12_25_210341_add_promotion_id_in_sales_table', 51),
(162, '2020_12_25_212453_add_promotion_type_account_enum_in_accounting_table', 51),
(163, '2020_12_25_231005_add_promotion_type_enum_in_sales_table', 51),
(166, '2020_12_29_192943_add_column_reply_to_contacts_table', 53),
(167, '2020_12_30_225001_create_payu_transactions_table', 54),
(168, '2021_01_06_202649_edit_column_password_from_users_table', 55),
(169, '2021_01_08_134022_add_api_column_to_sessions_table', 56),
(170, '2021_01_10_215540_add_column_store_type_to_accounting', 57),
(173, '2021_01_13_214145_edit_carts_table', 58),
(174, '2021_01_13_230725_delete_column_type_from_orders_table', 59),
(175, '2021_01_20_214653_add_discount_column_to_reserve_meetings_table', 60),
(177, '2021_01_27_193915_add_foreign_key_to_support_conversations_table', 61),
(178, '2021_02_02_203821_add_viewed_at_column_to_comments_table', 62),
(180, '2021_02_12_134504_add_financial_approval_column_to_users_table', 64),
(181, '2021_02_12_131916_create_verifications_table', 65),
(182, '2021_02_15_221518_add_certificate_to_users_table', 66),
(183, '2021_02_16_194103_add_cloumn_private_to_webinars_table', 66),
(184, '2021_02_18_213601_edit_rates_column_webinar_reviews_table', 67),
(188, '2021_02_27_212131_create_noticeboards_table', 68),
(189, '2021_02_27_213940_create_noticeboards_status_table', 68),
(191, '2021_02_28_195025_edit_groups_table', 69),
(192, '2021_03_06_205221_create_newsletters_table', 70),
(193, '2021_03_12_105526_add_is_main_column_to_roles_table', 71),
(194, '2021_03_12_202441_add_description_column_to_feature_webinars_table', 72),
(195, '2021_03_18_130248_edit_status_column_from_supports_table', 73),
(196, '2021_03_19_113306_add_column_order_to_categories_table', 74),
(197, '2021_03_19_115939_add_column_order_to_filter_options_table', 75),
(199, '2021_03_24_100005_edit_discounts_table', 76),
(200, '2021_03_27_204551_create_sales_status_table', 77),
(202, '2021_03_28_182558_add_column_page_to_settings_table', 78),
(206, '2021_03_31_195835_add_new_status_in_reserve_meetings_table', 79),
(207, '2020_12_12_204705_create_course_learning_table', 80),
(208, '2021_04_19_195452_add_meta_description_column_to_blog_table', 81),
(209, '2021_04_21_200131_add_icon_column_to_categories_table', 82),
(210, '2021_04_21_203746_add_is_popular_column_to_subscribes_table', 83),
(211, '2021_04_25_203955_add_is_charge_account_column_to_order_items', 84),
(212, '2021_04_25_203955_add_is_charge_account_column_to_orders', 85),
(213, '2021_05_13_111720_add_moderator_secret_column_to_sessions_table', 86),
(214, '2021_05_13_123920_add_zoom_id_column_to_sessions_table', 87),
(215, '2021_05_14_182848_create_session_reminds_table', 88),
(217, '2021_05_25_193743_create_users_zoom_api_table', 89),
(218, '2021_05_25_205716_add_new_column_to_sessions_table', 90),
(219, '2021_05_27_095128_add_user_id_to_newsletters_table', 91),
(220, '2020_12_27_192459_create_pages_table', 92),
(221, '2021_07_03_222439_add_special_offer_id_to_cart_table', 93),
(222, '2021_09_02_101422_add_payment_data_to_orders_table', 94),
(223, '2021_09_02_110519_add_sender_id_to_notifications_table', 95),
(224, '2021_09_06_113524_create_webinar_chapters_table', 96),
(228, '2021_09_06_114459_add_chapter_id_to_files_table', 97),
(229, '2021_09_06_114532_add_chapter_id_to_text_lessons_table', 97),
(230, '2021_09_06_114547_add_chapter_id_to_sessions_table', 97),
(231, '2021_09_13_134659_add_chapter_id_to_quizzes_table', 98),
(234, '2021_09_14_122505_create_affiliates_table', 100),
(235, '2021_09_14_122117_create_affiliates_codes_table', 101),
(239, '2021_09_14_142927_add_affiliate_column_to_users_table', 105),
(241, '2021_09_14_142302_add_affiliate_column_to_accounting_table', 106),
(244, '2021_09_18_155914_create_blog_translations_table', 107),
(246, '2021_09_19_190400_create_page_translations_table', 108),
(248, '2021_09_19_203526_create_setting_translations_table', 109),
(250, '2021_09_20_140241_create_advertising_banners_translations_table', 110),
(252, '2021_09_20_175518_create_category_translations_table', 111),
(255, '2021_09_20_184724_create_filter_translations_table', 112),
(256, '2021_09_20_185132_create_filter_option_translations_table', 112),
(258, '2021_09_21_160650_create_subscribe_translations_table', 113),
(260, '2021_09_21_162922_create_promotion_translations_table', 114),
(262, '2021_09_21_164954_create_testimonial_translations_table', 115),
(264, '2021_09_21_182251_create_feature_webinar_translations_table', 116),
(266, '2021_09_21_184239_create_certificate_template_translations_table', 117),
(268, '2021_09_21_195731_create_support_department_translations_table', 118),
(270, '2021_09_21_201512_create_badge_translations_table', 119),
(272, '2021_09_22_120723_create_webinar_translations_table', 120),
(274, '2021_09_22_135518_create_ticket_translations_table', 121),
(276, '2021_09_22_144342_create_webinar_chapter_translations_table', 122),
(278, '2021_09_22_162502_create_session_translations_table', 123),
(280, '2021_09_22_172309_create_file_translations_table', 124),
(282, '2021_09_22_173500_create_faq_translations_table', 125),
(284, '2021_09_23_094903_create_text_lesson_translations_table', 126),
(286, '2021_09_27_194537_create_quiz_translations_table', 127),
(288, '2021_09_28_112529_create_quiz_question_translations_table', 128),
(290, '2021_09_28_122513_create_quizzes_questions_answer_translations_table', 129),
(291, '2021_12_03_103010_add_agora_session_api_to_sessions_table', 130),
(292, '2021_12_03_103558_add_agora_to_sessions_table', 131),
(293, '2021_12_03_114009_create_agora_history_table', 132),
(295, '2021_12_04_183524_create_regions_table', 133),
(298, '2021_12_25_151304_add_new_column_to_meetings_table', 135),
(299, '2021_12_26_142304_add_new_column_to_meeting_times_table', 136),
(302, '2022_01_01_162247_add_new_column_to_reserve_meetings_table', 137),
(305, '2022_01_02_142927_create_rewards_table', 138),
(307, '2022_01_03_153517_create_rewards_accounting_table', 139),
(308, '2022_01_04_161756_add_score_column_to_badges_table', 140),
(309, '2022_01_04_165147_add_points_column_to_webinars_table', 141),
(312, '2022_01_08_154504_edit_storage_column_and_add_new_value_to_files_table', 142),
(313, '2022_01_11_162839_add_timezone_column_to_users_table', 143),
(314, '2022_01_12_142238_add_timezone_column_to_webinars_table', 144),
(315, '2022_01_15_131828_create_registration_packages_table', 145),
(319, '2022_01_15_203133_edit_columns_in_accounting_table', 146),
(320, '2022_01_16_102825_edit_columns_in_order_items_table', 147),
(321, '2022_01_17_152605_add_registration_package_id_to_sales_table', 148),
(322, '2022_01_18_103414_create_users_registration_packages_table', 149),
(323, '2022_01_18_113331_create_groups_registration_packages_table', 150),
(325, '2022_01_20_110119_add_become_instructor_id_column_to_order_items_table', 152),
(326, '2022_01_18_160228_add_column_role_to_become_instructors_table', 153),
(327, '2022_01_26_080434_add_reserve_date_columns_to_reserve_meetings_table', 154),
(328, '2022_01_28_094259_edit_column_in_discounts_table', 155),
(329, '2022_01_28_094515_create_discount_courses_table', 155),
(330, '2022_01_28_094527_create_discount_groups_table', 155),
(331, '2022_01_31_093231_add_column_description_to_meeting_times_table', 156),
(332, '2022_01_31_093306_add_column_description_to_reserve_meetings_table', 156),
(334, '2022_02_01_092922_create_newsletters_history_table', 157),
(335, '2022_02_01_104529_create_discount_categories_table', 158),
(337, '2022_02_02_092820_add_attachment_column_to_offline_payments_table', 159),
(339, '2022_02_02_184235_add_column_video_demo_source_to_webinars_table', 160),
(340, '2021_12_05_193333_add_new_column_to_users_table', 161),
(341, '2022_02_27_072819_add_forign_key_for_region_to_users_table', 162),
(347, '2022_03_05_123830_create_product_categories_table', 163),
(348, '2022_03_05_125138_create_product_filters_table', 163),
(350, '2022_03_06_091528_create_product_filter_options_table', 163),
(351, '2022_03_07_081257_create_product_specifications_table', 164),
(353, '2022_03_07_081808_create_product_specification_categories_table', 165),
(357, '2022_03_05_125434_create_products_table', 166),
(358, '2022_03_07_093128_create_product_discounts_table', 166),
(362, '2022_03_08_101832_create_product_media_table', 167),
(363, '2022_03_09_054031_create_product_selected_filter_options_table', 168),
(364, '2022_03_09_083337_create_product_specification_meta_table', 169),
(369, '2022_03_09_084108_create_product_selected_specifications_table', 170),
(370, '2022_03_09_140558_create_product_faqs_table', 171),
(374, '2022_03_11_180436_create_product_reviews_table', 174),
(375, '2022_03_11_182715_add_product_id_to_comments_reports_table', 175),
(376, '2022_03_08_094452_create_product_files_table', 176),
(377, '2022_03_11_180746_add_product_id_to_comments_table', 177),
(378, '2022_03_12_102233_add_new_position_to_advertising_banners_table', 178),
(383, '2022_03_13_072108_add_product_id_to_sales_table', 179),
(385, '2022_03_13_081212_create_product_orders_table', 180),
(386, '2022_03_19_171559_create_product_selected_specification_translations_table', 181),
(387, '2022_03_21_161055_add_create_store_column_to_users_table', 182),
(388, '2022_03_26_065509_add_new_type_to_rewards_table', 183),
(389, '2022_03_28_051949_add_product_count_column_to_registration_packages_table', 184),
(391, '2022_03_28_054322_add_product_type_column_to_discounts_table', 185),
(392, '2022_03_28_062248_edit_type_column_of_rewards_accounting_table', 186),
(393, '2022_03_28_083906_edit_type_column_to_badges_table', 187),
(394, '2022_04_02_051515_create_webinar_chapter_items_table', 188),
(395, '2022_04_02_085059_remove_type_column_from_webinar_chapters_table', 189),
(396, '2022_04_02_131352_add_check_sequence_content_fields_to_contents_tables', 190),
(399, '2022_04_04_075541_add_assignment_type_to_webinar_chapter_items_table', 192),
(400, '2022_04_04_071203_create_webinar_assignments_table', 193),
(401, '2022_04_04_071303_create_webinar_assignment_attachments_table', 193),
(405, '2022_04_05_053308_create_webinar_assignment_history_table', 194),
(406, '2022_04_05_060030_create_webinar_assignment_history_messages_table', 194),
(407, '2022_04_06_121240_add_new_type_passed_assignment_to_rewards_table', 195),
(408, '2022_04_09_064609_add_access_content_column_to_users_table', 196),
(409, '2022_04_10_073822_create_bundles_table', 197),
(410, '2022_04_10_092348_create_bundle_filter_option_table', 198),
(413, '2022_04_10_130733_create_bundle_webinars_table', 200),
(421, '2022_04_10_093457_add_bundle_id_to_needle_tables', 201),
(422, '2022_04_12_153052_add_access_time_to_webinars_table', 202),
(423, '2022_04_13_053947_create_course_noticeboards_table', 203),
(424, '2022_04_13_054536_create_course_noticeboard_status_table', 203),
(425, '2022_04_13_130155_add_column_forum_to_webinars_table', 204),
(427, '2022_04_14_060606_create_course_forums_table', 205),
(428, '2022_04_14_063316_create_course_forum_answers_table', 206),
(447, '2022_04_21_133513_add_new_type_in_rewards_table', 216),
(448, '2022_04_21_135212_add_new_type_in_badges_table', 217),
(449, '2022_04_24_081637_add_new_type_instructor_blog_in_rewards_table', 218),
(450, '2022_04_24_082515_add_new_type_instructor_blog_in_badges_table', 219),
(452, '2022_04_25_043945_create_users_cookie_security_table', 220),
(453, '2022_04_25_143142_add_organization_price__column_to_webinars_table', 221),
(454, '2022_04_25_165256_add_image_and_video_to_quizzes_questions_table', 222),
(456, '2022_04_26_060018_edit_certificates_templates_table', 223),
(458, '2022_04_26_082017_edit_certificates_table', 224),
(459, '2022_04_26_155421_create_subscribe_reminds_table', 225),
(460, '2022_04_26_163428_add_instructor_id_to_noticeboards_table', 226),
(461, '2022_04_27_133655_add_unlimited_download_to_subscribes_table', 227),
(462, '2022_04_27_133655_add_infinite_use_to_subscribes_table', 228),
(463, '2022_04_27_140844_add_extra_time_to_join_to_sessions_table', 229),
(464, '2022_04_28_052318_create_webinar_extra_description_table', 230),
(466, '2022_05_09_125820_create_navbar_buttons_table', 232),
(467, '2021_06_07_000000_create_payku_transactions_table', 233),
(468, '2021_06_07_000001_create_payku_payments_table', 233),
(469, '2021_11_30_122831_create_jazzcash_transactions_table', 233),
(470, '2021_12_15_000000_add_new_columns_to_tables', 233),
(471, '2022_05_23_081324_create_product_specification_multi_values_table', 234),
(472, '2022_05_23_091527_create_product_selected_specification_multi_values_table', 235),
(475, '2022_05_23_151601_add_product_delivery_fee_column_to_sales_table', 236),
(476, '2022_04_18_103856_create_forums_table', 237),
(477, '2022_04_18_152201_create_forum_topics_table', 237),
(478, '2022_04_18_152845_create_forum_topic_attachments_table', 237),
(479, '2022_04_19_071911_create_forum_topic_posts_table', 237),
(480, '2022_04_19_123745_create_forum_topic_reports_table', 237),
(481, '2022_04_19_135314_create_forum_topic_bookmarks_table', 237),
(482, '2022_04_19_152929_create_forum_topic_likes_table', 237),
(483, '2022_04_20_152756_create_forum_featured_topics_table', 237),
(484, '2022_04_21_054043_create_forum_recommended_topics_table', 237),
(485, '2022_04_21_054815_create_forum_recommended_topic_items_table', 237),
(486, '2022_05_26_085212_change_some_column_varchar_to_text', 238),
(487, '2022_05_27_142612_add_avarat_settings_to_users_table', 239),
(489, '2022_05_01_151107_add_manual_added_column_to_sales_table', 240),
(490, '2022_05_29_162315_create_delete_account_requests_table', 241),
(491, '2020_10_20_211927_create_users_metas_table', 242),
(492, '2022_05_31_133347_add_certificate_column_to_webinars_table', 243),
(494, '2022_05_31_165839_add_online_viewer_column_to_files_table', 244),
(495, '2022_06_08_071712_create_home_sections_table', 245),
(496, '2022_10_14_074434_add_reserve_meeting_id_to_sessions_table', 246),
(497, '2022_12_25_082946_add_logged_count_column_to_users_table', 247),
(498, '2022_12_26_064214_add_new_column_to_quizzes_table', 247),
(499, '2022_12_27_064800_add_column_url_to_categories_table', 247),
(500, '2023_01_02_085731_create_upcoming_courses_table', 248),
(501, '2023_01_09_065436_create_installments_table', 249),
(502, '2023_01_14_144421_create_installment_orders_table', 250),
(503, '2023_01_18_064141_create_floating_bars_table', 251),
(504, '2023_01_18_145605_create_cashback_rules_table', 252),
(505, '2023_01_21_075422_add_column_to_accounting_table', 253),
(506, '2023_01_24_141128_create_currencies_table', 254),
(507, '2023_01_25_090622_add_currency_column_to_users', 254),
(508, '2023_01_25_104531_edit_price_column_tables', 254),
(509, '2023_01_25_145647_add_column_to_payment_channels_table', 254),
(510, '2023_01_29_074044_create_installment_reminders_table', 255),
(511, '2023_02_06_135446_add_new_columns_to_special_offers_table', 256),
(512, '2023_02_07_141617_create_discount_bundles_table', 257),
(513, '2023_02_07_152101_add_new_columns_to_users_zoom_api_table', 258),
(514, '2023_02_08_140023_create_home_page_statistics_table', 259),
(515, '2023_02_11_135759_add_enable_waitlist_column_to_webinars_table', 260),
(516, '2023_02_11_144743_create_waitlists_table', 261),
(518, '2023_02_13_134648_create_offline_banks_table', 262),
(520, '2023_02_14_144003_create_user_banks_table', 263),
(523, '2023_02_15_140227_create_test_table', 264),
(524, '2023_02_15_151458_add_new_storage_to_files_table', 265),
(528, '2023_02_20_141047_create_gifts_table', 266),
(529, '2023_02_27_065823_add_enable_registration_bonus_to_users_table', 267),
(530, '2023_03_05_075231_add_installment_order_id_to_accounting_table', 267),
(531, '2023_03_08_095345_edit_payouts_table', 268),
(532, '2023_03_10_143238_edit_column_in_quizzes_table', 269),
(533, '2023_03_12_110714_edit_column_in_order_items_table', 270),
(534, '2023_03_13_120634_edit_price_column_in_promotions_table', 271),
(535, '2023_03_13_135747_add_price_column_to_installment_orders_table', 271),
(536, '2023_05_02_150757_create_selected_installments_table', 272),
(537, '2023_06_09_072812_create_forms_table', 273),
(538, '2023_06_09_084907_create_form_fields_table', 273),
(539, '2023_06_11_123736_create_form_submissions_table', 273),
(540, '2023_06_13_115235_create_user_form_fields_table', 273),
(541, '2019_08_19_000000_create_failed_jobs_table', 274),
(542, '2019_12_14_000001_create_personal_access_tokens_table', 274),
(543, '2023_08_13_145531_create_ai_content_templates_table', 274),
(544, '2023_08_17_065609_create_ai_contents_table', 274),
(545, '2023_09_12_102852_add_ai_content_limitation_column_to_users_table', 275),
(546, '2023_09_12_103623_add_ai_content_access_column_to_registration_packages_table', 275),
(547, '2023_08_22_141556_add_sales_count_column_to_webinars_table', 276),
(548, '2023_08_27_144854_create_related_courses_table', 276),
(549, '2023_09_02_152318_create_purchase_notifications_table', 276),
(550, '2023_09_13_164842_create_course_personal_notes_table', 276),
(551, '2023_09_18_172303_create_content_delete_requests_table', 276),
(552, '2023_09_19_155014_create_user_logs_table', 276),
(553, '2023_09_23_141534_create_ip_restrictions_table', 276),
(554, '2023_09_25_142632_create_product_badges_table', 276),
(555, '2023_09_30_141640_create_cart_discounts_table', 276),
(556, '2023_10_01_144952_create_abandoned_cart_rules_table', 276),
(557, '2023_10_17_154000_edit_files_table', 276),
(558, '2023_10_18_160122_create_blog_category_translations_table', 276),
(559, '2023_10_19_151449_edit_sections_table', 276),
(560, '2023_11_21_135049_create_course_learning_last_view_table', 276),
(561, '2023_12_24_124451_edit_certificate_template_translations_table', 276),
(562, '2023_12_24_124532_edit_certificate_template_translations_table', 276),
(563, '2024_02_04_142556_create_abandoned_cart_rule_users_groups_table', 276),
(564, '2024_02_04_143742_create_abandoned_cart_rule_specification_items_table', 276),
(565, '2024_02_19_141912_create_abandoned_cart_rule_histories_table', 276),
(566, '2024_02_28_436872_add_credentials_column_to_payment_channels_table', 276),
(567, '2024_02_28_469813_remove_settings_column_from_payment_channels_table', 276),
(568, '2023_07_11_165937_create_user_firebase_sessions', 277),
(569, '2024_04_24_085747_add_new_column_to_course_learning_last_views_table', 277),
(570, '2024_05_06_141610_create_user_commissions_table', 277),
(571, '2024_05_06_142505_remove_commission_column_from_tables', 277),
(572, '2024_05_11_122847_add_new_source_for_video_demo', 277),
(573, '2024_05_19_131041_add_certificate_column_to_bundles_table', 277),
(574, '2024_05_19_133542_add_bundle_to_certificates_table', 277),
(577, '2025_04_21_124943_create_hero_sections_table', 278),
(578, '2025_04_25_202442_create_new_about_sections_table', 279),
(579, '2025_04_26_193454_create_booking_slots_table', 280),
(580, '2025_04_26_201605_create_bookings_table', 281),
(581, '2025_05_06_154213_create_accreditation_sections_table', 282),
(582, '2025_06_04_005403_create_group_operations_table', 283),
(583, '2025_06_04_235318_create_group_operation_students', 283),
(584, '2025_06_12_010106_create_packages_table', 284),
(585, '2025_06_13_234350_add_package_id_to_users_table', 284);

INSERT INTO `cschool`.`navbar_button_translations` (`id`, `navbar_button_id`, `locale`, `title`, `url`) VALUES 
(1, 1, 'en', 'Become instructor', '/become-instructor'),
(2, 1, 'ar', ' ', '/become-instructor'),
(3, 1, 'es', 'Convertirse en instructora', '/become-instructor'),
(4, 2, 'en', 'Admin panel', '/admin'),
(5, 3, 'en', 'Create a new course', '/panel/webinars/new'),
(6, 3, 'es', 'Crear un nuevo curso', '/panel/webinars/new'),
(7, 3, 'ar', '  ', '/panel/webinars/new'),
(8, 4, 'en', 'Create a new course', '/panel/webinars/new'),
(9, 4, 'es', 'Crear un nuevo curso', '/panel/webinars/new'),
(10, 4, 'ar', '  ', '/panel/webinars/new'),
(11, 6, 'en', 'Start learning', '/login');

INSERT INTO `cschool`.`navbar_buttons` (`id`, `role_id`, `for_guest`) VALUES 
(1, 1, 0),
(2, 2, 0),
(3, 4, 0),
(4, 3, 0),
(6, NULL, 1);

INSERT INTO `cschool`.`new_about_sections` (`id`, `sm_title`, `big_title`, `description`, `image`, `overview_icon`, `overview_number`, `overview_text`, `btn_text`, `btn_link`, `feature_cards`, `created_at`, `updated_at`) VALUES (1, 'Know About Us', 'Why Choose Us?', 'We offer your child the opportunity to build real-world coding
skills and work on hands-on tech projects  all designed to
prepare them for a future as a confident, professional
programmer.', '/assets/Landing_1/assets/images/about/about-2/about-img.png', '/assets/Landing_1/assets/images/about/about-1/user.svg', '2k+', 'Full Time Student', 'Book Now', '/about-us', '"\\"[\\\\r\\\\n  {\\\\r\\\\n    \\\\\\"icon\\\\\\": \\\\\\"\\\\/assets\\\\/Landing_1\\\\/assets\\\\/images\\\\/new\\\\/new_20_4_2025\\\\/why_1.png\\\\\\",\\\\r\\\\n    \\\\\\"title\\\\\\": \\\\\\"Certified Curriculum\\\\\\",\\\\r\\\\n    \\\\\\"description\\\\\\": \\\\\\"Accredited learning paths designed by experts from MIT and Google.\\\\\\"\\\\r\\\\n  },\\\\r\\\\n  {\\\\r\\\\n    \\\\\\"icon\\\\\\": \\\\\\"\\\\/assets\\\\/Landing_1\\\\/assets\\\\/images\\\\/new\\\\/new_20_4_2025\\\\/why_2.png\\\\\\",\\\\r\\\\n    \\\\\\"title\\\\\\": \\\\\\"Live, Interactive Online Classes\\\\\\",\\\\r\\\\n    \\\\\\"description\\\\\\": \\\\\\"Choose between private 1-on-1 sessions or group classes tailored to your child\\\\u2019s learning style.\\\\\\"\\\\r\\\\n  },\\\\r\\\\n  {\\\\r\\\\n    \\\\\\"icon\\\\\\": \\\\\\"\\\\/assets\\\\/Landing_1\\\\/assets\\\\/images\\\\/new\\\\/new_20_4_2025\\\\/why_3.png\\\\\\",\\\\r\\\\n    \\\\\\"title\\\\\\": \\\\\\"Fun & Simplified Learning\\\\\\",\\\\r\\\\n    \\\\\\"description\\\\\\": \\\\\\"We teach high-demand tech skills in a simple, engaging way, making coding fun and easy to understand.\\\\\\"\\\\r\\\\n  },\\\\r\\\\n  {\\\\r\\\\n    \\\\\\"icon\\\\\\": \\\\\\"\\\\/assets\\\\/Landing_1\\\\/assets\\\\/images\\\\/new\\\\/new_20_4_2025\\\\/why_4.png\\\\\\",\\\\r\\\\n    \\\\\\"title\\\\\\": \\\\\\"Top Expert Instructors\\\\\\",\\\\r\\\\n    \\\\\\"description\\\\\\": \\\\\\"Your child will be guided by experienced engineers who teach in both Arabic and English.\\\\\\"\\\\r\\\\n  },\\\\r\\\\n  {\\\\r\\\\n    \\\\\\"icon\\\\\\": \\\\\\"\\\\/assets\\\\/Landing_1\\\\/assets\\\\/images\\\\/new\\\\/new_20_4_2025\\\\/why_5.png\\\\\\",\\\\r\\\\n    \\\\\\"title\\\\\\": \\\\\\"Clear Career Pathway\\\\\\",\\\\r\\\\n    \\\\\\"description\\\\\\": \\\\\\"A step-by-step roadmap that helps your child build a solid tech career foundation.\\\\\\"\\\\r\\\\n  },\\\\r\\\\n  {\\\\r\\\\n    \\\\\\"icon\\\\\\": \\\\\\"\\\\/assets\\\\/Landing_1\\\\/assets\\\\/images\\\\/new\\\\/new_20_4_2025\\\\/why_6.png\\\\\\",\\\\r\\\\n    \\\\\\"title\\\\\\": \\\\\\"Ongoing Support After Class\\\\\\",\\\\r\\\\n    \\\\\\"description\\\\\\": \\\\\\"We offer continuous mentoring and follow-ups to help them grow confidently.\\\\\\"\\\\r\\\\n  }\\\\r\\\\n]\\""', '2025-04-25 22:40:34', '2025-05-06 15:22:58');

INSERT INTO `cschool`.`newsletters` (`id`, `user_id`, `email`, `created_at`) VALUES 
(8, 995, 'cameronschofield@gmail.com', 1625090411),
(9, 1017, 'a.pmelaa@gmail.com', 1646389129),
(10, 996, 'robert2002@gmail.com', 1646414262),
(11, NULL, 'hello@wpzone.co', 1727660155),
(12, NULL, 'coryajenkins@gmail.com', 1727725725),
(13, NULL, 'cory@wpzone.co', 1728165899),
(14, NULL, 'davcommdigital@gmail.com', 1728232775),
(15, NULL, 'lbdivad@gmail.com', 1729351572),
(16, 996, 'omar@gmail.com', 1729413302),
(17, NULL, 'dqogiusvtahan@yahoo.com', 1730466613),
(18, NULL, 'avamayvb1991@gmail.com', 1730954621),
(19, NULL, 'xqgeimdvltgaoeci@yahoo.com', 1731065151),
(20, NULL, 'luellaae6072@gmail.com', 1731337352),
(21, NULL, 'lpcytrdfnfkd@yahoo.com', 1731403596),
(22, NULL, 'shadowtimerr@yahoo.com', 1731640086),
(23, NULL, 'gklifford7290@gmail.com', 1731901498),
(24, NULL, 'kmmtthdfycv@yahoo.com', 1732077246),
(25, NULL, 'hhav2q64n5vpls5@yahoo.com', 1732350322),
(26, NULL, 'valeelleri43@gmail.com', 1732676667),
(27, NULL, 'krw9ey8xspm4oqr@yahoo.com', 1732831739),
(28, NULL, 'yejxvtvdixi@yahoo.com', 1732900505),
(29, NULL, 'kendmayhp@gmail.com', 1733157028),
(30, NULL, 'wihhansa@yahoo.com', 1733221605),
(31, NULL, 'saildac@yahoo.com', 1733285293),
(32, NULL, 'rasshunt43@gmail.com', 1733343574),
(33, NULL, 'eileaaarjsub@do-not-respond.me', 1733388355),
(34, NULL, 'fqstdjxvhfxffgpiv@yahoo.com', 1733409096),
(35, NULL, 'fisterajora@yahoo.com', 1733481852),
(36, NULL, 'jymjjdmglaegh@yahoo.com', 1733549836),
(37, NULL, 'aizenithumbra@gmail.com', 1733614179),
(38, NULL, 'aziyayang2005@gmail.com', 1733944385),
(39, NULL, 'hunteraezelverdoh2005@gmail.com', 1734045250),
(40, NULL, 'd6hevvaeir9s9sdyj@yahoo.com', 1734137293),
(41, NULL, 'fcgjcnarvlhcs@yahoo.com', 1734209549),
(42, NULL, 'ihncnppaofxpxwt@yahoo.com', 1734280037),
(43, NULL, 'bzbmailarsub@do-not-respond.me', 1734305307),
(44, NULL, 'g8xnmqawrrukkkyx@yahoo.com', 1734369302),
(45, NULL, 'uyowofoligov32@gmail.com', 1734577163),
(46, NULL, 'davaxawaw14@gmail.com', 1734744908),
(47, NULL, 'almansbergerdan@yahoo.com', 1734879244),
(48, NULL, 'epd1qwvabny9et1i7@yahoo.com', 1735116418),
(49, NULL, 'tinakoud@yahoo.com', 1735271392),
(50, NULL, 'sqgladllqwepn@yahoo.com', 1735354889),
(51, NULL, 'qaxokokajo636@gmail.com', 1735511735),
(52, NULL, 'tafisexiku160@gmail.com', 1735589213),
(53, NULL, 'perepelkincalvet@yahoo.com', 1735851760),
(54, NULL, 'xoyigigimo440@gmail.com', 1736013715),
(55, NULL, 'pachemaiztegui@yahoo.com', 1736218386),
(56, NULL, 'ojugomulan160@gmail.com', 1736572701),
(57, NULL, 'vxnkmaoyelgjnmxo@yahoo.com', 1736753490),
(58, NULL, 'vvncudqrakdvs@yahoo.com', 1736884109),
(59, NULL, 'whisper99glyph@gmail.com', 1737016673),
(60, NULL, 'kdmobmpyyidedkfr@yahoo.com', 1737122006),
(61, NULL, 'glossersoroogh@yahoo.com', 1737221399),
(62, NULL, 'Rennie5Mclaughlin0041@gmail.com', 1737626719),
(63, NULL, 'Juan0Baldwin6630@gmail.com', 1737767082),
(64, NULL, 'Jeannie6Brock6383@gmail.com', 1737916009),
(65, NULL, 'Chad7Martin3747@gmail.com', 1738255305),
(66, NULL, 'tkxkwwreyc@yahoo.com', 1738378548),
(67, NULL, 'krsbiefelt@yahoo.com', 1738538103),
(68, NULL, 'lunariesylvan61@gmail.com', 1738719688),
(69, NULL, 'borealaizeal64oi@gmail.com', 1738890146),
(70, NULL, 'rtbshfcfc@yahoo.com', 1739006828),
(71, NULL, 'derenkowsaluk@yahoo.com', 1739150916),
(72, NULL, 'marlonsmallaa45@gmail.com', 1739753534),
(73, NULL, 'sdunnu25@gmail.com', 1739848255),
(74, NULL, 'litaespiny4@gmail.com', 1739957298),
(75, NULL, 'larmerzbmub@dont-reply.me', 1739980561),
(76, NULL, 'stellarey49iris19@gmail.com', 1740049020),
(77, NULL, 'omalugopoj805@gmail.com', 1740131130),
(78, NULL, 'mendezcruzcuster@yahoo.com', 1740197537),
(79, NULL, 'tdxxbeebnjtxipt@yahoo.com', 1740352806),
(80, NULL, 'wgvetqwbesdcyn@yahoo.com', 1740423434),
(81, NULL, 'ltadeviegr@yahoo.com', 1740584202),
(82, NULL, 'pgeilmb6@gmail.com', 1740666240),
(83, NULL, 'valdezdidin@gmail.com', 1740749722),
(84, NULL, 'nwdyuqpv@do-not-respond.me', 1740849611),
(85, NULL, 'yzsemqci@do-not-respond.me', 1740849612),
(86, NULL, 'djeinssassa@gmail.com', 1740936845),
(87, NULL, 'abarrontl@gmail.com', 1741087806),
(88, NULL, 'vidconned42@gmail.com', 1741176163),
(89, NULL, 'vajaaqaqkeicykmh@yahoo.com', 1741297528),
(90, NULL, 'asparksr47@gmail.com', 1741399054),
(91, NULL, 'jacksonmontaguhe@gmail.com', 1741463165),
(92, NULL, 'reimondperkinspb@gmail.com', 1741546889),
(93, NULL, 'alisandrd25@gmail.com', 1741713754),
(94, NULL, 'karamianfredrikson@yahoo.com', 1741859948),
(95, NULL, 'mmasseyq19@gmail.com', 1741947916),
(96, NULL, 'richardshanacc4@gmail.com', 1742022817),
(97, NULL, 'myers.andrea472259@yahoo.com', 1742096245),
(98, NULL, 'jlnkmccx@do-not-respond.me', 1742107418),
(99, NULL, 'lqygtsys@do-not-respond.me', 1742107418),
(100, NULL, 'kcalderonzm@gmail.com', 1742151969),
(101, NULL, 'cooelisv3@gmail.com', 1742237104),
(102, NULL, 'turcios.jasent49813@yahoo.com', 1742457818),
(103, NULL, 'mcharlesww7@gmail.com', 1742566512),
(104, NULL, 'aprilpratt956985@yahoo.com', 1742793993),
(105, NULL, 'bmhhwcwl@formtest.guru', 1743228433),
(106, NULL, 'jfiumrpb@testing-your-form.info', 1743279976),
(107, NULL, 'neatpbag@testing-your-form.info', 1743279976),
(108, NULL, 'taylor.rachel405944@yahoo.com', 1743316030),
(109, NULL, 'richardskassiyasf40@gmail.com', 1743438928),
(110, NULL, 'dyereloyizap2004@gmail.com', 1743480136),
(111, NULL, 'dorapalmerb8@gmail.com', 1743649481),
(112, NULL, 'king.michael935545@yahoo.com', 1743690224),
(113, NULL, 'mirandakazandra50@gmail.com', 1743694126),
(114, NULL, 'kellesidnef43@gmail.com', 1743868245),
(115, NULL, 'bartolomeikochjw2006@gmail.com', 1744042572),
(116, NULL, 'kinebealdg78@gmail.com', 1744174014),
(117, NULL, 'aguilakolbh1990@gmail.com', 1744175231);

INSERT INTO `cschool`.`newsletters_history` (`id`, `title`, `description`, `send_method`, `bcc_email`, `email_count`, `created_at`) VALUES 
(1, 'Black Friday OFF', '<p>Hello,</p><p>Be sure to check our Black Friday discounts.</p><p>Regards.</p>', 'send_to_all', NULL, 2, 1646389249),
(2, 'New Email', '<p>Welcom</p>', 'send_to_bcc', 'Bcc@gmil.com', 7, 1729335818);

INSERT INTO `cschool`.`noticeboards` (`id`, `organ_id`, `instructor_id`, `webinar_id`, `user_id`, `type`, `sender`, `title`, `message`, `created_at`) VALUES 
(10, NULL, NULL, NULL, NULL, 'all', 'Staff', 'Top summer classes', '<p>You can find top summer courses on the platform homepage and get all of them with 50% discount by using "mysummer" discount coupon.</p>', 1625921717),
(11, NULL, NULL, NULL, NULL, 'instructors', 'Staff', 'Instructor terms of services changed', '<p>Instructors terms of services changed on July 17. You can read terms on the terms page.</p>', 1625921872),
(12, NULL, NULL, NULL, NULL, 'all', 'Staff', 'New Year Sales Festival', '<p>Due to the New Year Festival, users who buy more than $ 200 will be given a 20% discount code.</p>', 1626132374),
(13, 867, NULL, NULL, NULL, 'students_and_instructors', 'Light Moon', 'New Class Published', '"Effective Time Management" Live Class <font color="#6ba54a" style="">Published</font>, for getting the final certificate it is necessary to Enroll in this class.', 1626165028),
(14, 867, NULL, NULL, NULL, 'students_and_instructors', 'Light Moon', 'New Private Course Published', '<p>Dear students and instructors. Travel Management Course published privately for you. please enroll on this course<br></p>', 1626235132);

INSERT INTO `cschool`.`noticeboards_status` (`id`, `user_id`, `noticeboard_id`, `seen_at`) VALUES 
(5, 995, 13, 1626165137),
(6, 1015, 13, 1626165555),
(7, 1015, 11, 1626204347);

INSERT INTO `cschool`.`notification_templates` (`id`, `title`, `template`) VALUES 
(2, 'New badge awarded', '<p>You received [u.b.title]&nbsp;badge</p>'),
(3, 'User group change', '<p>Your user group changed to [u.g.title]</p>'),
(4, 'Course created', '<p>You created a new course&nbsp;with title [c.title]</p>'),
(5, 'Course approve', '<p>Your course with title [c.title] approved</p>'),
(6, 'Course rejection', '<p>Your course with title [c.title] rejected</p>'),
(7, 'New comment', '<p>[u.name] left a new comment for [c.title] course</p>'),
(8, 'New support message', '<p>[u.name] sent a new support message for [c.title]&nbsp;course</p>'),
(9, 'Support message replied', '<p>New reply in [c.title] course support message&nbsp;</p>'),
(10, 'New support for admin', '<p>New support ticket received with title [s.t.title]</p>'),
(11, 'Support ticket replied for admin', '<p>New reply in support ticket with title&nbsp;[s.t.title]</p>'),
(12, 'New financial document', '<p>&nbsp;New financial document submitted for [c.title] with type [f.d.type] with amount [amount]</p>'),
(13, 'Payout request', '<p>New payout request submitted with amount [payout.amount]</p>'),
(14, 'Payout processed', 'Your payout request with amount [payout.amount]&nbsp;&nbsp;proceed to [payout.account]'),
(15, 'New sales', '<p>Congratulations! New sale for [c.title]</p>'),
(16, 'New purchase', '<p>Congratulations! New purchase for [c.title]</p>'),
(17, 'Rating (Feedback)', '<p>New [rate.count] star feedback submitted for [c.title] by [student.name]</p>'),
(18, 'Offline payment request', '<p>The offline payment request with the amount [amount] submitted. It is under review and you will get informed by email.</p>'),
(19, 'Offline payment approved', '<p>Offline payment request with amount [amount]&nbsp;approved</p>'),
(20, 'Offline payment rejected', '<p>Offline payment request with amount [amount]&nbsp;rejected</p>'),
(21, 'New subscription plan', '<p>[s.p.name] subscription plan activated by [u.name]</p>'),
(22, 'New meeting', '<p>New meeting booked by [u.name] for [time.date] at [amount]</p>'),
(23, 'New meeting link', '<p>[instructor.name] defined the meeting link and you can join the meeting on [time.date] using the following link: [link]</p>'),
(24, 'Meeting reminder', '<p>You have a meeting on [time.date] please remember to join it on time.</p>'),
(25, 'Meeting finished', '<p>Your meeting finished with the following information</p><p>Instructor: [instructor.name]</p><p>Student: [student.name]</p><p>Meeting time: [time.date]</p>'),
(26, 'New contact message', '<p>New contact message received from [u.name] with title [c.u.title]</p><p><br></p>'),
(27, 'Live class reminder', '<p>Your live class session of the [c.title] will be conducted on [time.date]&nbsp;</p>'),
(28, 'Promotion plan', '<p>[p.p.name] promotion plan activated for [c.title] course</p>'),
(29, 'Promotion plan for admin', '<p>[p.p.name] promotion plan request submitted for [c.title]</p>'),
(30, 'Certificate achieved', '<p>You achieved a certificate for [c.title] course</p>'),
(31, 'Waiting quiz (Instructor)', '<p>[student.name] is waiting for [q.title] quiz result of the [c.title] course. Please review the quiz and submit the grade.</p>'),
(32, 'Waiting quiz result', '<p>Your [q.title] quiz of the [c.title] course rated by the instructor, and your quiz status is [q.result]</p>'),
(33, 'Product new sale', '<p>New sale for [p.title] product</p>'),
(34, 'Product new purchase', '<p>New purchase for [p.title] product</p>'),
(35, 'Product new comment', '<p>[u.name] left a new comment for [p.title] product</p>'),
(36, 'Product tracking code', '<p>[u.name] submitted tracking code for [p.title]</p>'),
(37, 'Product rating (Feedback)', '<p>[u.name] submitted a new [rate.count] stars rating for [p.title] product</p>'),
(38, 'Product received', '<p>[u.name] received [p.title] product.</p>'),
(39, 'Product out of stock', '<p>Your product [p.title] is out of stock</p>'),
(40, 'Assignment submission (Instructor)', '<p>[student.name] submitted an assignment for [c.title] course</p>'),
(41, 'Instructor message in assignment', '<p>[instructor.name] sent a message for [c.title] assignment</p>'),
(42, 'Assignment grade', '<p>Your assignment of [c.title] rated by [instructor.name] . Your grade is [assignment_grade]</p>'),
(43, 'User access to content', '<p>Your access to content is enabled.</p>'),
(44, 'Send post in topic', '<p>[u.name] sent a post in your topic with title [topic_title]&nbsp;</p>'),
(45, 'Blog post published (Instructor)', '<p>Your blog post with title [blog_title] published.</p>'),
(46, 'New comment for blog post (Instructor)', '<p>[u.name] leaft a new comment for your blog with title [blog_title]</p>'),
(47, 'Meeting reminder', '<p>You have a meeting on [time.date] with [instructor.name]</p>'),
(48, 'Subscription expiry reminder', '<p>Your subscription expires on [time.date]&nbsp;</p>'),
(49, 'Course forum new question', '<p>[u.name] registered a question in the [c.title]&nbsp;course forum.</p>'),
(50, 'New answer in course forum', '<p>[u.name] submitted an answer in the [c.title]&nbsp;course forum.</p>'),
(52, 'You received a gift', '<p>[u.name]&nbsp;sent you [gift_title] which is a [gift_type]&nbsp;as a gift with the following message: [gift_message]</p>'),
(53, 'Gift submitted successfully', '<p>Your gift request for [u.name]&nbsp;submitted successfully on [time.date]&nbsp;and the [gift_title] which is a [gift_type]&nbsp;at [amount]&nbsp;will be sent to the recipient on [time.date.2]&nbsp;with the following message: [gift_message]</p>'),
(54, 'Gift sent to recipient', '<p>We sent the gift request that you submitted on [time.date]&nbsp;for [u.name]. We sent [gift_title]&nbsp;which is a [gift_type]&nbsp;to the recipient with the following message on [time.date] . [gift_message]</p>'),
(55, 'Gift request submitted (Admin)', '<p>[u.name.2] submitted a gift request for [gift_title]&nbsp;which is a [gift_type]&nbsp;for [u.name]&nbsp;on [time.date]&nbsp;at [amount]&nbsp;and it will be sent to the recipient on [time.date.2]</p>'),
(56, 'Gift sent to recipient (Admin)', '<p>The system sent a [gift_title]&nbsp;which is a [gift_type]&nbsp;to [u.name]&nbsp;on [time.date.2]&nbsp;successfully. [u.name.2]&nbsp;submitted this request on [time.date]&nbsp;at [amount].</p>'),
(57, 'You have an upcoming installment', '<p>You have an installment for [installment_title] at [amount]&nbsp;on due date [time.date]</p>'),
(58, 'You have an unpaid installment', '<p>You have an installment for [installment_title]&nbsp;at [amount]&nbsp;for today. Please pay it as soon as possible.</p>'),
(59, 'You have an overdue installment', '<p>You have an overdue installment for [installment_title]&nbsp;at [amount]&nbsp;on due date [time.date].</p>'),
(60, 'Installment verification request approved', '<p>Your verification request for [installment_title]&nbsp;approved.</p>'),
(61, 'Installment verification request rejected', '<p>Your verification request for [installment_title]&nbsp;rejected.</p>'),
(62, 'Installment paid successfully', '<p>You paid [amount]&nbsp;for [installment_title]&nbsp;with due date [time.date]&nbsp;successfully.</p>'),
(63, 'Installment paid successfully (Admin)', '<p>[u.name] paid [amount]&nbsp;for [installment_title]&nbsp;with the due date [time.date]&nbsp;successfully.</p>'),
(64, 'Installment upfront amount paid', '<p>You paid [amount] as upfront for&nbsp;[installment_title].</p>'),
(65, 'Installment verification request submitted', '<p>We received your verification request for [installment_title]&nbsp;on [time.date]&nbsp;and the result will be informed to you soon.</p>'),
(66, 'Installment verification request submitted (Admin)', '<p>[u.name] submitted a verification request for [installment_title]&nbsp;on [time.date].</p>'),
(67, 'Installment request submitted', '<p>Your installment for [installment_title]&nbsp;at [amount]&nbsp;submitted successfully.</p>'),
(68, 'Installment request submitted (Admin)', '<p>[u.name] submitted an installment request for [installment_title]&nbsp;at [amount].</p>'),
(69, 'New upcoming course submitted', '<p>Your upcoming course [item_title]&nbsp;submitted successfully.</p>'),
(70, 'New upcoming course submitted (Admin)', '<p>[u.name] submitted an upcoming course with title [item_title].</p>'),
(71, 'Upcoming course approved', '<p>Your upcoming course [item_title]&nbsp;approved.</p>'),
(72, 'Upcoming course rejected', '<p>Your upcoming course [item_title] rejected.</p>'),
(73, 'Your upcoming course published', '<p>Your upcoming course [item_title]&nbsp;published.</p>'),
(74, 'Your upcoming course followed', '<p>[u.name] followed your upcoming course [item_title]</p>'),
(75, 'Upcoming course published and is accessible', '<p>The upcoming course [item_title] published now and you can check it.</p>'),
(76, 'You got cashback!', '<p>You got [amount]&nbsp;as cashback and this amount added to your account.</p>'),
(77, 'User got cashback (Admin)', '<p>[u.name] got [amount] as cashback and this amount charged to their account.</p>'),
(78, 'Bundle submitted successfully', '<p>Your bundle with the title [item_title]&nbsp;submitted successfully.</p>'),
(79, 'Bundle submitted (Admin)', '<p>[u.name] submitted a bundle with the title [item_title].</p>'),
(80, 'Bundle published successfully', '<p>Your bundle with title [item_title]&nbsp;published successfully.</p>'),
(81, 'Bundle rejected', '<p>Your bundle with title [item_title]&nbsp;rejected.</p>'),
(82, 'New review for your bundle', '<p>[u.name] submitted a [rate.count] star rating for your bundle [item_title].</p>'),
(83, 'You got registration bonus', '<p>You got [amount]&nbsp;as registration bonus.</p>'),
(84, 'Registration bonus unlocked', '<p>Your registration bonus [amount]&nbsp;unlocked. Happy with spending...</p>'),
(85, 'Registration bonus unlocked (Admin)', '<p>The registration bonus [amount] unlocked for [u.name].</p>'),
(86, 'SaaS package activated successfully', '<p>[item_title] activated for you until [time.date].</p>'),
(87, 'SaaS package activated (Admin)', '<p>[u.name] activated [item_title]&nbsp;registration plan until [time.date].</p>'),
(88, 'Your contact message submitted', '<p>We received your contact message with the subject [c.u.title]&nbsp;on [time.date].</p>'),
(89, 'New contact message received', '<p>New contact message received from [u.name] with subject [c.u.title] with message [c.u.message]</p>'),
(90, 'You submitted to waitlist', '<p>You submitted to [c.title]&nbsp;waitlist.</p>'),
(91, 'User submitted in waitlist', '<p>[u.name] submitted to [c.title]&nbsp;waitlist.</p>'),
(92, 'New user registered with your affiliate code', '<p>[u.name] registered with your affiliate code on [time.date].</p>'),
(93, 'New quiz added to course', '<p>New quiz with the title [q.title]&nbsp;added to the course [c.title].</p>'),
(94, 'New reward point', '<p>You collected [points]&nbsp;for [item_title]&nbsp;on [time.date]</p>'),
(95, 'New notice', '<p>You got a new notice with title [c.title]&nbsp;on [time.date]</p>'),
(96, 'New course notice', '<p>You got a new course notice for [c.title]&nbsp;with title [item_title]</p>'),
(97, 'Your user role changed', '<p>Your user role changed to [u.role]</p>'),
(98, 'New user group', '<p>You added to [u.g.title] user group.</p>'),
(99, 'Become instructor/organization request approved', '<p>Your become instructor/organization request is approved.</p>'),
(100, 'Become instructor/organization request rejected', '<p>Your instructor/organization request rejected</p>'),
(101, 'New question in course forum', '<p>[u.name] posted a new question in [c.title] forum.</p>'),
(102, 'New answer in course forum', '<p>[u.name] posted a new answer in [c.title] forum.</p>'),
(103, 'Live meeting created', '<p>[instructor.name] started a new live meeting. Please login to your account and join it now...</p>'),
(104, 'New user registered', '<p>[u.name] registered on the platform on [time.date]&nbsp;as [u.role]</p>'),
(105, 'New instructor/organization request', '<p>[u.name] submitted a user role change request on [time.date]</p>'),
(106, 'New course enrollment', '<p>[u.name] enrolled in [c.title]&nbsp;on [time.date]&nbsp;at [amount]</p>'),
(107, 'New forum topic', '<p>[u.name] created a new topic with title [topic_title]&nbsp;in [forum_title]&nbsp;forum.</p>'),
(108, 'New report', '<p>[u.name] reported a content for revising.</p>'),
(109, 'New item created', '<p>[u.name] created a new item with title [item_title]</p>'),
(110, 'New store order', '<p>New store order received from [u.name]&nbsp;at [amount]</p>'),
(111, 'Subscription plan activated', '<p>[u.name] purchased [s.p.name]&nbsp;at [amount]</p>'),
(112, 'Content review request', '<p>[u.name] sent a review request for [item_title]</p>'),
(113, 'New user blog post', '<p>[u.name] submitted a blog article with title [blog_title]</p>'),
(114, 'New item review (Rating)', '<p>[u.name] submitted a new rate for [item_title]</p>'),
(115, 'New organization user', '<p>[organization.name] submitted [u.name]&nbsp;as new [u.role]</p>'),
(116, 'User wallet charge', '<p>[u.name] charged their wallet for [amount]</p>'),
(117, 'New payout request', '<p>[u.name] submitted a new payout request at [amount]</p>'),
(118, 'New offline payment request', '<p>[u.name] submitted a new offline payment request at [amount]</p>'),
(119, 'Content access approval', '<p>Your content access request approved. You can access all courses now...</p>'),
(120, 'Form submission by user', '<p>[u.name] submitted form [form_title]</p>'),
(121, 'Cart reminder', '<div>We''re excited to invite you to complete your purchase with us! Enjoy exclusive benefits and offers by finalizing your order now.</div>'),
(122, 'Complete your purchase today with discount!', '<div>Here''s an exclusive [discount_amount] discount coupon to encourage you to finalize your purchase with us. Discount Code : [discount_code]</div>');

INSERT INTO `cschool`.`notifications` (`id`, `user_id`, `sender_id`, `group_id`, `webinar_id`, `title`, `message`, `sender`, `type`, `created_at`) VALUES 
(1263, 1016, NULL, NULL, NULL, 'Course created', '<p>you create new course&nbsp;with Title Become a Product Manager</p>', 'system', 'single', 1624870230),
(1264, 1016, NULL, NULL, NULL, 'Course created', '<p>you create new course&nbsp;with Title Become a Product Manager</p>', 'system', 'single', 1624872525),
(1265, 1016, NULL, NULL, NULL, 'Course approve', '<p>your course with title Become a Product Manager approved</p>', 'system', 'single', 1624904613),
(1266, 1016, NULL, NULL, NULL, 'Course created', '<p>you create new course&nbsp;with Title Become a Product Manager</p>', 'system', 'single', 1624907184),
(1267, 1016, NULL, NULL, NULL, 'Course approve', '<p>your course with title Become a Product Manager approved</p>', 'system', 'single', 1624907798),
(1268, 1016, NULL, NULL, NULL, 'Course created', '<p>you create new course&nbsp;with Title Become a Product Manager</p>', 'system', 'single', 1624908934),
(1269, 1016, NULL, NULL, NULL, 'Course approve', '<p>your course with title Become a Product Manager approved</p>', 'system', 'single', 1624908947),
(1270, 1016, NULL, NULL, NULL, 'Course created', '<p>you create new course&nbsp;with Title Become a Product Manager</p>', 'system', 'single', 1624911781),
(1271, 1016, NULL, NULL, NULL, 'Course approve', '<p>your course with title Become a Product Manager approved</p>', 'system', 'single', 1624911801),
(1272, 1016, NULL, NULL, NULL, 'Course approve', '<p>your course with title Become a Product Manager approved</p>', 'system', 'single', 1624942128),
(1273, 1016, NULL, NULL, NULL, 'Course created', '<p>you create new course&nbsp;with Title Become a Product Manager</p>', 'system', 'single', 1624942267),
(1274, 1016, NULL, NULL, NULL, 'Course approve', '<p>your course with title Become a Product Manager approved</p>', 'system', 'single', 1624942277),
(1275, 1016, NULL, NULL, NULL, 'Course approve', '<p>your course with title Become a Product Manager approved</p>', 'system', 'single', 1624942627),
(1276, 1015, NULL, NULL, NULL, 'Course created', '<p>you create new course&nbsp;with Title Learn Linux in 5 Days</p>', 'system', 'single', 1624945432),
(1277, 1015, NULL, NULL, NULL, 'Course approve', '<p>your course with title Learn Linux in 5 Days approved</p>', 'system', 'single', 1624945452),
(1278, 934, NULL, NULL, NULL, 'Course created', '<p>you create new course&nbsp;with Title Learn Python Programming</p>', 'system', 'single', 1624957035),
(1279, 934, NULL, NULL, NULL, 'Course approve', '<p>your course with title Learn Python Programming approved</p>', 'system', 'single', 1624957054),
(1280, 934, NULL, NULL, NULL, 'Course approve', '<p>your course with title Learn Python Programming approved</p>', 'system', 'single', 1624959946),
(1281, 1015, NULL, NULL, NULL, 'Course created', '<p>you create new course&nbsp;with Title Excel from Beginner to Advanced</p>', 'system', 'single', 1624966729),
(1282, 1015, NULL, NULL, NULL, 'Course approve', '<p>your course with title Excel from Beginner to Advanced approved</p>', 'system', 'single', 1624966741),
(1283, 1015, NULL, NULL, NULL, 'Course created', '<p>you create new course&nbsp;with Title Excel from Beginner to Advanced</p>', 'system', 'single', 1625003468),
(1284, 1015, NULL, NULL, NULL, 'Course approve', '<p>your course with title Excel from Beginner to Advanced approved</p>', 'system', 'single', 1625003516),
(1285, 929, NULL, NULL, NULL, 'Course created', '<p>you create new course&nbsp;with Title How to Manage & Influence Your Virtual Team</p>', 'system', 'single', 1625041045),
(1286, 929, NULL, NULL, NULL, 'Course approve', '<p>your course with title How to Manage & Influence Your Virtual Team approved</p>', 'system', 'single', 1625041074),
(1287, 929, NULL, NULL, NULL, 'Course created', '<p>you create new course&nbsp;with Title How to Manage & Influence Your Virtual Team</p>', 'system', 'single', 1625043168),
(1288, 929, NULL, NULL, NULL, 'Course approve', '<p>your course with title How to Manage & Influence Your Virtual Team approved</p>', 'system', 'single', 1625043180),
(1289, 929, NULL, NULL, NULL, 'Course approve', '<p>your course with title How to Manage & Influence Your Virtual Team approved</p>', 'system', 'single', 1625043319),
(1290, 867, NULL, NULL, NULL, 'Course created', '<p>you create new course&nbsp;with Title Effective Time Management</p>', 'system', 'single', 1625046155),
(1291, 923, NULL, NULL, NULL, 'Course approve', '<p>your course with title Effective Time Management approved</p>', 'system', 'single', 1625046173),
(1292, 3, NULL, NULL, NULL, 'Course approve', '<p>your course with title Learn and Understand AngularJS approved</p>', 'system', 'single', 1625084229),
(1293, 3, NULL, NULL, NULL, 'Course created', '<p>you create new course&nbsp;with Title Learn and Understand AngularJS</p>', 'system', 'single', 1625085106),
(1294, 3, NULL, NULL, NULL, 'Course approve', '<p>your course with title Learn and Understand AngularJS approved</p>', 'system', 'single', 1625085118),
(1295, 3, NULL, NULL, NULL, 'Course approve', '<p>your course with title Learn and Understand AngularJS approved</p>', 'system', 'single', 1625088480),
(1296, 3, NULL, NULL, NULL, 'Course created', '<p>you create new course&nbsp;with Title Learn and Understand AngularJS</p>', 'system', 'single', 1625088678),
(1297, 3, NULL, NULL, NULL, 'Course approve', '<p>your course with title Learn and Understand AngularJS approved</p>', 'system', 'single', 1625088698),
(1298, 3, NULL, NULL, NULL, 'Course approve', '<p>your course with title Learn and Understand AngularJS approved</p>', 'system', 'single', 1625088760),
(1299, 863, NULL, NULL, NULL, 'Course created', '<p>you create new course&nbsp;with Title Health And Fitness Masterclass: Beginner To Advanced</p>', 'system', 'single', 1625124082),
(1300, 870, NULL, NULL, NULL, 'Course approve', '<p>your course with title Health And Fitness Masterclass approved</p>', 'system', 'single', 1625124100),
(1301, 934, NULL, NULL, NULL, 'Course created', '<p>you create new course&nbsp;with Title Learn Python Programming</p>', 'system', 'single', 1625286023),
(1302, 934, NULL, NULL, NULL, 'Course approve', '<p>your course with title Learn Python Programming approved</p>', 'system', 'single', 1625286038),
(1303, 1015, NULL, NULL, NULL, 'Course approve', '<p>your course with title Excel from Beginner to Advanced approved</p>', 'system', 'single', 1625293759),
(1304, 870, NULL, NULL, NULL, 'Course approve', '<p>your course with title Health And Fitness Masterclass approved</p>', 'system', 'single', 1625293821),
(1305, 923, NULL, NULL, NULL, 'Course approve', '<p>your course with title Effective Time Management approved</p>', 'system', 'single', 1625293844),
(1306, 864, NULL, NULL, NULL, 'Course created', '<p>you create new course&nbsp;with Title Active Listening: You Can Be a Great Listener</p>', 'system', 'single', 1625300387),
(1307, 3, NULL, NULL, NULL, 'Course approve', '<p>your course with title Active Listening: You Can Be a Great Listener approved</p>', 'system', 'single', 1625300399),
(1308, 864, NULL, NULL, NULL, 'Course created', '<p>you create new course&nbsp;with Title Active Listening: You Can Be a Great Listener</p>', 'system', 'single', 1625300598),
(1309, 3, NULL, NULL, NULL, 'Course approve', '<p>your course with title Active Listening: You Can Be a Great Listener approved</p>', 'system', 'single', 1625300612),
(1310, 870, NULL, NULL, NULL, 'Course approve', '<p>your course with title Health And Fitness Masterclass approved</p>', 'system', 'single', 1625301355),
(1311, 3, NULL, NULL, NULL, 'Course created', '<p>you create new course&nbsp;with Title Learn and Understand AngularJS</p>', 'system', 'single', 1625301679),
(1312, 3, NULL, NULL, NULL, 'Course created', '<p>you create new course&nbsp;with Title Learn and Understand AngularJS</p>', 'system', 'single', 1625301721),
(1313, 3, NULL, NULL, NULL, 'Course approve', '<p>your course with title Learn and Understand AngularJS approved</p>', 'system', 'single', 1625301754),
(1314, 1016, NULL, NULL, NULL, 'New badge', '<p>Congratilations! You received New User&nbsp;badge.</p>', 'system', 'single', 1625553784),
(1315, 1015, NULL, NULL, NULL, 'New badge', '<p>Congratilations! You received New User&nbsp;badge.</p>', 'system', 'single', 1625553799),
(1316, 934, NULL, NULL, NULL, 'New badge', '<p>Congratilations! You received New User&nbsp;badge.</p>', 'system', 'single', 1625553801),
(1317, 929, NULL, NULL, NULL, 'New badge', '<p>Congratilations! You received New User&nbsp;badge.</p>', 'system', 'single', 1625553801),
(1318, 870, NULL, NULL, NULL, 'New badge', '<p>Congratilations! You received New User&nbsp;badge.</p>', 'system', 'single', 1625553802),
(1319, 923, NULL, NULL, NULL, 'New badge', '<p>Congratilations! You received New User&nbsp;badge.</p>', 'system', 'single', 1625553802),
(1320, 3, NULL, NULL, NULL, 'New badge', '<p>Congratilations! You received New User&nbsp;badge.</p>', 'system', 'single', 1625553815),
(1321, 864, NULL, NULL, NULL, 'New badge', '<p>Congratilations! You received New User&nbsp;badge.</p>', 'system', 'single', 1625553917),
(1322, 934, NULL, NULL, NULL, 'New badge', '<p>Congratilations! You received Loyal User&nbsp;badge.</p>', 'system', 'single', 1625554209),
(1323, 929, NULL, NULL, NULL, 'New badge', '<p>Congratilations! You received Loyal User&nbsp;badge.</p>', 'system', 'single', 1625554210),
(1324, 870, NULL, NULL, NULL, 'New badge', '<p>Congratilations! You received Loyal User&nbsp;badge.</p>', 'system', 'single', 1625554210),
(1325, 923, NULL, NULL, NULL, 'New badge', '<p>Congratilations! You received Loyal User&nbsp;badge.</p>', 'system', 'single', 1625554211),
(1326, 929, NULL, NULL, NULL, 'New badge', '<p>Congratilations! You received Faitful User&nbsp;badge.</p>', 'system', 'single', 1625554498),
(1327, 870, NULL, NULL, NULL, 'New badge', '<p>Congratilations! You received Faitful User&nbsp;badge.</p>', 'system', 'single', 1625554499),
(1328, 923, NULL, NULL, NULL, 'New badge', '<p>Congratilations! You received Faitful User&nbsp;badge.</p>', 'system', 'single', 1625554499),
(1329, 1016, NULL, NULL, NULL, 'New badge', '<p>Congratilations! You received Junior Vendor&nbsp;badge.</p>', 'system', 'single', 1625554777),
(1330, 1015, NULL, NULL, NULL, 'New badge', '<p>Congratilations! You received Junior Vendor&nbsp;badge.</p>', 'system', 'single', 1625554779),
(1331, 934, NULL, NULL, NULL, 'New badge', '<p>Congratilations! You received Junior Vendor&nbsp;badge.</p>', 'system', 'single', 1625554782),
(1332, 929, NULL, NULL, NULL, 'New badge', '<p>Congratilations! You received Junior Vendor&nbsp;badge.</p>', 'system', 'single', 1625554784),
(1333, 870, NULL, NULL, NULL, 'New badge', '<p>Congratilations! You received Junior Vendor&nbsp;badge.</p>', 'system', 'single', 1625554784),
(1334, 923, NULL, NULL, NULL, 'New badge', '<p>Congratilations! You received Junior Vendor&nbsp;badge.</p>', 'system', 'single', 1625554785),
(1335, 1015, NULL, NULL, NULL, 'New badge', '<p>Congratilations! You received Senior Vendor&nbsp;badge.</p>', 'system', 'single', 1625554976),
(1336, 3, NULL, NULL, NULL, 'New badge', '<p>Congratilations! You received Faitful User&nbsp;badge.</p>', 'system', 'single', 1625558907),
(1337, 3, NULL, NULL, NULL, 'New badge', '<p>Congratilations! You received Senior Vendor&nbsp;badge.</p>', 'system', 'single', 1625558908),
(1338, 867, NULL, NULL, NULL, 'New badge', '<p>Congratilations! You received Faitful User&nbsp;badge.</p>', 'system', 'single', 1625602049),
(1339, 867, NULL, NULL, NULL, 'New badge', '<p>Congratilations! You received Junior Vendor&nbsp;badge.</p>', 'system', 'single', 1625602050),
(1340, 864, NULL, NULL, NULL, 'New badge', '<p>Congratilations! You received Faitful User&nbsp;badge.</p>', 'system', 'single', 1625635046),
(1341, 864, NULL, NULL, NULL, 'New badge', '<p>Congratilations! You received Junior Vendor&nbsp;badge.</p>', 'system', 'single', 1625635048),
(1342, 996, NULL, NULL, NULL, 'New badge', '<p>Congratilations! You received Loyal User&nbsp;badge.</p>', 'system', 'single', 1625636389),
(1343, 859, NULL, NULL, NULL, 'New badge', '<p>Congratilations! You received Faitful User&nbsp;badge.</p>', 'system', 'single', 1625642664),
(1344, 863, NULL, NULL, NULL, 'New badge', '<p>Congratilations! You received Faitful User&nbsp;badge.</p>', 'system', 'single', 1625643033),
(1345, 863, NULL, NULL, NULL, 'New badge', '<p>Congratilations! You received Junior Vendor&nbsp;badge.</p>', 'system', 'single', 1625643034),
(1346, 868, NULL, NULL, NULL, 'New badge', '<p>Congratilations! You received Faitful User&nbsp;badge.</p>', 'system', 'single', 1625643807),
(1347, 4, NULL, NULL, NULL, 'New badge', '<p>Congratilations! You received Faitful User&nbsp;badge.</p>', 'system', 'single', 1625644582),
(1348, 995, NULL, NULL, NULL, 'New badge', '<p>Congratilations! You received Loyal User&nbsp;badge.</p>', 'system', 'single', 1625681178),
(1349, 929, NULL, NULL, NULL, 'Your class created', '<p>Your class The Future of Energy successfully created. It will be published after approval.</p>', 'system', 'single', 1625685731),
(1350, 929, NULL, NULL, NULL, 'Your class approved', '<p>Your class The Future of Energy successfully approved. Now you can find it on the website.</p>', 'system', 'single', 1625685748),
(1351, 929, NULL, NULL, NULL, 'New badge', '<p>Congratilations! You received Senior Vendor&nbsp;badge.</p>', 'system', 'single', 1625685768),
(1352, 929, NULL, NULL, NULL, 'Your class approved', '<p>Your class The Future of Energy successfully approved. Now you can find it on the website.</p>', 'system', 'single', 1625685818),
(1353, 929, NULL, NULL, NULL, 'Your class approved', '<p>Your class The Future of Energy successfully approved. Now you can find it on the website.</p>', 'system', 'single', 1625685843),
(1354, 4, NULL, NULL, NULL, 'Your class created', '<p>Your class Web Design for Beginners successfully created. It will be published after approval.</p>', 'system', 'single', 1625691113),
(1355, 934, NULL, NULL, NULL, 'Your class approved', '<p>Your class Web Design for Beginners successfully approved. Now you can find it on the website.</p>', 'system', 'single', 1625691133),
(1356, 1016, NULL, NULL, NULL, 'Your class approved', '<p>Your class Become a Product Manager successfully approved. Now you can find it on the website.</p>', 'system', 'single', 1625691301),
(1357, 1016, NULL, NULL, NULL, 'Your class approved', '<p>Your class Become a Product Manager successfully approved. Now you can find it on the website.</p>', 'system', 'single', 1625692122),
(1358, 929, NULL, NULL, NULL, 'Your class approved', '<p>Your class The Future of Energy successfully approved. Now you can find it on the website.</p>', 'system', 'single', 1625692134),
(1359, 934, NULL, NULL, NULL, 'Your class approved', '<p>Your class Web Design for Beginners successfully approved. Now you can find it on the website.</p>', 'system', 'single', 1625692139),
(1360, 867, NULL, NULL, NULL, 'New badge', '<p>Congratilations! You received Senior Vendor&nbsp;badge.</p>', 'system', 'single', 1625693949),
(1361, 867, NULL, NULL, NULL, 'Your class created', '<p>Your class How to Travel Around the World on a Budget successfully created. It will be published after approval.</p>', 'system', 'single', 1625694536),
(1362, 923, NULL, NULL, NULL, 'Your class approved', '<p>Your class How to Travel Around the World on a Budget successfully approved. Now you can find it on the website.</p>', 'system', 'single', 1625694552),
(1363, 4, NULL, NULL, NULL, 'New badge', '<p>Congratilations! You received Junior Vendor&nbsp;badge.</p>', 'system', 'single', 1625694573),
(1364, 934, NULL, NULL, NULL, 'New badge', '<p>Congratilations! You received Senior Vendor&nbsp;badge.</p>', 'system', 'single', 1625694573),
(1365, 923, NULL, NULL, NULL, 'New badge', '<p>Congratilations! You received Senior Vendor&nbsp;badge.</p>', 'system', 'single', 1625694574),
(1366, 923, NULL, NULL, NULL, 'Your class approved', '<p>Your class How to Travel Around the World successfully approved. Now you can find it on the website.</p>', 'system', 'single', 1625694594),
(1368, 1, NULL, NULL, NULL, 'New comment for your class', '<p>Robert B. Gray left a new comment on your class The Future of Energy .</p>', 'system', 'single', 1625863108),
(1369, 930, NULL, NULL, NULL, 'New badge', '<p>Congratilations! You received Faitful User&nbsp;badge.</p>', 'system', 'single', 1625863166),
(1370, 1, NULL, NULL, NULL, 'New comment for your class', '<p>Jade Harrison left a new comment on your class Excel from Beginner to Advanced .</p>', 'system', 'single', 1625863203),
(1371, 979, NULL, NULL, NULL, 'New badge', '<p>Congratilations! You received Loyal User&nbsp;badge.</p>', 'system', 'single', 1625863218),
(1372, 1, NULL, NULL, NULL, 'New comment for your class', '<p>Morgan Sullivan left a new comment on your class How to Manage & Influence Your Virtual Team .</p>', 'system', 'single', 1625863345),
(1373, 1, NULL, NULL, NULL, 'New comment for your class', '<p>Robert Ransdell left a new comment on your class Learn Python Programming .</p>', 'system', 'single', 1625863462),
(1374, 934, NULL, NULL, NULL, 'New comment for your class', '<p>Robert Ransdell left a new comment on your class Learn Python Programming .</p>', 'system', 'single', 1625863587),
(1375, 929, NULL, NULL, NULL, 'New comment for your class', '<p>Morgan Sullivan left a new comment on your class How to Manage & Influence Your Virtual Team .</p>', 'system', 'single', 1625863590),
(1376, 1015, NULL, NULL, NULL, 'New comment for your class', '<p>Jade Harrison left a new comment on your class Excel from Beginner to Advanced .</p>', 'system', 'single', 1625863593),
(1377, 929, NULL, NULL, NULL, 'New comment for your class', '<p>Robert B. Gray left a new comment on your class The Future of Energy .</p>', 'system', 'single', 1625863596),
(1378, 1, NULL, NULL, NULL, 'New comment for your class', '<p>James Kong left a new comment on your class Learn Python Programming .</p>', 'system', 'single', 1625864259),
(1379, 934, NULL, NULL, NULL, 'New comment for your class', '<p>James Kong left a new comment on your class Learn Python Programming .</p>', 'system', 'single', 1625864266),
(1380, 1, NULL, NULL, NULL, 'New comment for your class', '<p>Ricardo dave left a new comment on your class How to Travel Around the World .</p>', 'system', 'single', 1625864416),
(1381, 923, NULL, NULL, NULL, 'New comment for your class', '<p>Ricardo dave left a new comment on your class How to Travel Around the World .</p>', 'system', 'single', 1625864421),
(1382, 1, NULL, NULL, NULL, 'New comment for your class', '<p>Cameron Schofield left a new comment on your class The Future of Energy .</p>', 'system', 'single', 1625864526),
(1383, 929, NULL, NULL, NULL, 'New comment for your class', '<p>Cameron Schofield left a new comment on your class The Future of Energy .</p>', 'system', 'single', 1625864533),
(1384, 1, NULL, NULL, NULL, 'New support ticket', '<p>New support ticket received with subject Convert Videos .</p>', 'system', 'single', 1625891270),
(1385, 1, NULL, NULL, NULL, 'New support ticket', '<p>New support ticket received with subject Pre-purchase question .</p>', 'system', 'single', 1625891677),
(1386, 1, NULL, NULL, NULL, 'New support ticket', '<p>New support ticket received with subject Pending Offline Payment .</p>', 'system', 'single', 1625891851),
(1387, 1, NULL, NULL, NULL, 'New support ticket', '<p>New support ticket received with subject Commission Rate .</p>', 'system', 'single', 1625892221),
(1388, 1, NULL, NULL, NULL, 'New support ticket', '<p>New support ticket received with subject Class delay .</p>', 'system', 'single', 1625895874),
(1389, 1, NULL, NULL, NULL, 'New reply on support ticket', '<p>The support ticket with the subject Class delay updated with a new reply.</p>', 'system', 'single', 1625897110),
(1390, 1, NULL, NULL, NULL, 'New reply on support ticket', '<p>The support ticket with the subject Class delay updated with a new reply.</p>', 'system', 'single', 1625898890),
(1391, 996, NULL, NULL, NULL, 'Offline payment submitted', '<p>An offline payment request with the amount 500 submitted successfully.</p>', 'system', 'single', 1625944192),
(1392, 996, NULL, NULL, NULL, 'Offline payment approved', '<p>Offline payment request with the amount 500 successfully approved.</p>', 'system', 'single', 1625944212),
(1393, 1015, NULL, NULL, NULL, 'New sales', '<p>Congratulations! There is a new sales for your class  .</p>', 'system', 'single', 1625944345),
(1394, 996, NULL, NULL, NULL, 'New purchase completed', '<p>The class  successfully purchased. Now you can start learning.</p>', 'system', 'single', 1625944345),
(1395, 996, NULL, NULL, NULL, 'New meeting request', '<p>New meeting booked by Robert B. Gray for 2021-07-12  with the amount 150 .</p>', 'system', 'single', 1625944346),
(1396, 1015, NULL, NULL, NULL, 'New meeting request', '<p>New meeting booked by Robert B. Gray for 2021-07-12  with the amount 150 .</p>', 'system', 'single', 1625944346),
(1397, 996, NULL, NULL, NULL, 'New financial document', '<p>&nbsp;New financial document submitted for your class Meeting Reservation with type deduction and amount 165.00 .</p>', 'system', 'single', 1625944347),
(1398, 1015, NULL, NULL, NULL, 'Your class approved', '<p>Your class Learn Linux in 5 Days successfully approved. Now you can find it on the website.</p>', 'system', 'single', 1625947994),
(1399, 1015, NULL, NULL, NULL, 'Your class approved', '<p>Your class Excel from Beginner to Advanced successfully approved. Now you can find it on the website.</p>', 'system', 'single', 1625948044),
(1400, 934, NULL, NULL, NULL, 'Your class approved', '<p>Your class Learn Python Programming successfully approved. Now you can find it on the website.</p>', 'system', 'single', 1625949854),
(1401, 1016, NULL, NULL, NULL, 'Your class approved', '<p>Your class Become a Product Manager successfully approved. Now you can find it on the website.</p>', 'system', 'single', 1625950395),
(1402, 995, NULL, NULL, NULL, 'Offline payment submitted', '<p>An offline payment request with the amount 1000 submitted successfully.</p>', 'system', 'single', 1625950563),
(1403, 930, NULL, NULL, NULL, 'New financial document', '<p>&nbsp;New financial document submitted for your class [c.title] with type addiction and amount 600 .</p>', 'system', 'single', 1625950715),
(1404, 995, NULL, NULL, NULL, 'Offline payment approved', '<p>Offline payment request with the amount 1000 successfully approved.</p>', 'system', 'single', 1625950749),
(1405, 934, NULL, NULL, NULL, 'New sales', '<p>Congratulations! There is a new sales for your class  .</p>', 'system', 'single', 1625952628),
(1406, 995, NULL, NULL, NULL, 'New purchase completed', '<p>The class  successfully purchased. Now you can start learning.</p>', 'system', 'single', 1625952628),
(1407, 995, NULL, NULL, NULL, 'New meeting request', '<p>New meeting booked by Cameron Schofield for 2021-08-05  with the amount 100 .</p>', 'system', 'single', 1625952629),
(1408, 934, NULL, NULL, NULL, 'New meeting request', '<p>New meeting booked by Cameron Schofield for 2021-08-05  with the amount 100 .</p>', 'system', 'single', 1625952629),
(1409, 995, NULL, NULL, NULL, 'New financial document', '<p>&nbsp;New financial document submitted for your class Meeting Reservation with type deduction and amount 110.00 .</p>', 'system', 'single', 1625952630),
(1410, 4, NULL, NULL, NULL, 'New sales', '<p>Congratulations! There is a new sales for your class Web Design for Beginners .</p>', 'system', 'single', 1625953196),
(1411, 995, NULL, NULL, NULL, 'New purchase completed', '<p>The class Web Design for Beginners successfully purchased. Now you can start learning.</p>', 'system', 'single', 1625953197),
(1412, 995, NULL, NULL, NULL, 'New financial document', '<p>&nbsp;New financial document submitted for your class Web Design for Beginners with type deduction and amount 11.00 .</p>', 'system', 'single', 1625953197),
(1413, 934, NULL, NULL, NULL, 'New class support message', '<p>user Cameron Schofield send new support message for course with title Web Design for Beginners .</p>', 'system', 'single', 1625953303),
(1414, 996, NULL, NULL, NULL, 'Your user group changed', '<p>Your user group changed to Special Students .</p>', 'system', 'single', 1625974235),
(1415, 3, NULL, NULL, NULL, 'Your user group changed', '<p>Your user group changed to Vip Instructors .</p>', 'system', 'single', 1625974258),
(1416, 1016, NULL, NULL, NULL, 'Your user group changed', '<p>Your user group changed to Vip Instructors .</p>', 'system', 'single', 1625974260),
(1417, 934, NULL, NULL, NULL, 'New badge', '<p>Congratilations! You received Best Seller&nbsp;badge.</p>', 'system', 'single', 1625974480),
(1418, 4, NULL, NULL, NULL, 'New badge', '<p>Congratilations! You received Best Seller&nbsp;badge.</p>', 'system', 'single', 1625980530),
(1419, 979, NULL, NULL, NULL, 'Offline payment submitted', '<p>An offline payment request with the amount 400 submitted successfully.</p>', 'system', 'single', 1625992349),
(1420, 979, NULL, NULL, NULL, 'Offline payment approved', '<p>Offline payment request with the amount 400 successfully approved.</p>', 'system', 'single', 1625992548),
(1421, 1016, NULL, NULL, NULL, 'Offline payment submitted', '<p>An offline payment request with the amount 100 submitted successfully.</p>', 'system', 'single', 1625992606),
(1422, 1016, NULL, NULL, NULL, 'Offline payment rejected', '<p>Sorry, offline payment request with the amount 100&nbsp;rejected.</p>', 'system', 'single', 1625992620),
(1423, 923, NULL, NULL, NULL, 'Offline payment submitted', '<p>An offline payment request with the amount 300 submitted successfully.</p>', 'system', 'single', 1625993378),
(1424, 923, NULL, NULL, NULL, 'Offline payment submitted', '<p>An offline payment request with the amount 300 submitted successfully.</p>', 'system', 'single', 1625993428),
(1425, 930, NULL, NULL, NULL, 'Offline payment submitted', '<p>An offline payment request with the amount 250 submitted successfully.</p>', 'system', 'single', 1625993489),
(1426, 1015, NULL, NULL, NULL, 'New sales', '<p>Congratulations! There is a new sales for your class  .</p>', 'system', 'single', 1625996812),
(1427, 995, NULL, NULL, NULL, 'New purchase completed', '<p>The class  successfully purchased. Now you can start learning.</p>', 'system', 'single', 1625996813),
(1428, 995, NULL, NULL, NULL, 'New meeting request', '<p>New meeting booked by Cameron Schofield for 2021-07-14  with the amount 125 .</p>', 'system', 'single', 1625996815),
(1429, 1015, NULL, NULL, NULL, 'New meeting request', '<p>New meeting booked by Cameron Schofield for 2021-07-14  with the amount 125 .</p>', 'system', 'single', 1625996816),
(1430, 995, NULL, NULL, NULL, 'New financial document', '<p>&nbsp;New financial document submitted for your class Meeting Reservation with type deduction and amount 137.50 .</p>', 'system', 'single', 1625996816),
(1431, 995, NULL, NULL, NULL, 'Meeting finished', '<p>The meeting finished. Instructor: Linda Anderson Student:&nbsp; Cameron Schofield&nbsp; Meeting time: 2021-08-05 .</p>', 'system', 'single', 1625996841),
(1432, 934, NULL, NULL, NULL, 'Meeting finished', '<p>The meeting finished. Instructor: Linda Anderson Student:&nbsp; Cameron Schofield&nbsp; Meeting time: 2021-08-05 .</p>', 'system', 'single', 1625996842),
(1433, 1016, NULL, NULL, NULL, 'New badge', '<p>Congratilations! You received Best Seller&nbsp;badge.</p>', 'system', 'single', 1625996905),
(1434, 929, NULL, NULL, NULL, 'New sales', '<p>Congratulations! There is a new sales for your class How to Manage & Influence Your Virtual Team .</p>', 'system', 'single', 1625996941),
(1435, 995, NULL, NULL, NULL, 'New purchase completed', '<p>The class How to Manage & Influence Your Virtual Team successfully purchased. Now you can start learning.</p>', 'system', 'single', 1625996942),
(1436, 995, NULL, NULL, NULL, 'New financial document', '<p>&nbsp;New financial document submitted for your class How to Manage & Influence Your Virtual Team with type deduction and amount 55.00 .</p>', 'system', 'single', 1625996942),
(1437, 1015, NULL, NULL, NULL, 'New sales', '<p>Congratulations! There is a new sales for your class Excel from Beginner to Advanced .</p>', 'system', 'single', 1625996978),
(1438, 995, NULL, NULL, NULL, 'New purchase completed', '<p>The class Excel from Beginner to Advanced successfully purchased. Now you can start learning.</p>', 'system', 'single', 1625996978),
(1439, 995, NULL, NULL, NULL, 'New financial document', '<p>&nbsp;New financial document submitted for your class Excel from Beginner to Advanced with type deduction and amount 55.00 .</p>', 'system', 'single', 1625996979),
(1440, 3, NULL, NULL, NULL, 'New sales', '<p>Congratulations! There is a new sales for your class Learn and Understand AngularJS .</p>', 'system', 'single', 1625997104),
(1441, 995, NULL, NULL, NULL, 'New purchase completed', '<p>The class Learn and Understand AngularJS successfully purchased. Now you can start learning.</p>', 'system', 'single', 1625997105),
(1442, 995, NULL, NULL, NULL, 'New financial document', '<p>&nbsp;New financial document submitted for your class Learn and Understand AngularJS with type deduction and amount 17.60 .</p>', 'system', 'single', 1625997105),
(1443, 929, NULL, NULL, NULL, 'New pending quiz', '<p>Cameron Schofield passed First Quiz quiz of the How to Manage & Influence Your Virtual Team class and waiting for correction to get results.</p>', 'system', 'single', 1625997328),
(1444, 929, NULL, NULL, NULL, 'New badge', '<p>Congratilations! You received Best Seller&nbsp;badge.</p>', 'system', 'single', 1626009973),
(1445, 3, NULL, NULL, NULL, 'New badge', '<p>Congratilations! You received Best Seller&nbsp;badge.</p>', 'system', 'single', 1626009973),
(1446, 1015, NULL, NULL, NULL, 'New badge', '<p>Congratilations! You received Best Seller&nbsp;badge.</p>', 'system', 'single', 1626060376),
(1447, 867, NULL, NULL, NULL, 'New sales', '<p>Congratulations! There is a new sales for your class How to Travel Around the World .</p>', 'system', 'single', 1626060487),
(1448, 996, NULL, NULL, NULL, 'New purchase completed', '<p>The class How to Travel Around the World successfully purchased. Now you can start learning.</p>', 'system', 'single', 1626060487),
(1449, 996, NULL, NULL, NULL, 'New financial document', '<p>&nbsp;New financial document submitted for your class How to Travel Around the World with type deduction and amount 24.75 .</p>', 'system', 'single', 1626060488),
(1450, 1015, NULL, NULL, NULL, 'New sales', '<p>Congratulations! There is a new sales for your class Excel from Beginner to Advanced .</p>', 'system', 'single', 1626060552),
(1451, 996, NULL, NULL, NULL, 'New purchase completed', '<p>The class Excel from Beginner to Advanced successfully purchased. Now you can start learning.</p>', 'system', 'single', 1626060552),
(1452, 996, NULL, NULL, NULL, 'New financial document', '<p>&nbsp;New financial document submitted for your class Excel from Beginner to Advanced with type deduction and amount 44.00 .</p>', 'system', 'single', 1626060553),
(1453, 1015, NULL, NULL, NULL, 'New badge', '<p>Congratilations! You received Top Seller&nbsp;badge.</p>', 'system', 'single', 1626060704),
(1454, 1015, NULL, NULL, NULL, 'New sales', '<p>Congratulations! There is a new sales for your class Excel from Beginner to Advanced .</p>', 'system', 'single', 1626060835),
(1455, 930, NULL, NULL, NULL, 'New purchase completed', '<p>The class Excel from Beginner to Advanced successfully purchased. Now you can start learning.</p>', 'system', 'single', 1626060836),
(1456, 930, NULL, NULL, NULL, 'New financial document', '<p>&nbsp;New financial document submitted for your class Excel from Beginner to Advanced with type deduction and amount 55.00 .</p>', 'system', 'single', 1626060836),
(1457, 1015, NULL, NULL, NULL, 'New badge', '<p>Congratilations! You received King Seller&nbsp;badge.</p>', 'system', 'single', 1626060860),
(1458, 1015, NULL, NULL, NULL, 'Payout request submitted', '<p>Your payout request successfully submitted for 332 . You will receive an email when processed.</p>', 'system', 'single', 1626061191),
(1459, 1, NULL, NULL, NULL, 'New payout request', '<p>New payout request received with the amount 332 . You can manage it using the admin panel.</p>', 'system', 'single', 1626061192),
(1460, 1015, NULL, NULL, NULL, 'Payout has been processed', 'Your payout has been processed with the amount 332.00&nbsp;&nbsp;to your account Qatar National Bank .', 'system', 'single', 1626061220),
(1461, 934, NULL, NULL, NULL, 'Payout request submitted', '<p>Your payout request successfully submitted for 80 . You will receive an email when processed.</p>', 'system', 'single', 1626061254),
(1462, 1, NULL, NULL, NULL, 'New payout request', '<p>New payout request received with the amount 80 . You can manage it using the admin panel.</p>', 'system', 'single', 1626061254),
(1463, 929, NULL, NULL, NULL, 'New sales', '<p>Congratulations! There is a new sales for your class The Future of Energy .</p>', 'system', 'single', 1626061332),
(1464, 979, NULL, NULL, NULL, 'New purchase completed', '<p>The class The Future of Energy successfully purchased. Now you can start learning.</p>', 'system', 'single', 1626061333),
(1465, 979, NULL, NULL, NULL, 'New financial document', '<p>&nbsp;New financial document submitted for your class The Future of Energy with type deduction and amount 66.00 .</p>', 'system', 'single', 1626061333),
(1466, 867, NULL, NULL, NULL, 'New badge', '<p>Congratilations! You received Best Seller&nbsp;badge.</p>', 'system', 'single', 1626061342),
(1467, 923, NULL, NULL, NULL, 'New badge', '<p>Congratilations! You received Best Seller&nbsp;badge.</p>', 'system', 'single', 1626061342),
(1468, 863, NULL, NULL, NULL, 'New sales', '<p>Congratulations! There is a new sales for your class Health And Fitness Masterclass .</p>', 'system', 'single', 1626061373),
(1469, 979, NULL, NULL, NULL, 'New purchase completed', '<p>The class Health And Fitness Masterclass successfully purchased. Now you can start learning.</p>', 'system', 'single', 1626061373),
(1470, 979, NULL, NULL, NULL, 'New financial document', '<p>&nbsp;New financial document submitted for your class Health And Fitness Masterclass with type deduction and amount 22.00 .</p>', 'system', 'single', 1626061374),
(1471, 867, NULL, NULL, NULL, 'New sales', '<p>Congratulations! There is a new sales for your class Effective Time Management .</p>', 'system', 'single', 1626061374),
(1472, 979, NULL, NULL, NULL, 'New purchase completed', '<p>The class Effective Time Management successfully purchased. Now you can start learning.</p>', 'system', 'single', 1626061375),
(1473, 979, NULL, NULL, NULL, 'New financial document', '<p>&nbsp;New financial document submitted for your class Effective Time Management with type deduction and amount 33.00 .</p>', 'system', 'single', 1626061375),
(1474, NULL, NULL, NULL, NULL, 'New sales', '<p>Congratulations! There is a new sales for your class Bronze Subscribe .</p>', 'system', 'single', 1626061450),
(1475, 995, NULL, NULL, NULL, 'New purchase completed', '<p>The class Bronze Subscribe successfully purchased. Now you can start learning.</p>', 'system', 'single', 1626061450),
(1476, 995, NULL, NULL, NULL, 'New financial document', '<p>&nbsp;New financial document submitted for your class [c.title] with type deduction and amount 22.00 .</p>', 'system', 'single', 1626061450),
(1477, 995, NULL, NULL, NULL, 'Subscription plan activated', '<p>Bronze subscription package activated by user Cameron Schofield .</p>', 'system', 'single', 1626061451),
(1478, 863, NULL, NULL, NULL, 'New badge', '<p>Congratilations! You received Best Seller&nbsp;badge.</p>', 'system', 'single', 1626061477),
(1479, 870, NULL, NULL, NULL, 'New badge', '<p>Congratilations! You received Best Seller&nbsp;badge.</p>', 'system', 'single', 1626061477),
(1480, 867, NULL, NULL, NULL, 'New badge', '<p>Congratilations! You received Top Seller&nbsp;badge.</p>', 'system', 'single', 1626061483),
(1481, 923, NULL, NULL, NULL, 'New badge', '<p>Congratilations! You received Top Seller&nbsp;badge.</p>', 'system', 'single', 1626061484),
(1482, 929, NULL, NULL, NULL, 'New badge', '<p>Congratilations! You received Top Seller&nbsp;badge.</p>', 'system', 'single', 1626061490),
(1483, 1015, NULL, NULL, NULL, 'New class support message', '<p>user Robert B. Gray send new support message for course with title Learn Linux in 5 Days .</p>', 'system', 'single', 1626062396),
(1484, 1015, NULL, NULL, NULL, 'New reply on support conversation', '<p>New reply on a support conversation on your class Learn Linux in 5 Days support.</p>', 'system', 'single', 1626062467),
(1485, 1015, NULL, NULL, NULL, 'New reply on support conversation', '<p>New reply on a support conversation on your class Learn Linux in 5 Days support.</p>', 'system', 'single', 1626062520),
(1486, 1015, NULL, NULL, NULL, 'New reply on support conversation', '<p>New reply on a support conversation on your class Learn Linux in 5 Days support.</p>', 'system', 'single', 1626062578),
(1487, 1015, NULL, NULL, NULL, 'New reply on support conversation', '<p>New reply on a support conversation on your class Learn Linux in 5 Days support.</p>', 'system', 'single', 1626062690),
(1488, 1015, NULL, NULL, NULL, 'New reply on support conversation', '<p>New reply on a support conversation on your class Learn Linux in 5 Days support.</p>', 'system', 'single', 1626062756),
(1489, 1015, NULL, NULL, NULL, 'New class support message', '<p>user Cameron Schofield send new support message for course with title Learn Linux in 5 Days .</p>', 'system', 'single', 1626062941),
(1490, 1015, NULL, NULL, NULL, 'New reply on support conversation', '<p>New reply on a support conversation on your class Learn Linux in 5 Days support.</p>', 'system', 'single', 1626063058),
(1491, 1, NULL, NULL, NULL, 'New support ticket', '<p>New support ticket received with subject Refund Request #64237 .</p>', 'system', 'single', 1626063457),
(1492, 1, NULL, NULL, NULL, 'New reply on support ticket', '<p>The support ticket with the subject Refund Request #64237 updated with a new reply.</p>', 'system', 'single', 1626063547),
(1493, 929, NULL, NULL, NULL, 'New feedback', '<p>Your class How to Manage & Influence Your Virtual Team received a 5 stars rating from Cameron Schofield .</p>', 'system', 'single', 1626091671),
(1494, 929, NULL, NULL, NULL, 'New badge', '<p>Congratilations! You received Golden Classes&nbsp;badge.</p>', 'system', 'single', 1626091708),
(1495, 929, NULL, NULL, NULL, 'New badge', '<p>Congratilations! You received Fantastic Support&nbsp;badge.</p>', 'system', 'single', 1626091708),
(1496, 1015, NULL, NULL, NULL, 'Your class approved', '<p>Your class Excel from Beginner to Advanced successfully approved. Now you can find it on the website.</p>', 'system', 'single', 1626128217),
(1497, 1016, NULL, NULL, NULL, 'New feedback', '<p>Your class Become a Product Manager received a 5 stars rating from Cameron Schofield .</p>', 'system', 'single', 1626129736),
(1498, 1016, NULL, NULL, NULL, 'New badge', '<p>Congratilations! You received Golden Classes&nbsp;badge.</p>', 'system', 'single', 1626129748),
(1499, 1016, NULL, NULL, NULL, 'New badge', '<p>Congratilations! You received Fantastic Support&nbsp;badge.</p>', 'system', 'single', 1626129749),
(1500, 1016, NULL, NULL, NULL, 'New feedback', '<p>Your class Become a Product Manager received a 4.25 stars rating from Robert B. Gray .</p>', 'system', 'single', 1626129826),
(1501, 1016, NULL, NULL, NULL, 'New feedback', '<p>Your class Become a Product Manager received a 4.5 stars rating from Robert B. Gray .</p>', 'system', 'single', 1626129947),
(1502, 1016, NULL, NULL, NULL, 'New badge', '<p>Congratilations! You received Silver Classes&nbsp;badge.</p>', 'system', 'single', 1626129963),
(1503, 1016, NULL, NULL, NULL, 'New badge', '<p>Congratilations! You received Top Seller&nbsp;badge.</p>', 'system', 'single', 1626132407),
(1504, 1015, NULL, NULL, NULL, 'Offline payment submitted', '<p>An offline payment request with the amount 500 submitted successfully.</p>', 'system', 'single', 1626132546),
(1505, 1015, NULL, NULL, NULL, 'Offline payment approved', '<p>Offline payment request with the amount 500 successfully approved.</p>', 'system', 'single', 1626132570),
(1506, 863, NULL, NULL, NULL, 'New sales', '<p>Congratulations! There is a new sales for your class Health And Fitness Masterclass .</p>', 'system', 'single', 1626132844),
(1507, 1015, NULL, NULL, NULL, 'New purchase completed', '<p>The class Health And Fitness Masterclass successfully purchased. Now you can start learning.</p>', 'system', 'single', 1626132844),
(1508, 1015, NULL, NULL, NULL, 'New financial document', '<p>&nbsp;New financial document submitted for your class Health And Fitness Masterclass with type deduction and amount 17.60 .</p>', 'system', 'single', 1626132845),
(1509, 863, NULL, NULL, NULL, 'New badge', '<p>Congratilations! You received Top Seller&nbsp;badge.</p>', 'system', 'single', 1626132861),
(1510, 870, NULL, NULL, NULL, 'New badge', '<p>Congratilations! You received Top Seller&nbsp;badge.</p>', 'system', 'single', 1626132861),
(1512, 1015, NULL, NULL, NULL, 'New pending quiz', '<p>Cameron Schofield passed Final Quiz quiz of the Learn Linux in 5 Days class and waiting for correction to get results.</p>', 'system', 'single', 1626204790),
(1513, 995, NULL, NULL, NULL, 'Waiting quiz result', '<p>Your pending quiz corrected and your result is passed for Final Quiz quiz of Learn Linux in 5 Days class.</p>', 'system', 'single', 1626204825),
(1514, 867, NULL, NULL, NULL, 'New badge', '<p>Congratilations! You received Expert Vendor&nbsp;badge.</p>', 'system', 'single', 1626214437),
(1515, 1015, NULL, NULL, NULL, 'New badge', '<p>Congratilations! You received Expert Vendor&nbsp;badge.</p>', 'system', 'single', 1626214438),
(1516, 923, NULL, NULL, NULL, 'New feedback', '<p>Your class How to Travel Around the World received a 5 stars rating from Robert B. Gray .</p>', 'system', 'single', 1626214531),
(1517, 1015, NULL, NULL, NULL, 'New feedback', '<p>Your class Excel from Beginner to Advanced received a 4.75 stars rating from Robert B. Gray .</p>', 'system', 'single', 1626214590),
(1518, 934, NULL, NULL, NULL, 'New feedback', '<p>Your class Learn Python Programming received a 5 stars rating from Robert B. Gray .</p>', 'system', 'single', 1626214647),
(1519, 1015, NULL, NULL, NULL, 'New feedback', '<p>Your class Learn Linux in 5 Days received a 4 stars rating from Robert B. Gray .</p>', 'system', 'single', 1626214731),
(1520, 1016, NULL, NULL, NULL, 'New feedback', '<p>Your class Become a Product Manager received a 5 stars rating from Robert B. Gray .</p>', 'system', 'single', 1626214849),
(1521, 934, NULL, NULL, NULL, 'New badge', '<p>Congratilations! You received Golden Classes&nbsp;badge.</p>', 'system', 'single', 1626232841),
(1522, 934, NULL, NULL, NULL, 'New badge', '<p>Congratilations! You received Fantastic Support&nbsp;badge.</p>', 'system', 'single', 1626232843),
(1523, 934, NULL, NULL, NULL, 'New feedback', '<p>Your class Web Design for Beginners received a 4.25 stars rating from Cameron Schofield .</p>', 'system', 'single', 1626232945),
(1524, 929, NULL, NULL, NULL, 'New feedback', '<p>Your class The Future of Energy received a 2.5 stars rating from Cameron Schofield .</p>', 'system', 'single', 1626233054),
(1525, 3, NULL, NULL, NULL, 'New feedback', '<p>Your class Learn and Understand AngularJS received a 2.75 stars rating from Cameron Schofield .</p>', 'system', 'single', 1626233222),
(1526, 1016, NULL, NULL, NULL, 'New feedback', '<p>Your class Become a Product Manager received a 3.75 stars rating from Cameron Schofield .</p>', 'system', 'single', 1626233313),
(1527, 929, NULL, NULL, NULL, 'New feedback', '<p>Your class How to Manage & Influence Your Virtual Team received a 3.75 stars rating from Cameron Schofield .</p>', 'system', 'single', 1626233413),
(1528, 867, NULL, NULL, NULL, 'New badge', '<p>Congratilations! You received Golden Classes&nbsp;badge.</p>', 'system', 'single', 1626233555),
(1529, 867, NULL, NULL, NULL, 'New badge', '<p>Congratilations! You received Fantastic Support&nbsp;badge.</p>', 'system', 'single', 1626233556),
(1530, 867, NULL, NULL, NULL, 'Your class created', '<p>Your class Travel Management Course successfully created. It will be published after approval.</p>', 'system', 'single', 1626234714),
(1531, 1015, NULL, NULL, NULL, 'Your class approved', '<p>Your class Travel Management Course successfully approved. Now you can find it on the website.</p>', 'system', 'single', 1626234749),
(1532, 1015, NULL, NULL, NULL, 'New badge', '<p>Congratilations! You received Golden Classes&nbsp;badge.</p>', 'system', 'single', 1626234771),
(1533, 1015, NULL, NULL, NULL, 'New badge', '<p>Congratilations! You received Amazing Support&nbsp;badge.</p>', 'system', 'single', 1626234771),
(1534, 1, NULL, NULL, NULL, 'New comment for your class', '<p>Robert Ransdell left a new comment on your class Health And Fitness Masterclass .</p>', 'system', 'single', 1626235679),
(1535, 870, NULL, NULL, NULL, 'New comment for your class', '<p>Robert Ransdell left a new comment on your class Health And Fitness Masterclass .</p>', 'system', 'single', 1626235693),
(1536, 1016, NULL, NULL, NULL, 'New badge', '<p>Congratilations! You received Amazing Support&nbsp;badge.</p>', 'system', 'single', 1626235711),
(1537, 923, NULL, NULL, NULL, 'New badge', '<p>Congratilations! You received Golden Classes&nbsp;badge.</p>', 'system', 'single', 1626235803),
(1538, 923, NULL, NULL, NULL, 'New badge', '<p>Congratilations! You received Fantastic Support&nbsp;badge.</p>', 'system', 'single', 1626235803),
(1539, 934, NULL, NULL, NULL, 'New badge', '<p>Congratilations! You received Amazing Support&nbsp;badge.</p>', 'system', 'single', 1626235937),
(1540, 4, NULL, NULL, NULL, 'New badge', '<p>Congratilations! You received Silver Classes&nbsp;badge.</p>', 'system', 'single', 1626236007),
(1541, 4, NULL, NULL, NULL, 'New badge', '<p>Congratilations! You received Amazing Support&nbsp;badge.</p>', 'system', 'single', 1626236007),
(1542, 929, NULL, NULL, NULL, 'New badge', '<p>Congratilations! You received Good Support&nbsp;badge.</p>', 'system', 'single', 1626236028),
(1543, 1015, NULL, NULL, NULL, 'New pending quiz', '<p>Morgan Sullivan passed Final Quiz quiz of the Learn Linux in 5 Days class and waiting for correction to get results.</p>', 'system', 'single', 1626237968),
(1544, 979, NULL, NULL, NULL, 'Waiting quiz result', '<p>Your pending quiz corrected and your result is passed for Final Quiz quiz of Learn Linux in 5 Days class.</p>', 'system', 'single', 1626237996),
(1545, 3, NULL, NULL, NULL, 'New badge', '<p>Congratilations! You received Good Support&nbsp;badge.</p>', 'system', 'single', 1626239421),
(1546, 1, NULL, NULL, NULL, 'New comment for your class', '<p>Cameron Schofield left a new comment on your class Become a Product Manager .</p>', 'system', 'single', 1626240118),
(1547, 1016, NULL, NULL, NULL, 'New comment for your class', '<p>Cameron Schofield left a new comment on your class Become a Product Manager .</p>', 'system', 'single', 1626240131),
(1548, 1016, NULL, NULL, NULL, 'New comment for your class', '<p>Ricardo dave left a new comment on your class Become a Product Manager .</p>', 'system', 'single', 1626240383),
(1549, 870, NULL, NULL, NULL, 'Your class approved', '<p>Your class Health And Fitness Masterclass successfully approved. Now you can find it on the website.</p>', 'system', 'single', 1626240665),
(1550, 870, NULL, NULL, NULL, 'Your class approved', '<p>Your class Health And Fitness Masterclass successfully approved. Now you can find it on the website.</p>', 'system', 'single', 1626240714),
(1551, 1015, NULL, NULL, NULL, 'Your class approved', '<p>Your class Excel from Beginner to Advanced successfully approved. Now you can find it on the website.</p>', 'system', 'single', 1626240740),
(1552, 3, NULL, NULL, NULL, 'Your class approved', '<p>Your class Active Listening: You Can Be a Great Listener successfully approved. Now you can find it on the website.</p>', 'system', 'single', 1626240800),
(1553, 3, NULL, NULL, NULL, 'Your class approved', '<p>Your class Learn and Understand AngularJS successfully approved. Now you can find it on the website.</p>', 'system', 'single', 1626240827),
(1554, 929, NULL, NULL, NULL, 'Offline payment submitted', '<p>An offline payment request with the amount 300 submitted successfully.</p>', 'system', 'single', 1626241046),
(1555, 929, NULL, NULL, NULL, 'Offline payment approved', '<p>Offline payment request with the amount 300 successfully approved.</p>', 'system', 'single', 1626241074),
(1556, NULL, NULL, NULL, NULL, 'New sales', '<p>Congratulations! There is a new sales for your class The Future of Energy .</p>', 'system', 'single', 1626241152),
(1557, 929, NULL, NULL, NULL, 'New purchase completed', '<p>The class The Future of Energy successfully purchased. Now you can start learning.</p>', 'system', 'single', 1626241152),
(1558, 929, NULL, NULL, NULL, 'New financial document', '<p>&nbsp;New financial document submitted for your class The Future of Energy with type deduction and amount 55.00 .</p>', 'system', 'single', 1626241152),
(1559, 929, NULL, NULL, NULL, 'Promotion plan activated', '<p>Promotion plan Bronze&nbsp;&nbsp;activated for the call The Future of Energy .</p>', 'system', 'single', 1626241153),
(1560, 864, NULL, NULL, NULL, 'New sales', '<p>Congratulations! There is a new sales for your class Active Listening: You Can Be a Great Listener .</p>', 'system', 'single', 1626241212),
(1561, 929, NULL, NULL, NULL, 'New purchase completed', '<p>The class Active Listening: You Can Be a Great Listener successfully purchased. Now you can start learning.</p>', 'system', 'single', 1626241213),
(1562, 929, NULL, NULL, NULL, 'New financial document', '<p>&nbsp;New financial document submitted for your class Active Listening: You Can Be a Great Listener with type deduction and amount 33.00 .</p>', 'system', 'single', 1626241213),
(1563, 864, NULL, NULL, NULL, 'New badge', '<p>Congratilations! You received Best Seller&nbsp;badge.</p>', 'system', 'single', 1626241242),
(1564, 1, NULL, NULL, NULL, 'New comment for your class', '<p>Kate Williams left a new comment on your class Become a Product Manager .</p>', 'system', 'single', 1626241320),
(1565, 1016, NULL, NULL, NULL, 'New comment for your class', '<p>Kate Williams left a new comment on your class Become a Product Manager .</p>', 'system', 'single', 1626241345),
(1566, 1, NULL, NULL, NULL, 'New comment for your class', '<p>Kate Williams left a new comment on your class Active Listening: You Can Be a Great Listener .</p>', 'system', 'single', 1626241386),
(1567, 3, NULL, NULL, NULL, 'New comment for your class', '<p>Kate Williams left a new comment on your class Active Listening: You Can Be a Great Listener .</p>', 'system', 'single', 1626241400),
(1568, 3, NULL, NULL, NULL, 'New comment for your class', '<p>James Kong left a new comment on your class Active Listening: You Can Be a Great Listener .</p>', 'system', 'single', 1626242090),
(1569, 1016, NULL, NULL, NULL, 'New comment for your class', '<p>Kate Williams left a new comment on your class Become a Product Manager .</p>', 'system', 'single', 1626242094),
(1570, 1, NULL, NULL, NULL, 'New badge', '<p>Congratilations! You received Faitful User&nbsp;badge.</p>', 'system', 'single', 1626242992),
(1571, 996, NULL, NULL, NULL, 'Meeting finished', '<p>The meeting finished. Instructor: Robert Ransdell Student:&nbsp; Robert B. Gray&nbsp; Meeting time: 2021-07-12 .</p>', 'system', 'single', 1626243180),
(1572, 1015, NULL, NULL, NULL, 'Meeting finished', '<p>The meeting finished. Instructor: Robert Ransdell Student:&nbsp; Robert B. Gray&nbsp; Meeting time: 2021-07-12 .</p>', 'system', 'single', 1626243180),
(1573, 1015, NULL, NULL, NULL, 'New pending quiz', '<p>Kate Williams passed Final Quiz quiz of the Learn Linux in 5 Days class and waiting for correction to get results.</p>', 'system', 'single', 1626243488),
(1574, 1015, NULL, NULL, NULL, 'Your class approved', '<p>Your class Learn Linux in 5 Days successfully approved. Now you can find it on the website.</p>', 'system', 'single', 1626246628),
(1575, 923, NULL, NULL, NULL, 'Your class approved', '<p>Your class Effective Time Management successfully approved. Now you can find it on the website.</p>', 'system', 'single', 1626246694),
(1576, 870, NULL, NULL, NULL, 'Your class approved', '<p>Your class Health And Fitness Masterclass successfully approved. Now you can find it on the website.</p>', 'system', 'single', 1626246793),
(1577, 923, NULL, NULL, NULL, 'Your class approved', '<p>Your class Effective Time Management successfully approved. Now you can find it on the website.</p>', 'system', 'single', 1626246814),
(1578, 870, NULL, NULL, NULL, 'New sales', '<p>Congratulations! There is a new sales for your class  .</p>', 'system', 'single', 1626247195),
(1579, 995, NULL, NULL, NULL, 'New purchase completed', '<p>The class  successfully purchased. Now you can start learning.</p>', 'system', 'single', 1626247195),
(1580, 995, NULL, NULL, NULL, 'New meeting request', '<p>New meeting booked by Cameron Schofield for 2021-09-01  with the amount 100 .</p>', 'system', 'single', 1626247196),
(1581, 870, NULL, NULL, NULL, 'New meeting request', '<p>New meeting booked by Cameron Schofield for 2021-09-01  with the amount 100 .</p>', 'system', 'single', 1626247196),
(1582, 995, NULL, NULL, NULL, 'New financial document', '<p>&nbsp;New financial document submitted for your class Meeting Reservation with type deduction and amount 110.00 .</p>', 'system', 'single', 1626247196),
(1583, 1, NULL, NULL, NULL, 'New support ticket', '<p>New support ticket received with subject Problem with quiz .</p>', 'system', 'single', 1626250124),
(1584, 870, NULL, NULL, NULL, 'New feedback', '<p>Your class Health And Fitness Masterclass received a 5 stars rating from Cameron Schofield .</p>', 'system', 'single', 1626283457),
(1585, 863, NULL, NULL, NULL, 'New badge', '<p>Congratilations! You received Golden Classes&nbsp;badge.</p>', 'system', 'single', 1626283475),
(1586, 863, NULL, NULL, NULL, 'New badge', '<p>Congratilations! You received Fantastic Support&nbsp;badge.</p>', 'system', 'single', 1626283486),
(1587, 870, NULL, NULL, NULL, 'New badge', '<p>Congratilations! You received Golden Classes&nbsp;badge.</p>', 'system', 'single', 1626283490),
(1588, 870, NULL, NULL, NULL, 'New badge', '<p>Congratilations! You received Fantastic Support&nbsp;badge.</p>', 'system', 'single', 1626283496),
(1589, 870, NULL, NULL, NULL, 'New feedback', '<p>Your class Health And Fitness Masterclass received a 5 stars rating from Morgan Sullivan .</p>', 'system', 'single', 1626283559),
(1590, 1, NULL, NULL, NULL, 'New comment for your class', '<p>Robert Ransdell left a new comment on your class Learn Python Programming .</p>', 'system', 'single', 1626493830),
(1591, 1015, NULL, NULL, NULL, 'New badge', '<p>Congratilations! You received Fantastic Support&nbsp;badge.</p>', 'system', 'single', 1626508221),
(1592, 3, NULL, NULL, NULL, 'New badge', '<p>Congratilations! You received Bronze Classes&nbsp;badge.</p>', 'system', 'single', 1626508287),
(1593, 3, NULL, NULL, NULL, 'New badge', '<p>Congratilations! You received Amazing Support&nbsp;badge.</p>', 'system', 'single', 1626508287),
(1594, 929, NULL, NULL, NULL, 'New badge', '<p>Congratilations! You received Amazing Support&nbsp;badge.</p>', 'system', 'single', 1626508287),
(1595, 867, NULL, NULL, NULL, 'New sales', '<p>Congratulations! There is a new sales for your class Effective Time Management .</p>', 'system', 'single', 1626508956),
(1596, 996, NULL, NULL, NULL, 'New purchase completed', '<p>The class Effective Time Management successfully purchased. Now you can start learning.</p>', 'system', 'single', 1626508957),
(1597, 996, NULL, NULL, NULL, 'New financial document', '<p>&nbsp;New financial document submitted for your class Effective Time Management with type deduction and amount 29.70 .</p>', 'system', 'single', 1626508957),
(1598, 923, NULL, NULL, NULL, 'New feedback', '<p>Your class Effective Time Management received a 5 stars rating from Robert B. Gray .</p>', 'system', 'single', 1626508980),
(1599, 1, NULL, NULL, NULL, 'New comment for your class', '<p>Robert B. Gray left a new comment on your class Active Listening: You Can Be a Great Listener .</p>', 'system', 'single', 1626509207),
(1600, 1, NULL, NULL, NULL, 'New comment for your class', '<p>Robert B. Gray left a new comment on your class Active Listening: You Can Be a Great Listener .</p>', 'system', 'single', 1626509327),
(1601, 1, NULL, NULL, NULL, 'New comment for your class', '<p>Robert Ransdell left a new comment on your class Become a Product Manager .</p>', 'system', 'single', 1626509546),
(1602, 3, NULL, NULL, NULL, 'New comment for your class', '<p>Robert B. Gray left a new comment on your class Active Listening: You Can Be a Great Listener .</p>', 'system', 'single', 1626509591),
(1603, 1015, NULL, NULL, NULL, 'New badge', '<p>Congratilations! You received Loyal User&nbsp;badge.</p>', 'system', 'single', 1627543283),
(1604, 934, NULL, NULL, NULL, 'New badge', '<p>Congratilations! You received Faitful User&nbsp;badge.</p>', 'system', 'single', 1628619121),
(1605, 1016, NULL, NULL, NULL, 'New badge', '<p>Congratilations! You received Loyal User&nbsp;badge.</p>', 'system', 'single', 1628619122),
(1606, 930, NULL, NULL, NULL, 'Offline payment approved', '<p>Offline payment request with the amount 250 successfully approved.</p>', 'system', 'single', 1628704280),
(1607, 923, NULL, NULL, NULL, 'Offline payment approved', '<p>Offline payment request with the amount 300 successfully approved.</p>', 'system', 'single', 1628704284),
(1608, 996, NULL, NULL, NULL, 'Offline payment submitted', '<p>An offline payment request with the amount 200 submitted successfully.</p>', 'system', 'single', 1628704322),
(1609, 995, NULL, NULL, NULL, 'Offline payment submitted', '<p>An offline payment request with the amount 100 submitted successfully.</p>', 'system', 'single', 1628704347),
(1610, 995, NULL, NULL, NULL, 'Offline payment submitted', '<p>An offline payment request with the amount 200 submitted successfully.</p>', 'system', 'single', 1628704369),
(1611, 995, NULL, NULL, NULL, 'Offline payment approved', '<p>Offline payment request with the amount 200 successfully approved.</p>', 'system', 'single', 1628704378),
(1612, 995, NULL, NULL, NULL, 'Offline payment approved', '<p>Offline payment request with the amount 100 successfully approved.</p>', 'system', 'single', 1628704382),
(1613, 996, NULL, NULL, NULL, 'Offline payment approved', '<p>Offline payment request with the amount 200 successfully approved.</p>', 'system', 'single', 1628704397),
(1614, 979, NULL, NULL, NULL, 'Offline payment submitted', '<p>An offline payment request with the amount 100 submitted successfully.</p>', 'system', 'single', 1628704436),
(1615, 979, NULL, NULL, NULL, 'Offline payment rejected', '<p>Sorry, offline payment request with the amount 100&nbsp;rejected.</p>', 'system', 'single', 1628704449),
(1616, 930, NULL, NULL, NULL, 'Offline payment submitted', '<p>An offline payment request with the amount 100 submitted successfully.</p>', 'system', 'single', 1628785223),
(1617, 930, NULL, NULL, NULL, 'Offline payment submitted', '<p>An offline payment request with the amount 555 submitted successfully.</p>', 'system', 'single', 1628785232),
(1618, 930, NULL, NULL, NULL, 'Offline payment submitted', '<p>An offline payment request with the amount 18919 submitted successfully.</p>', 'system', 'single', 1628785247),
(1619, 930, NULL, NULL, NULL, 'Offline payment submitted', '<p>An offline payment request with the amount 18919 submitted successfully.</p>', 'system', 'single', 1628785251),
(1620, 930, NULL, NULL, NULL, 'Offline payment submitted', '<p>An offline payment request with the amount 888 submitted successfully.</p>', 'system', 'single', 1628785264),
(1621, 930, NULL, NULL, NULL, 'Offline payment submitted', '<p>An offline payment request with the amount 44 submitted successfully.</p>', 'system', 'single', 1628785278),
(1622, 930, NULL, NULL, NULL, 'Offline payment submitted', '<p>An offline payment request with the amount 500 submitted successfully.</p>', 'system', 'single', 1628785293),
(1623, 930, NULL, NULL, NULL, 'Offline payment submitted', '<p>An offline payment request with the amount 555 submitted successfully.</p>', 'system', 'single', 1628785304),
(1624, 930, NULL, NULL, NULL, 'Offline payment submitted', '<p>An offline payment request with the amount 555 submitted successfully.</p>', 'system', 'single', 1628785307),
(1625, 930, NULL, NULL, NULL, 'Offline payment submitted', '<p>An offline payment request with the amount 555 submitted successfully.</p>', 'system', 'single', 1628785327),
(1626, 930, NULL, NULL, NULL, 'Offline payment submitted', '<p>An offline payment request with the amount 555 submitted successfully.</p>', 'system', 'single', 1628785330),
(1627, 930, NULL, NULL, NULL, 'Offline payment submitted', '<p>An offline payment request with the amount 444 submitted successfully.</p>', 'system', 'single', 1628785342),
(1628, 930, NULL, NULL, NULL, 'Offline payment submitted', '<p>An offline payment request with the amount 78797 submitted successfully.</p>', 'system', 'single', 1628785393),
(1629, 996, NULL, NULL, NULL, 'New badge', '<p>Congratilations! You received &nbsp;badge.</p>', 'system', 'single', 1635366097),
(1630, 995, NULL, NULL, NULL, 'New badge', '<p>Congratilations! You received &nbsp;badge.</p>', 'system', 'single', 1635366115),
(1631, 1015, NULL, NULL, NULL, 'New badge', '<p>Congratilations! You received &nbsp;badge.</p>', 'system', 'single', 1635404223),
(1632, 4, NULL, NULL, NULL, 'New badge', '<p>Congratilations! You received Golden Classes&nbsp;badge.</p>', 'system', 'single', 1635405357),
(1633, 4, NULL, NULL, NULL, 'New badge', '<p>Congratilations! You received Fantastic Support&nbsp;badge.</p>', 'system', 'single', 1635405358),
(1634, 979, NULL, NULL, NULL, 'New badge', '<p>Congratilations! You received Faitful User&nbsp;badge.</p>', 'system', 'single', 1635405486),
(1636, 995, NULL, NULL, NULL, 'New badge', '<p>Congratilations! You received Faitful User&nbsp;badge.</p>', 'system', 'single', 1635408182),
(1637, 1015, NULL, NULL, NULL, 'Your class approved', '<p>Your class Travel Management Course successfully approved. Now you can find it on the website.</p>', 'system', 'single', 1635410916),
(1638, 1015, NULL, NULL, NULL, 'Your class approved', '<p>Your class Travel Management Course successfully approved. Now you can find it on the website.</p>', 'system', 'single', 1635411032),
(1639, 1015, NULL, NULL, NULL, 'Your class approved', '<p>Your class Travel Management Course successfully approved. Now you can find it on the website.</p>', 'system', 'single', 1635411039),
(1640, 867, NULL, NULL, NULL, 'New sales', '<p>Congratulations! There is a new sales for your class Effective Time Management .</p>', 'system', 'single', 1635412196),
(1641, 929, NULL, NULL, NULL, 'New purchase completed', '<p>The class Effective Time Management successfully purchased. Now you can start learning.</p>', 'system', 'single', 1635412196),
(1642, 929, NULL, NULL, NULL, 'New financial document', '<p>&nbsp;New financial document submitted for your class Effective Time Management with type deduction and amount 33.00 .</p>', 'system', 'single', 1635412197),
(1643, 1015, NULL, NULL, NULL, 'Your class approved', '<p>Your class Curso de gestin de viajes successfully approved. Now you can find it on the website.</p>', 'system', 'single', 1635442592),
(1644, 923, NULL, NULL, NULL, 'Your class approved', '<p>Your class Cmo viajar por el mundo successfully approved. Now you can find it on the website.</p>', 'system', 'single', 1635442687),
(1645, 923, NULL, NULL, NULL, 'Your class approved', '<p>Your class Cmo viajar por el mundo successfully approved. Now you can find it on the website.</p>', 'system', 'single', 1635442733),
(1646, 923, NULL, NULL, NULL, 'Your class approved', '<p>Your class     successfully approved. Now you can find it on the website.</p>', 'system', 'single', 1635443083),
(1647, 934, NULL, NULL, NULL, 'Your class approved', '<p>Your class    successfully approved. Now you can find it on the website.</p>', 'system', 'single', 1635443257),
(1648, 934, NULL, NULL, NULL, 'Your class approved', '<p>Your class Diseo web para principiantes successfully approved. Now you can find it on the website.</p>', 'system', 'single', 1635443302),
(1649, 929, NULL, NULL, NULL, 'Your class approved', '<p>Your class El futuro de la energa successfully approved. Now you can find it on the website.</p>', 'system', 'single', 1635443448),
(1650, 929, NULL, NULL, NULL, 'Your class approved', '<p>Your class   successfully approved. Now you can find it on the website.</p>', 'system', 'single', 1635443492),
(1651, 929, NULL, NULL, NULL, 'Your class approved', '<p>Your class       successfully approved. Now you can find it on the website.</p>', 'system', 'single', 1635443668),
(1652, 929, NULL, NULL, NULL, 'Your class approved', '<p>Your class Cmo administrar e influir en su equipo virtual successfully approved. Now you can find it on the website.</p>', 'system', 'single', 1635443747),
(1653, 1016, NULL, NULL, NULL, 'Your class approved', '<p>Your class Convirtete en gerente de producto successfully approved. Now you can find it on the website.</p>', 'system', 'single', 1635443872),
(1654, 1016, NULL, NULL, NULL, 'Your class approved', '<p>Your class    successfully approved. Now you can find it on the website.</p>', 'system', 'single', 1635443991),
(1655, 3, NULL, NULL, NULL, 'Your class approved', '<p>Your class  :      successfully approved. Now you can find it on the website.</p>', 'system', 'single', 1635444233),
(1656, 3, NULL, NULL, NULL, 'Your class approved', '<p>Your class Escucha activa: puedes ser un gran oyente successfully approved. Now you can find it on the website.</p>', 'system', 'single', 1635444317),
(1657, 870, NULL, NULL, NULL, 'Your class approved', '<p>Your class Masterclass de salud y fitness successfully approved. Now you can find it on the website.</p>', 'system', 'single', 1635444457),
(1658, 870, NULL, NULL, NULL, 'Your class approved', '<p>Your class       successfully approved. Now you can find it on the website.</p>', 'system', 'single', 1635444517),
(1659, 3, NULL, NULL, NULL, 'Your class approved', '<p>Your class   AngularJS successfully approved. Now you can find it on the website.</p>', 'system', 'single', 1635444683),
(1660, 3, NULL, NULL, NULL, 'Your class approved', '<p>Your class Aprenda y comprenda AngularJS successfully approved. Now you can find it on the website.</p>', 'system', 'single', 1635444769),
(1661, 923, NULL, NULL, NULL, 'Your class approved', '<p>Your class Gestin eficaz del tiempo successfully approved. Now you can find it on the website.</p>', 'system', 'single', 1635444834),
(1662, 923, NULL, NULL, NULL, 'Your class approved', '<p>Your class    successfully approved. Now you can find it on the website.</p>', 'system', 'single', 1635444866),
(1663, 1015, NULL, NULL, NULL, 'Your class approved', '<p>Your class       successfully approved. Now you can find it on the website.</p>', 'system', 'single', 1635444974),
(1664, 1015, NULL, NULL, NULL, 'Your class approved', '<p>Your class      successfully approved. Now you can find it on the website.</p>', 'system', 'single', 1635445120),
(1665, 1015, NULL, NULL, NULL, 'Your class approved', '<p>Your class Aprenda Linux en cinco das successfully approved. Now you can find it on the website.</p>', 'system', 'single', 1635445181),
(1666, 934, NULL, NULL, NULL, 'Your class approved', '<p>Your class Aprenda a programar en Python successfully approved. Now you can find it on the website.</p>', 'system', 'single', 1635445296),
(1667, 934, NULL, NULL, NULL, 'Your class approved', '<p>Your class    successfully approved. Now you can find it on the website.</p>', 'system', 'single', 1635445377),
(1668, 996, NULL, NULL, NULL, 'New badge', '<p>Congratilations! You received Faitful User&nbsp;badge.</p>', 'system', 'single', 1639377925),
(1669, 923, NULL, NULL, NULL, 'Your class approved', '<p>Your class How to Travel Around the World successfully approved. Now you can find it on the website.</p>', 'system', 'single', 1639378044),
(1670, 870, NULL, NULL, NULL, 'Your class approved', '<p>Your class Health And Fitness Masterclass successfully approved. Now you can find it on the website.</p>', 'system', 'single', 1639378097),
(1671, 923, NULL, NULL, NULL, 'Your class approved', '<p>Your class Effective Time Management successfully approved. Now you can find it on the website.</p>', 'system', 'single', 1639378108),
(1672, 1017, NULL, NULL, NULL, 'New financial document', '<p>&nbsp;New financial document submitted for your class [c.title] with type addiction and amount 500 .</p>', 'system', 'single', 1639379205),
(1673, 867, NULL, NULL, NULL, 'New sales', '<p>Congratulations! There is a new sales for your class Effective Time Management .</p>', 'system', 'single', 1639379284),
(1674, 1017, NULL, NULL, NULL, 'New purchase completed', '<p>The class Effective Time Management successfully purchased. Now you can start learning.</p>', 'system', 'single', 1639379284),
(1675, 1017, NULL, NULL, NULL, 'New financial document', '<p>&nbsp;New financial document submitted for your class Effective Time Management with type deduction and amount 33.00 .</p>', 'system', 'single', 1639379284),
(1676, 1015, NULL, NULL, NULL, 'New sales', '<p>Congratulations! There is a new sales for your class Excel from Beginner to Advanced .</p>', 'system', 'single', 1639379350),
(1677, 1017, NULL, NULL, NULL, 'New purchase completed', '<p>The class Excel from Beginner to Advanced successfully purchased. Now you can start learning.</p>', 'system', 'single', 1639379351),
(1678, 1017, NULL, NULL, NULL, 'New financial document', '<p>&nbsp;New financial document submitted for your class Excel from Beginner to Advanced with type deduction and amount 110.00 .</p>', 'system', 'single', 1639379351),
(1679, 864, NULL, NULL, NULL, 'New sales', '<p>Congratulations! There is a new sales for your class Active Listening: You Can Be a Great Listener .</p>', 'system', 'single', 1639379388),
(1680, 1017, NULL, NULL, NULL, 'New purchase completed', '<p>The class Active Listening: You Can Be a Great Listener successfully purchased. Now you can start learning.</p>', 'system', 'single', 1639379389),
(1681, 1017, NULL, NULL, NULL, 'New financial document', '<p>&nbsp;New financial document submitted for your class Active Listening: You Can Be a Great Listener with type deduction and amount 33.00 .</p>', 'system', 'single', 1639379394),
(1682, 1016, NULL, NULL, NULL, 'New badge', '<p>Congratilations! You received Faitful User&nbsp;badge.</p>', 'system', 'single', 1645697363),
(1683, 1015, NULL, NULL, NULL, 'New badge', '<p>Congratilations! You received Faitful User&nbsp;badge.</p>', 'system', 'single', 1645697399),
(1684, 923, NULL, NULL, NULL, 'Your class approved', '<p>Your class How to Travel Around the World successfully approved. Now you can find it on the website.</p>', 'system', 'single', 1645726175),
(1685, 929, NULL, NULL, NULL, 'Your class approved', '<p>Your class How to Manage & Influence Your Virtual Team successfully approved. Now you can find it on the website.</p>', 'system', 'single', 1645726208),
(1686, 929, NULL, NULL, NULL, 'Your class approved', '<p>Your class How to Manage & Influence Your Virtual Team successfully approved. Now you can find it on the website.</p>', 'system', 'single', 1645726231),
(1687, 3, NULL, NULL, NULL, 'New badge', '<p>Congratilations! You received Top Seller&nbsp;badge.</p>', 'system', 'single', 1645782214),
(1688, 929, NULL, NULL, NULL, 'Your class approved', '<p>Your class How to Manage & Influence Your Virtual Team successfully approved. Now you can find it on the website.</p>', 'system', 'single', 1646028920),
(1689, 1015, NULL, NULL, NULL, 'Your class approved', '<p>Your class The Professional Guitar Masterclass successfully approved. Now you can find it on the website.</p>', 'system', 'single', 1646127145),
(1690, 1015, NULL, NULL, NULL, 'Your class approved', '<p>Your class The Professional Guitar Masterclass successfully approved. Now you can find it on the website.</p>', 'system', 'single', 1646130427),
(1691, 1015, NULL, NULL, NULL, 'Your class created', '<p>Your class New in-App Live System successfully created. It will be published after approval.</p>', 'system', 'single', 1646171990),
(1692, 1015, NULL, NULL, NULL, 'Your class approved', '<p>Your class New in-App Live System successfully approved. Now you can find it on the website.</p>', 'system', 'single', 1646172006),
(1693, 1015, NULL, NULL, NULL, 'New sales', '<p>Congratulations! There is a new sales for your class New in-App Live System .</p>', 'system', 'single', 1646172086),
(1694, 995, NULL, NULL, NULL, 'New purchase completed', '<p>The class New in-App Live System successfully purchased. Now you can start learning.</p>', 'system', 'single', 1646172086),
(1695, 995, NULL, NULL, NULL, 'New financial document', '<p>&nbsp;New financial document submitted for your class New in-App Live System with type deduction and amount 11.00 .</p>', 'system', 'single', 1646172087),
(1696, 1015, NULL, NULL, NULL, 'New sales', '<p>Congratulations! There is a new sales for your class New in-App Live System .</p>', 'system', 'single', 1646172123),
(1697, 996, NULL, NULL, NULL, 'New purchase completed', '<p>The class New in-App Live System successfully purchased. Now you can start learning.</p>', 'system', 'single', 1646172123),
(1698, 996, NULL, NULL, NULL, 'New financial document', '<p>&nbsp;New financial document submitted for your class New in-App Live System with type deduction and amount 9.90 .</p>', 'system', 'single', 1646172124),
(1699, 1015, NULL, NULL, NULL, 'New sales', '<p>Congratulations! There is a new sales for your class New in-App Live System .</p>', 'system', 'single', 1646172159),
(1700, 979, NULL, NULL, NULL, 'New purchase completed', '<p>The class New in-App Live System successfully purchased. Now you can start learning.</p>', 'system', 'single', 1646172159),
(1701, 979, NULL, NULL, NULL, 'New financial document', '<p>&nbsp;New financial document submitted for your class New in-App Live System with type deduction and amount 11.00 .</p>', 'system', 'single', 1646172160),
(1702, 1015, NULL, NULL, NULL, 'New sales', '<p>Congratulations! There is a new sales for your class New in-App Live System .</p>', 'system', 'single', 1646172296),
(1703, 929, NULL, NULL, NULL, 'New purchase completed', '<p>The class New in-App Live System successfully purchased. Now you can start learning.</p>', 'system', 'single', 1646172296),
(1704, 929, NULL, NULL, NULL, 'New financial document', '<p>&nbsp;New financial document submitted for your class New in-App Live System with type deduction and amount 11.00 .</p>', 'system', 'single', 1646172296),
(1705, 923, NULL, NULL, NULL, 'Your class approved', '<p>Your class How to Travel Around the World successfully approved. Now you can find it on the website.</p>', 'system', 'single', 1646172352),
(1706, 923, NULL, NULL, NULL, 'Your class approved', '<p>Your class Effective Time Management successfully approved. Now you can find it on the website.</p>', 'system', 'single', 1646172394),
(1707, 1015, NULL, NULL, NULL, 'Your class created', '<p>Your class New in-App Live System successfully created. It will be published after approval.</p>', 'system', 'single', 1646172624),
(1708, 1015, NULL, NULL, NULL, 'Your class approved', '<p>Your class New in-App Live System successfully approved. Now you can find it on the website.</p>', 'system', 'single', 1646172650),
(1709, 1015, NULL, NULL, NULL, 'Your class created', '<p>Your class New in-App Live System successfully created. It will be published after approval.</p>', 'system', 'single', 1646173046),
(1710, 1015, NULL, NULL, NULL, 'Your class approved', '<p>Your class New Learning Page successfully approved. Now you can find it on the website.</p>', 'system', 'single', 1646173945),
(1711, 1017, NULL, NULL, NULL, 'New badge', '<p>Congratilations! You received Loyal User&nbsp;badge.</p>', 'system', 'single', 1646174015),
(1712, 1015, NULL, NULL, NULL, 'Your class approved', '<p>Your class New in-App Live System successfully approved. Now you can find it on the website.</p>', 'system', 'single', 1646174680),
(1713, 1015, NULL, NULL, NULL, 'Your class approved', '<p>Your class New in-App Live System successfully approved. Now you can find it on the website.</p>', 'system', 'single', 1646175192),
(1714, 1015, NULL, NULL, NULL, 'Your class approved', '<p>Your class New in-App Live System successfully approved. Now you can find it on the website.</p>', 'system', 'single', 1646175313),
(1715, 1015, NULL, NULL, NULL, 'Your class approved', '<p>Your class New in-App Live System successfully approved. Now you can find it on the website.</p>', 'system', 'single', 1646175337),
(1764, 863, NULL, NULL, NULL, 'New badge', '<p><span style="color: rgb(78, 94, 106); font-family: &quot;Open Sans&quot;, &quot;Helvetica Neue&quot;, Helvetica, Arial, sans-serif; font-size: 13.5px;">Congratulations</span>! You received Golden Classes&nbsp;badge.</p>', 'system', 'single', 1646263574),
(1765, 863, NULL, NULL, NULL, 'New badge', '<p><span style="color: rgb(78, 94, 106); font-family: &quot;Open Sans&quot;, &quot;Helvetica Neue&quot;, Helvetica, Arial, sans-serif; font-size: 13.5px;">Congratulations</span>! You received Top Seller&nbsp;badge.</p>', 'system', 'single', 1646263574),
(1766, 863, NULL, NULL, NULL, 'New badge', '<p><span style="color: rgb(78, 94, 106); font-family: &quot;Open Sans&quot;, &quot;Helvetica Neue&quot;, Helvetica, Arial, sans-serif; font-size: 13.5px;">Congratulations</span>! You received Fantastic Support&nbsp;badge.</p>', 'system', 'single', 1646263574),
(1767, 868, NULL, NULL, NULL, 'New badge', '<p><span style="color: rgb(78, 94, 106); font-family: &quot;Open Sans&quot;, &quot;Helvetica Neue&quot;, Helvetica, Arial, sans-serif; font-size: 13.5px;">Congratulations</span>! You received Faithful User&nbsp;badge.</p>', 'system', 'single', 1646287364),
(1768, 996, NULL, NULL, NULL, 'New badge', '<p><span style="color: rgb(78, 94, 106); font-family: &quot;Open Sans&quot;, &quot;Helvetica Neue&quot;, Helvetica, Arial, sans-serif; font-size: 13.5px;">Congratulations</span>! You received Faithful User&nbsp;badge.</p>', 'system', 'single', 1646290203),
(1769, 995, NULL, NULL, NULL, 'New badge', '<p><span style="color: rgb(78, 94, 106); font-family: &quot;Open Sans&quot;, &quot;Helvetica Neue&quot;, Helvetica, Arial, sans-serif; font-size: 13.5px;">Congratulations</span>! You received Faithful User&nbsp;badge.</p>', 'system', 'single', 1646302693),
(1770, 923, NULL, NULL, NULL, 'New badge', '<p><span style="color: rgb(78, 94, 106); font-family: &quot;Open Sans&quot;, &quot;Helvetica Neue&quot;, Helvetica, Arial, sans-serif; font-size: 13.5px;">Congratulations</span>! You received Faithful User&nbsp;badge.</p>', 'system', 'single', 1646326059),
(1771, 923, NULL, NULL, NULL, 'New badge', '<p><span style="color: rgb(78, 94, 106); font-family: &quot;Open Sans&quot;, &quot;Helvetica Neue&quot;, Helvetica, Arial, sans-serif; font-size: 13.5px;">Congratulations</span>! You received Senior Vendor&nbsp;badge.</p>', 'system', 'single', 1646326060),
(1772, 923, NULL, NULL, NULL, 'New badge', '<p><span style="color: rgb(78, 94, 106); font-family: &quot;Open Sans&quot;, &quot;Helvetica Neue&quot;, Helvetica, Arial, sans-serif; font-size: 13.5px;">Congratulations</span>! You received Golden Classes&nbsp;badge.</p>', 'system', 'single', 1646326060),
(1773, 923, NULL, NULL, NULL, 'New badge', '<p><span style="color: rgb(78, 94, 106); font-family: &quot;Open Sans&quot;, &quot;Helvetica Neue&quot;, Helvetica, Arial, sans-serif; font-size: 13.5px;">Congratulations</span>! You received Top Seller&nbsp;badge.</p>', 'system', 'single', 1646326060),
(1774, 923, NULL, NULL, NULL, 'New badge', '<p><span style="color: rgb(78, 94, 106); font-family: &quot;Open Sans&quot;, &quot;Helvetica Neue&quot;, Helvetica, Arial, sans-serif; font-size: 13.5px;">Congratulations</span>! You received Fantastic Support&nbsp;badge.</p>', 'system', 'single', 1646326061),
(1775, 929, NULL, NULL, NULL, 'Your class approved', '<p>Your class How to Manage Your Virtual Team successfully approved. Now you can find it on the website.</p>', 'system', 'single', 1646350436),
(1776, 1015, NULL, NULL, NULL, 'New feedback', '<p>Your class New Learning Page received a 5 stars rating from Cameron Schofield .</p>', 'system', 'single', 1646352833),
(1777, 1015, NULL, NULL, NULL, 'New sales', '<p>Congratulations! There is a new sales for your class  .</p>', 'system', 'single', 1646379288),
(1778, 995, NULL, NULL, NULL, 'New purchase completed', '<p>The class  successfully purchased. Now you can start learning.</p>', 'system', 'single', 1646379289),
(1779, 995, NULL, NULL, NULL, 'New meeting request', '<p>New meeting booked by Cameron Schofield for 2022-03-15  with the amount 750 .</p>', 'system', 'single', 1646379289),
(1780, 1015, NULL, NULL, NULL, 'New meeting request', '<p>New meeting booked by Cameron Schofield for 2022-03-15  with the amount 750 .</p>', 'system', 'single', 1646379290),
(1781, 995, NULL, NULL, NULL, 'New financial document', '<p>&nbsp;New financial document submitted for your class Reservation Appointment with type deduction and amount 825.00 .</p>', 'system', 'single', 1646379290),
(1782, 1017, NULL, NULL, NULL, 'New badge', '<p><span style="color: rgb(78, 94, 106); font-family: &quot;Open Sans&quot;, &quot;Helvetica Neue&quot;, Helvetica, Arial, sans-serif; font-size: 13.5px;">Congratulations</span>! You received Loyal User&nbsp;badge.</p>', 'system', 'single', 1646379366),
(1783, 867, NULL, NULL, NULL, 'New financial document', '<p>&nbsp;New financial document submitted for your class [c.title] with type addiction and amount 200 .</p>', 'system', 'single', 1646381415),
(1784, 870, NULL, NULL, NULL, 'New badge', '<p>You received Faithful User&nbsp;badge.</p>', 'system', 'single', 1646384782),
(1785, 870, NULL, NULL, NULL, 'New badge', '<p>You received Junior Vendor&nbsp;badge.</p>', 'system', 'single', 1646384788),
(1786, 870, NULL, NULL, NULL, 'New badge', '<p>You received Golden Classes&nbsp;badge.</p>', 'system', 'single', 1646384788),
(1787, 870, NULL, NULL, NULL, 'New badge', '<p>You received Top Seller&nbsp;badge.</p>', 'system', 'single', 1646384789),
(1788, 870, NULL, NULL, NULL, 'New badge', '<p>You received Fantastic Support&nbsp;badge.</p>', 'system', 'single', 1646384794),
(1789, 930, NULL, NULL, NULL, 'New badge', '<p>You received Faithful User&nbsp;badge.</p>', 'system', 'single', 1646386699),
(1790, NULL, NULL, NULL, NULL, 'New sales', '<p>Congratulations! There is a new sales for your class Pro Registration package .</p>', 'system', 'single', 1646386787),
(1791, 930, NULL, NULL, NULL, 'New purchase completed', '<p>The class Pro Registration package successfully purchased. Now you can start learning.</p>', 'system', 'single', 1646386787),
(1792, 930, NULL, NULL, NULL, 'New financial document', '<p>&nbsp;New financial document submitted for your class [c.title] with type deduction and amount 218.90 .</p>', 'system', 'single', 1646386792),
(1793, 859, NULL, NULL, NULL, 'New badge', '<p>You received Faithful User&nbsp;badge.</p>', 'system', 'single', 1646387054),
(1794, 1015, NULL, NULL, NULL, 'New badge', '<p>You received Faithful User&nbsp;badge.</p>', 'system', 'single', 1646387094),
(1795, 1015, NULL, NULL, NULL, 'New badge', '<p>You received Expert Vendor&nbsp;badge.</p>', 'system', 'single', 1646387101),
(1796, 1015, NULL, NULL, NULL, 'New badge', '<p>You received Golden Classes&nbsp;badge.</p>', 'system', 'single', 1646387102),
(1797, 1015, NULL, NULL, NULL, 'New badge', '<p>You received King Seller&nbsp;badge.</p>', 'system', 'single', 1646387102),
(1798, 1015, NULL, NULL, NULL, 'New badge', '<p>You received Fantastic Support&nbsp;badge.</p>', 'system', 'single', 1646387107),
(1799, 859, NULL, NULL, NULL, 'New financial document', '<p>&nbsp;New financial document submitted for your class [c.title] with type addiction and amount 500 .</p>', 'system', 'single', 1646387608),
(1800, NULL, NULL, NULL, NULL, 'New sales', '<p>Congratulations! There is a new sales for your class Basic Registration package .</p>', 'system', 'single', 1646387655),
(1801, 859, NULL, NULL, NULL, 'New purchase completed', '<p>The class Basic Registration package successfully purchased. Now you can start learning.</p>', 'system', 'single', 1646387655),
(1802, 859, NULL, NULL, NULL, 'New financial document', '<p>&nbsp;New financial document submitted for your class [c.title] with type deduction and amount 220.00 .</p>', 'system', 'single', 1646387660),
(1803, 1017, NULL, NULL, NULL, 'New badge', '<p>You received Loyal User&nbsp;badge.</p>', 'system', 'single', 1646387776),
(1804, 996, NULL, NULL, NULL, 'New badge', '<p>You received Faithful User&nbsp;badge.</p>', 'system', 'single', 1646389863),
(1805, 934, NULL, NULL, NULL, 'New badge', '<p>You received Faithful User&nbsp;badge.</p>', 'system', 'single', 1646389876),
(1806, 934, NULL, NULL, NULL, 'New badge', '<p>You received Senior Vendor&nbsp;badge.</p>', 'system', 'single', 1646389876),
(1807, 934, NULL, NULL, NULL, 'New badge', '<p>You received Golden Classes&nbsp;badge.</p>', 'system', 'single', 1646389881),
(1808, 934, NULL, NULL, NULL, 'New badge', '<p>You received Best Seller&nbsp;badge.</p>', 'system', 'single', 1646389887),
(1809, 934, NULL, NULL, NULL, 'New badge', '<p>You received Fantastic Support&nbsp;badge.</p>', 'system', 'single', 1646389887),
(1810, 1015, NULL, NULL, NULL, 'Your class approved', '<p>Your class New In-App Live System successfully approved. Now you can find it on the website.</p>', 'system', 'single', 1646392216),
(1811, 995, NULL, NULL, NULL, 'New badge', '<p>You received Faithful User&nbsp;badge.</p>', 'system', 'single', 1646396328),
(1812, 1016, NULL, NULL, NULL, 'New badge', '<p>You received Faithful User&nbsp;badge.</p>', 'system', 'single', 1646396360),
(1813, 1016, NULL, NULL, NULL, 'New badge', '<p>You received Junior Vendor&nbsp;badge.</p>', 'system', 'single', 1646396362);

INSERT INTO `cschool`.`notifications` (`id`, `user_id`, `sender_id`, `group_id`, `webinar_id`, `title`, `message`, `sender`, `type`, `created_at`) VALUES 
(1814, 1016, NULL, NULL, NULL, 'New badge', '<p>You received Golden Classes&nbsp;badge.</p>', 'system', 'single', 1646396363),
(1815, 1016, NULL, NULL, NULL, 'New badge', '<p>You received Top Seller&nbsp;badge.</p>', 'system', 'single', 1646396363),
(1816, 1016, NULL, NULL, NULL, 'New badge', '<p>You received Fantastic Support&nbsp;badge.</p>', 'system', 'single', 1646396368),
(1817, 934, NULL, NULL, NULL, 'Your class approved', '<p>Your class Web Design for Beginners successfully approved. Now you can find it on the website.</p>', 'system', 'single', 1646396836),
(1818, 929, NULL, NULL, NULL, 'Your class approved', '<p>Your class How to Manage Your Virtual Team successfully approved. Now you can find it on the website.</p>', 'system', 'single', 1646396847),
(1819, 929, NULL, NULL, NULL, 'Your class approved', '<p>Your class The Future of Energy successfully approved. Now you can find it on the website.</p>', 'system', 'single', 1646396857),
(1820, 979, NULL, NULL, NULL, 'New badge', '<p>You received Faithful User&nbsp;badge.</p>', 'system', 'single', 1646398166),
(1821, 3, NULL, NULL, NULL, 'New badge', '<p>You received Faithful User&nbsp;badge.</p>', 'system', 'single', 1646406163),
(1822, 3, NULL, NULL, NULL, 'New badge', '<p>You received Senior Vendor&nbsp;badge.</p>', 'system', 'single', 1646406163),
(1823, 3, NULL, NULL, NULL, 'New badge', '<p>You received Bronze Classes&nbsp;badge.</p>', 'system', 'single', 1646406164),
(1824, 3, NULL, NULL, NULL, 'New badge', '<p>You received Top Seller&nbsp;badge.</p>', 'system', 'single', 1646406169),
(1825, 3, NULL, NULL, NULL, 'New badge', '<p>You received Amazing Support&nbsp;badge.</p>', 'system', 'single', 1646406174),
(1826, 4, NULL, NULL, NULL, 'New badge', '<p>You received Faithful User&nbsp;badge.</p>', 'system', 'single', 1646406175),
(1827, 4, NULL, NULL, NULL, 'New badge', '<p>You received Junior Vendor&nbsp;badge.</p>', 'system', 'single', 1646406175),
(1828, 4, NULL, NULL, NULL, 'New badge', '<p>You received Golden Classes&nbsp;badge.</p>', 'system', 'single', 1646406175),
(1829, 4, NULL, NULL, NULL, 'New badge', '<p>You received Best Seller&nbsp;badge.</p>', 'system', 'single', 1646406181),
(1830, 4, NULL, NULL, NULL, 'New badge', '<p>You received Fantastic Support&nbsp;badge.</p>', 'system', 'single', 1646406181),
(1831, 863, NULL, NULL, NULL, 'New badge', '<p>You received Faithful User&nbsp;badge.</p>', 'system', 'single', 1646406181),
(1832, 863, NULL, NULL, NULL, 'New badge', '<p>You received Junior Vendor&nbsp;badge.</p>', 'system', 'single', 1646406182),
(1833, 863, NULL, NULL, NULL, 'New badge', '<p>You received Golden Classes&nbsp;badge.</p>', 'system', 'single', 1646406187),
(1834, 863, NULL, NULL, NULL, 'New badge', '<p>You received Top Seller&nbsp;badge.</p>', 'system', 'single', 1646406187),
(1835, 863, NULL, NULL, NULL, 'New badge', '<p>You received Fantastic Support&nbsp;badge.</p>', 'system', 'single', 1646406193),
(1836, 864, NULL, NULL, NULL, 'New badge', '<p>You received Faithful User&nbsp;badge.</p>', 'system', 'single', 1646406198),
(1837, 864, NULL, NULL, NULL, 'New badge', '<p>You received Junior Vendor&nbsp;badge.</p>', 'system', 'single', 1646406198),
(1838, 864, NULL, NULL, NULL, 'New badge', '<p>You received Best Seller&nbsp;badge.</p>', 'system', 'single', 1646406198),
(1839, 867, NULL, NULL, NULL, 'New badge', '<p>You received Faithful User&nbsp;badge.</p>', 'system', 'single', 1646406199),
(1840, 867, NULL, NULL, NULL, 'New badge', '<p>You received Expert Vendor&nbsp;badge.</p>', 'system', 'single', 1646406199),
(1841, 867, NULL, NULL, NULL, 'New badge', '<p>You received Golden Classes&nbsp;badge.</p>', 'system', 'single', 1646406199),
(1842, 867, NULL, NULL, NULL, 'New badge', '<p>You received Top Seller&nbsp;badge.</p>', 'system', 'single', 1646406205),
(1843, 867, NULL, NULL, NULL, 'New badge', '<p>You received Fantastic Support&nbsp;badge.</p>', 'system', 'single', 1646406205),
(1844, 868, NULL, NULL, NULL, 'New badge', '<p>You received Faithful User&nbsp;badge.</p>', 'system', 'single', 1646406205),
(1845, 870, NULL, NULL, NULL, 'New badge', '<p>Congrolation ! You received Faithful User badge.</p>', 'system', 'single', 1646408504),
(1846, 870, NULL, NULL, NULL, 'New badge', '<p>Congrolation ! You received Junior Vendor badge.</p>', 'system', 'single', 1646408511),
(1847, 870, NULL, NULL, NULL, 'New badge', '<p>Congrolation ! You received Golden Classes badge.</p>', 'system', 'single', 1646408516),
(1848, 870, NULL, NULL, NULL, 'New badge', '<p>Congrolation ! You received Top Seller badge.</p>', 'system', 'single', 1646408522),
(1849, 870, NULL, NULL, NULL, 'New badge', '<p>Congrolation ! You received Fantastic Support badge.</p>', 'system', 'single', 1646408527),
(1850, 934, NULL, NULL, NULL, 'New badge', '<p>Congrolation! You received Faithful User badge.</p>', 'system', 'single', 1646408593),
(1851, 934, NULL, NULL, NULL, 'New badge', '<p>Congrolation! You received Senior Vendor badge.</p>', 'system', 'single', 1646408594),
(1852, 934, NULL, NULL, NULL, 'New badge', '<p>Congrolation! You received Golden Classes badge.</p>', 'system', 'single', 1646408596),
(1853, 934, NULL, NULL, NULL, 'New badge', '<p>Congrolation! You received Best Seller badge.</p>', 'system', 'single', 1646408601),
(1854, 934, NULL, NULL, NULL, 'New badge', '<p>Congrolation! You received Fantastic Support badge.</p>', 'system', 'single', 1646408606),
(1855, 1015, NULL, NULL, NULL, 'New badge', '<p>Congrolation! You received Faithful User badge.</p>', 'system', 'single', 1646408712),
(1856, 1015, NULL, NULL, NULL, 'New badge', '<p>Congrolation! You received Expert Vendor badge.</p>', 'system', 'single', 1646408713),
(1857, 1015, NULL, NULL, NULL, 'New badge', '<p>Congrolation! You received Golden Classes badge.</p>', 'system', 'single', 1646408719),
(1858, 1015, NULL, NULL, NULL, 'New badge', '<p>Congrolation! You received King Seller badge.</p>', 'system', 'single', 1646408724),
(1859, 1015, NULL, NULL, NULL, 'New badge', '<p>Congrolation! You received Fantastic Support badge.</p>', 'system', 'single', 1646408730),
(1860, 995, NULL, NULL, NULL, 'New badge', '<p>Congrolation! You received Faithful User badge.</p>', 'system', 'single', 1646412265),
(1861, 870, NULL, NULL, NULL, 'New badge', '<p>Congrolation! You received Faithful User badge.</p>', 'system', 'single', 1646412316),
(1862, 870, NULL, NULL, NULL, 'New badge', '<p>Congrolation! You received Junior Vendor badge.</p>', 'system', 'single', 1646412321),
(1863, 870, NULL, NULL, NULL, 'New badge', '<p>Congrolation! You received Golden Classes badge.</p>', 'system', 'single', 1646412322),
(1864, 870, NULL, NULL, NULL, 'New badge', '<p>Congrolation! You received Top Seller badge.</p>', 'system', 'single', 1646412323),
(1865, 870, NULL, NULL, NULL, 'New badge', '<p>Congrolation! You received Fantastic Support badge.</p>', 'system', 'single', 1646412328),
(1866, 995, NULL, NULL, NULL, 'Offline payment submitted', '<p>An offline payment request with the amount 100 submitted successfully.</p>', 'system', 'single', 1646413097),
(1867, 1016, NULL, NULL, NULL, 'New badge', '<p>Congrolation! You received Faithful User badge.</p>', 'system', 'single', 1646413370),
(1868, 1016, NULL, NULL, NULL, 'New badge', '<p>Congrolation! You received Junior Vendor badge.</p>', 'system', 'single', 1646413376),
(1869, 1016, NULL, NULL, NULL, 'New badge', '<p>Congrolation! You received Golden Classes badge.</p>', 'system', 'single', 1646413376),
(1870, 1016, NULL, NULL, NULL, 'New badge', '<p>Congrolation! You received Top Seller badge.</p>', 'system', 'single', 1646413377),
(1871, 1016, NULL, NULL, NULL, 'New badge', '<p>Congrolation! You received Fantastic Support badge.</p>', 'system', 'single', 1646413380),
(1872, 1016, NULL, NULL, NULL, 'New feedback', '<p>Your class Become a Product Manager received a 5 stars rating from Robert Ransdell .</p>', 'system', 'single', 1646413440),
(1873, 996, NULL, NULL, NULL, 'New badge', '<p>Congrolation! You received Faithful User badge.</p>', 'system', 'single', 1646414245),
(1874, 1015, NULL, NULL, NULL, 'Your class approved', '<p>Your class New In-App Live System successfully approved. Now you can find it on the website.</p>', 'system', 'single', 1646415127),
(1875, 1015, NULL, NULL, NULL, 'Your class approved', '<p>Your class New Learning Page successfully approved. Now you can find it on the website.</p>', 'system', 'single', 1646415140),
(1876, 929, NULL, NULL, NULL, 'New badge', '<p>Congrolation! You received Faithful User badge.</p>', 'system', 'single', 1646415745),
(1877, 929, NULL, NULL, NULL, 'New badge', '<p>Congrolation! You received Senior Vendor badge.</p>', 'system', 'single', 1646415750),
(1878, 929, NULL, NULL, NULL, 'New badge', '<p>Congrolation! You received Golden Classes badge.</p>', 'system', 'single', 1646415755),
(1879, 929, NULL, NULL, NULL, 'New badge', '<p>Congrolation! You received Top Seller badge.</p>', 'system', 'single', 1646415756),
(1880, 929, NULL, NULL, NULL, 'New badge', '<p>Congrolation! You received Amazing Support badge.</p>', 'system', 'single', 1646415756),
(1881, 923, NULL, NULL, NULL, 'New badge', '<p>Congrolation! You received Faithful User badge.</p>', 'system', 'single', 1646415757),
(1882, 923, NULL, NULL, NULL, 'New badge', '<p>Congrolation! You received Senior Vendor badge.</p>', 'system', 'single', 1646415757),
(1883, 923, NULL, NULL, NULL, 'New badge', '<p>Congrolation! You received Golden Classes badge.</p>', 'system', 'single', 1646415757),
(1884, 923, NULL, NULL, NULL, 'New badge', '<p>Congrolation! You received Top Seller badge.</p>', 'system', 'single', 1646415758),
(1885, 923, NULL, NULL, NULL, 'New badge', '<p>Congrolation! You received Fantastic Support badge.</p>', 'system', 'single', 1646415763),
(1886, 4, NULL, NULL, NULL, 'New badge', '<p>Congrolation! You received Faithful User badge.</p>', 'system', 'single', 1646426799),
(1887, 4, NULL, NULL, NULL, 'New badge', '<p>Congrolation! You received Junior Vendor badge.</p>', 'system', 'single', 1646426800),
(1888, 4, NULL, NULL, NULL, 'New badge', '<p>Congrolation! You received Golden Classes badge.</p>', 'system', 'single', 1646426805),
(1889, 4, NULL, NULL, NULL, 'New badge', '<p>Congrolation! You received Best Seller badge.</p>', 'system', 'single', 1646426826),
(1890, 4, NULL, NULL, NULL, 'New badge', '<p>Congrolation! You received Fantastic Support badge.</p>', 'system', 'single', 1646426831),
(1891, 1015, NULL, NULL, NULL, 'Your class approved', '<p>Your class New Learning Page successfully approved. Now you can find it on the website.</p>', 'system', 'single', 1646492850),
(1892, 1015, NULL, NULL, NULL, 'new badge', '<p>You received Faithful User&nbsp;badge</p>', 'system', 'single', 1655151400),
(1893, 1015, NULL, NULL, NULL, 'new badge', '<p>You received Expert Vendor&nbsp;badge</p>', 'system', 'single', 1655151401),
(1894, 1015, NULL, NULL, NULL, 'new badge', '<p>You received Golden Classes&nbsp;badge</p>', 'system', 'single', 1655151401),
(1895, 1015, NULL, NULL, NULL, 'new badge', '<p>You received King Seller&nbsp;badge</p>', 'system', 'single', 1655151402),
(1896, 1015, NULL, NULL, NULL, 'new badge', '<p>You received Fantastic Support&nbsp;badge</p>', 'system', 'single', 1655151402),
(1897, 1016, NULL, NULL, NULL, 'new badge', '<p>You received Faithful User&nbsp;badge</p>', 'system', 'single', 1655151402),
(1898, 1016, NULL, NULL, NULL, 'new badge', '<p>You received Junior Vendor&nbsp;badge</p>', 'system', 'single', 1655151402),
(1899, 1016, NULL, NULL, NULL, 'new badge', '<p>You received Golden Classes&nbsp;badge</p>', 'system', 'single', 1655151403),
(1900, 1016, NULL, NULL, NULL, 'new badge', '<p>You received Top Seller&nbsp;badge</p>', 'system', 'single', 1655151403),
(1901, 1016, NULL, NULL, NULL, 'new badge', '<p>You received Fantastic Support&nbsp;badge</p>', 'system', 'single', 1655151403),
(1902, 995, NULL, NULL, NULL, 'new badge', '<p>You received Faithful User&nbsp;badge</p>', 'system', 'single', 1655617838),
(1903, 1, NULL, NULL, NULL, 'new badge', '<p>You received Faithful User&nbsp;badge</p>', 'system', 'single', 1655618081),
(1904, 934, NULL, NULL, NULL, 'new badge', '<p>You received Faithful User&nbsp;badge</p>', 'system', 'single', 1655626424),
(1905, 934, NULL, NULL, NULL, 'new badge', '<p>You received Senior Vendor&nbsp;badge</p>', 'system', 'single', 1655626430),
(1906, 934, NULL, NULL, NULL, 'new badge', '<p>You received Golden Classes&nbsp;badge</p>', 'system', 'single', 1655626430),
(1907, 934, NULL, NULL, NULL, 'new badge', '<p>You received Best Seller&nbsp;badge</p>', 'system', 'single', 1655626430),
(1908, 934, NULL, NULL, NULL, 'new badge', '<p>You received Fantastic Support&nbsp;badge</p>', 'system', 'single', 1655626436),
(1909, 1017, NULL, NULL, NULL, 'new badge', '<p>You received Faithful User&nbsp;badge</p>', 'system', 'single', 1655697087),
(1910, 929, NULL, NULL, NULL, 'new badge', '<p>You received Faithful User&nbsp;badge</p>', 'system', 'single', 1655718810),
(1911, 929, NULL, NULL, NULL, 'new badge', '<p>You received Senior Vendor&nbsp;badge</p>', 'system', 'single', 1655718816),
(1912, 929, NULL, NULL, NULL, 'new badge', '<p>You received Golden Classes&nbsp;badge</p>', 'system', 'single', 1655718817),
(1913, 929, NULL, NULL, NULL, 'new badge', '<p>You received Top Seller&nbsp;badge</p>', 'system', 'single', 1655718817),
(1914, 929, NULL, NULL, NULL, 'new badge', '<p>You received Amazing Support&nbsp;badge</p>', 'system', 'single', 1655718818),
(1915, 979, NULL, NULL, NULL, 'new badge', '<p>You received Faithful User&nbsp;badge</p>', 'system', 'single', 1655786599),
(1916, 930, NULL, NULL, NULL, 'new badge', '<p>You received Faithful User&nbsp;badge</p>', 'system', 'single', 1655786673),
(1917, 923, NULL, NULL, NULL, 'new badge', '<p>You received Faithful User&nbsp;badge</p>', 'system', 'single', 1655787580),
(1918, 923, NULL, NULL, NULL, 'new badge', '<p>You received Senior Vendor&nbsp;badge</p>', 'system', 'single', 1655787581),
(1919, 923, NULL, NULL, NULL, 'new badge', '<p>You received Golden Classes&nbsp;badge</p>', 'system', 'single', 1655787582),
(1920, 923, NULL, NULL, NULL, 'new badge', '<p>You received Fantastic Support&nbsp;badge</p>', 'system', 'single', 1655787582),
(1921, 996, NULL, NULL, NULL, 'new badge', '<p>You received Faithful User&nbsp;badge</p>', 'system', 'single', 1655788012),
(1922, 870, NULL, NULL, NULL, 'new badge', '<p>You received Faithful User&nbsp;badge</p>', 'system', 'single', 1655788252),
(1923, 870, NULL, NULL, NULL, 'new badge', '<p>You received Junior Vendor&nbsp;badge</p>', 'system', 'single', 1655788252),
(1924, 870, NULL, NULL, NULL, 'new badge', '<p>You received Golden Classes&nbsp;badge</p>', 'system', 'single', 1655788252),
(1925, 870, NULL, NULL, NULL, 'new badge', '<p>You received Fantastic Support&nbsp;badge</p>', 'system', 'single', 1655788253),
(1926, 3, NULL, NULL, NULL, 'new badge', '<p>You received Faithful User&nbsp;badge</p>', 'system', 'single', 1655788547),
(1927, 3, NULL, NULL, NULL, 'new badge', '<p>You received Senior Vendor&nbsp;badge</p>', 'system', 'single', 1655788548),
(1928, 3, NULL, NULL, NULL, 'new badge', '<p>You received Bronze Classes&nbsp;badge</p>', 'system', 'single', 1655788548),
(1929, 3, NULL, NULL, NULL, 'new badge', '<p>You received Best Seller&nbsp;badge</p>', 'system', 'single', 1655788548),
(1930, 3, NULL, NULL, NULL, 'new badge', '<p>You received Amazing Support&nbsp;badge</p>', 'system', 'single', 1655788549),
(1931, 859, NULL, NULL, NULL, 'new badge', '<p>You received Faithful User&nbsp;badge</p>', 'system', 'single', 1655789571),
(1932, 929, NULL, NULL, NULL, 'new badge', '<p>You received Expert Vendor&nbsp;badge</p>', 'system', 'single', 1655799442),
(1933, 929, NULL, NULL, NULL, 'Course created', '<p>you create new course&nbsp;with Title Drip & Assignment Features</p>', 'system', 'single', 1655804545),
(1934, 929, NULL, NULL, NULL, 'Course approve', '<p>your course with title Drip & Assignment Features approved</p>', 'system', 'single', 1655804610),
(1935, 929, NULL, NULL, NULL, 'Course approve', '<p>your course with title Drip and Assignment Features approved</p>', 'system', 'single', 1655804649),
(1936, 867, NULL, NULL, NULL, 'new badge', '<p>You received Faithful User&nbsp;badge</p>', 'system', 'single', 1655822951),
(1937, 867, NULL, NULL, NULL, 'new badge', '<p>You received Expert Vendor&nbsp;badge</p>', 'system', 'single', 1655822952),
(1938, 867, NULL, NULL, NULL, 'new badge', '<p>You received Golden Classes&nbsp;badge</p>', 'system', 'single', 1655822952),
(1939, 867, NULL, NULL, NULL, 'new badge', '<p>You received Top Seller&nbsp;badge</p>', 'system', 'single', 1655822952),
(1940, 867, NULL, NULL, NULL, 'new badge', '<p>You received Fantastic Support&nbsp;badge</p>', 'system', 'single', 1655822953),
(1941, 863, NULL, NULL, NULL, 'new badge', '<p>You received Faithful User&nbsp;badge</p>', 'system', 'single', 1655822954),
(1942, 863, NULL, NULL, NULL, 'new badge', '<p>You received Junior Vendor&nbsp;badge</p>', 'system', 'single', 1655822954),
(1943, 863, NULL, NULL, NULL, 'new badge', '<p>You received Golden Classes&nbsp;badge</p>', 'system', 'single', 1655822954),
(1944, 863, NULL, NULL, NULL, 'new badge', '<p>You received Top Seller&nbsp;badge</p>', 'system', 'single', 1655822955),
(1945, 864, NULL, NULL, NULL, 'new badge', '<p>You received Faithful User&nbsp;badge</p>', 'system', 'single', 1655822955),
(1946, 863, NULL, NULL, NULL, 'new badge', '<p>You received Fantastic Support&nbsp;badge</p>', 'system', 'single', 1655822955),
(1947, 864, NULL, NULL, NULL, 'new badge', '<p>You received Junior Vendor&nbsp;badge</p>', 'system', 'single', 1655822955),
(1948, 864, NULL, NULL, NULL, 'new badge', '<p>You received Best Seller&nbsp;badge</p>', 'system', 'single', 1655822955),
(1949, 4, NULL, NULL, NULL, 'new badge', '<p>You received Faithful User&nbsp;badge</p>', 'system', 'single', 1655823000),
(1950, 4, NULL, NULL, NULL, 'new badge', '<p>You received Junior Vendor&nbsp;badge</p>', 'system', 'single', 1655823000),
(1951, 4, NULL, NULL, NULL, 'new badge', '<p>You received Golden Classes&nbsp;badge</p>', 'system', 'single', 1655823001),
(1952, 4, NULL, NULL, NULL, 'new badge', '<p>You received Best Seller&nbsp;badge</p>', 'system', 'single', 1655823001),
(1953, 4, NULL, NULL, NULL, 'new badge', '<p>You received Fantastic Support&nbsp;badge</p>', 'system', 'single', 1655823001),
(1954, 929, NULL, NULL, NULL, 'Course approve', '<p>your course with title Drip and Assignment Features approved</p>', 'system', 'single', 1655871649),
(1955, 929, NULL, NULL, NULL, 'Rating (Feedback)', '<p>new feedback submitted for course with title Drip and Assignment Features bu student Robert B. Gray and rate 4</p>', 'system', 'single', 1655875572),
(1956, 1015, NULL, NULL, NULL, 'new badge', '<p>You received Loyal User&nbsp;badge</p>', 'system', 'single', 1655907547),
(1957, 1019, NULL, NULL, NULL, 'new badge', '<p>You received New User&nbsp;badge</p>', 'system', 'single', 1655970555),
(1958, 1015, NULL, NULL, NULL, 'New sales', '<p>new sale for course with title Microsoft Office Beginner to Expert Bundle</p>', 'system', 'single', 1656083262),
(1959, 930, NULL, NULL, NULL, 'New purchase', '<p>new purchase for course with title Microsoft Office Beginner to Expert Bundle</p>', 'system', 'single', 1656083262),
(1960, 930, NULL, NULL, NULL, 'New financial document', '<p>&nbsp;New financial document for course Microsoft Office Beginner to Expert Bundle with type deduction with price 55.00</p>', 'system', 'single', 1656083263),
(1961, 1016, NULL, NULL, NULL, 'new badge', '<p>You received Loyal User&nbsp;badge</p>', 'system', 'single', 1656083787),
(1962, 1015, NULL, NULL, NULL, 'Rating (Feedback)', '<p>new feedback submitted for course with title Travel Management Course bu student Cameron Schofield and rate 5</p>', 'system', 'single', 1656103090),
(1963, 1015, NULL, NULL, NULL, 'Course approve', '<p>your course with title New Learning Page approved</p>', 'system', 'single', 1656103140),
(1964, 995, NULL, NULL, NULL, 'New financial document', '<p>&nbsp;New financial document for course Sherlock Holmes e-book with type deduction with price 5.25</p>', 'system', 'single', 1656103844),
(1965, 923, NULL, NULL, NULL, 'New financial document', '<p>&nbsp;New financial document for course Painting tools with type deduction with price 31.25</p>', 'system', 'single', 1656104131),
(1966, 864, NULL, NULL, NULL, 'New sales', '<p>new sale for course with title Active Listening: You Can Be a Great Listener</p>', 'system', 'single', 1656130482),
(1967, 996, NULL, NULL, NULL, 'New purchase', '<p>new purchase for course with title Active Listening: You Can Be a Great Listener</p>', 'system', 'single', 1656130482),
(1968, 996, NULL, NULL, NULL, 'New financial document', '<p>&nbsp;New financial document for course Active Listening: You Can Be a Great Listener with type deduction with price 39.60</p>', 'system', 'single', 1656130482),
(1969, 864, NULL, NULL, NULL, 'new badge', '<p>You received Top Seller&nbsp;badge</p>', 'system', 'single', 1656130495),
(1970, 3, NULL, NULL, NULL, 'Rating (Feedback)', '<p>new feedback submitted for course with title Active Listening: You Can Be a Great Listener bu student Robert B. Gray and rate 5</p>', 'system', 'single', 1656130561),
(1971, 930, NULL, NULL, NULL, 'New financial document', '<p>&nbsp;New financial document for course Advanced microscope with type deduction with price 314.50</p>', 'system', 'single', 1656130707),
(1972, 996, NULL, NULL, NULL, 'New financial document', '<p>&nbsp;New financial document for course Business Software with type deduction with price 78.75</p>', 'system', 'single', 1656130963),
(1973, 929, NULL, NULL, NULL, 'Course approve', '<p>your course with title Drip and Assignment Features approved</p>', 'system', 'single', 1656137686),
(1974, 929, NULL, NULL, NULL, 'Course approve', '<p>your course with title Drip and Assignment Features approved</p>', 'system', 'single', 1656137739),
(1975, 934, NULL, NULL, NULL, 'New sales', '<p>new sale for course with title A-Z Web Programming</p>', 'system', 'single', 1656139703),
(1976, 979, NULL, NULL, NULL, 'New purchase', '<p>new purchase for course with title A-Z Web Programming</p>', 'system', 'single', 1656139704),
(1977, 979, NULL, NULL, NULL, 'New financial document', '<p>&nbsp;New financial document for course A-Z Web Programming with type deduction with price 8.80</p>', 'system', 'single', 1656139704),
(1978, 929, NULL, NULL, NULL, 'New sales', '<p>new sale for course with title Solar Energy Design Course From Zero To Hero</p>', 'system', 'single', 1656139705),
(1979, 979, NULL, NULL, NULL, 'New purchase', '<p>new purchase for course with title Solar Energy Design Course From Zero To Hero</p>', 'system', 'single', 1656139705),
(1980, 979, NULL, NULL, NULL, 'New financial document', '<p>&nbsp;New financial document for course Solar Energy Design Course From Zero To Hero with type deduction with price 27.50</p>', 'system', 'single', 1656139705),
(1981, 929, NULL, NULL, NULL, 'Course approve', '<p>your course with title New Update Features approved</p>', 'system', 'single', 1656142775),
(1982, 1015, NULL, NULL, NULL, 'new badge', '<p>You received Store Best Seller&nbsp;badge</p>', 'system', 'single', 1656148218),
(1983, 1015, NULL, NULL, NULL, 'new badge', '<p>You received Forums Top User&nbsp;badge</p>', 'system', 'single', 1656148220),
(1984, 1017, NULL, NULL, NULL, 'new badge', '<p>You received Loyal User&nbsp;badge</p>', 'system', 'single', 1656148474),
(1985, 1017, NULL, NULL, NULL, 'new badge', '<p>You received Forums Top User&nbsp;badge</p>', 'system', 'single', 1656148474),
(1986, 1017, NULL, NULL, NULL, 'New financial document', '<p>&nbsp;New financial document for course Painting tools with type deduction with price 26.00</p>', 'system', 'single', 1656148574),
(1987, 995, NULL, NULL, NULL, 'new badge', '<p>You received Forums Top User&nbsp;badge</p>', 'system', 'single', 1656148637),
(1988, 995, NULL, NULL, NULL, 'New financial document', '<p>&nbsp;New financial document for course  with type addiction with price 300</p>', 'system', 'single', 1656148789),
(1989, 995, NULL, NULL, NULL, 'New financial document', '<p>&nbsp;New financial document for course Painting tools with type deduction with price 52.25</p>', 'system', 'single', 1656148838),
(1990, 1016, NULL, NULL, NULL, 'new badge', '<p>You received Store Best Seller&nbsp;badge</p>', 'system', 'single', 1656194232),
(1991, 864, NULL, NULL, NULL, 'new badge', '<p>You received Golden Classes&nbsp;badge</p>', 'system', 'single', 1656194599),
(1992, 864, NULL, NULL, NULL, 'new badge', '<p>You received Fantastic Support&nbsp;badge</p>', 'system', 'single', 1656194599),
(1993, 870, NULL, NULL, NULL, 'new badge', '<p>You received Forums Top User&nbsp;badge</p>', 'system', 'single', 1656219366),
(1994, 996, NULL, NULL, NULL, 'new badge', '<p>You received Forums Top User&nbsp;badge</p>', 'system', 'single', 1656219590),
(1995, 929, NULL, NULL, NULL, 'Course approve', '<p>your course with title New Update Features approved</p>', 'system', 'single', 1656219955),
(1996, 1015, NULL, NULL, NULL, 'Course approve', '<p>your course with title New Learning Page approved</p>', 'system', 'single', 1656220500),
(1997, 929, NULL, NULL, NULL, 'Course approve', '<p>your course with title New Update Features approved</p>', 'system', 'single', 1656220512),
(1998, 995, NULL, NULL, NULL, 'New financial document', '<p>&nbsp;New financial document for course Where the Crawdads Sing e-book with type deduction with price 17.00</p>', 'system', 'single', 1656322658),
(1999, 1015, NULL, NULL, NULL, 'Course approve', '<p>your course with title New Learning Page approved</p>', 'system', 'single', 1656362307),
(2000, 929, NULL, NULL, NULL, 'Course approve', '<p>your course with title New Update Features approved</p>', 'system', 'single', 1656362329),
(2001, 1015, NULL, NULL, NULL, 'Course approve', '<p>your course with title New Learning Page approved</p>', 'system', 'single', 1656406697),
(2002, 923, NULL, NULL, NULL, 'new badge', '<p>You received Forums Top User&nbsp;badge</p>', 'system', 'single', 1656530749),
(2003, 929, NULL, NULL, NULL, 'Course approve', '<p>your course with title New Update Features approved</p>', 'system', 'single', 1656662548),
(2004, 1015, NULL, NULL, NULL, 'Course created', '<p>you create new course&nbsp;with Title New Learning Page</p>', 'system', 'single', 1656664502),
(2005, 1015, NULL, NULL, NULL, 'Course approve', '<p>your course with title New Learning Page approved</p>', 'system', 'single', 1656664518),
(2006, 929, NULL, NULL, NULL, 'Course approve', '<p>your course with title New Update Features approved</p>', 'system', 'single', 1656664534),
(2007, 995, NULL, NULL, NULL, 'Certificate', '<p>certificate recived for course Travel Management Course</p>', 'system', 'single', 1656664855),
(2008, 1015, NULL, NULL, NULL, 'Course approve', '<p>your course with title New Learning Page approved</p>', 'system', 'single', 1677569169),
(2009, 929, NULL, NULL, NULL, 'Course approve', '<p>your course with title New Update Features approved</p>', 'system', 'single', 1677573590),
(2010, 1019, NULL, NULL, NULL, 'new badge', '<p>You received Loyal User&nbsp;badge</p>', 'system', 'single', 1678904160),
(2011, 934, NULL, NULL, NULL, 'Your upcoming course followed', '<p>Cameron Schofield followed your upcoming course Web Design for Beginners</p>', 'system', 'single', 1678908505),
(2012, 930, NULL, NULL, NULL, 'New reward point', '<p>You get 10&nbsp;for New Badge&nbsp;on 15 Mar 2023 15:28</p>', 'system', 'single', 1678908532),
(2013, 930, NULL, NULL, NULL, 'new badge', '<p>You received Forums Top User&nbsp;badge</p>', 'system', 'single', 1678908532),
(2014, 934, NULL, NULL, NULL, 'Your upcoming course followed', '<p>Jade Harrison followed your upcoming course Web Design for Beginners</p>', 'system', 'single', 1678908543),
(2015, 934, NULL, NULL, NULL, 'Your upcoming course followed', '<p>Robert B. Gray followed your upcoming course Web Design for Beginners</p>', 'system', 'single', 1678908564),
(2016, 934, NULL, NULL, NULL, 'Your upcoming course followed', '<p>Alex Pmelaa followed your upcoming course Web Design for Beginners</p>', 'system', 'single', 1678908593),
(2017, 934, NULL, NULL, NULL, 'Your upcoming course followed', '<p>Morgan Sullivan followed your upcoming course Web Design for Beginners</p>', 'system', 'single', 1678908616),
(2018, 934, NULL, NULL, NULL, 'Your upcoming course published', '<p>Your upcoming course Web Design for Beginners&nbsp;published.</p>', 'system', 'single', 1678908647),
(2019, 995, NULL, NULL, NULL, 'Upcoming course published and is accessible', '<p>The upcoming course Web Design for Beginners published now and you can check it.</p>', 'system', 'single', 1678908647),
(2020, 930, NULL, NULL, NULL, 'Upcoming course published and is accessible', '<p>The upcoming course Web Design for Beginners published now and you can check it.</p>', 'system', 'single', 1678908647),
(2021, 996, NULL, NULL, NULL, 'Upcoming course published and is accessible', '<p>The upcoming course Web Design for Beginners published now and you can check it.</p>', 'system', 'single', 1678908647),
(2022, 1017, NULL, NULL, NULL, 'Upcoming course published and is accessible', '<p>The upcoming course Web Design for Beginners published now and you can check it.</p>', 'system', 'single', 1678908647),
(2023, 979, NULL, NULL, NULL, 'Upcoming course published and is accessible', '<p>The upcoming course Web Design for Beginners published now and you can check it.</p>', 'system', 'single', 1678908647),
(2024, 1016, NULL, NULL, NULL, 'Your upcoming course followed', '<p>Robert B. Gray followed your upcoming course Digital Photography</p>', 'system', 'single', 1678908833),
(2025, 1016, NULL, NULL, NULL, 'Your upcoming course followed', '<p>Cameron Schofield followed your upcoming course Digital Photography</p>', 'system', 'single', 1678908841),
(2026, 1016, NULL, NULL, NULL, 'Your upcoming course followed', '<p>Jade Harrison followed your upcoming course Digital Photography</p>', 'system', 'single', 1678908851),
(2027, 1015, NULL, NULL, NULL, 'Your upcoming course followed', '<p>Robert B. Gray followed your upcoming course Python for Beginners</p>', 'system', 'single', 1678908877),
(2028, 1015, NULL, NULL, NULL, 'Your upcoming course followed', '<p>Morgan Sullivan followed your upcoming course Python for Beginners</p>', 'system', 'single', 1678908893),
(2029, 1, NULL, NULL, NULL, 'New item created', '<p>Jessica Wray created a new item with title Installment feature</p>', 'system', 'single', 1678910860),
(2030, 870, NULL, NULL, NULL, 'Course created', '<p>you create new course&nbsp;with Title Installment and Secure Host features</p>', 'system', 'single', 1678911932),
(2031, 1, NULL, NULL, NULL, 'Content review request', '<p>Jessica Wray sent a review request for Installment and Secure Host features</p>', 'system', 'single', 1678911932),
(2032, 870, NULL, NULL, NULL, 'New reward point', '<p>You get 20&nbsp;for New Badge&nbsp;on 15 Mar 2023 16:26</p>', 'system', 'single', 1678911991),
(2033, 870, NULL, NULL, NULL, 'new badge', '<p>You received Senior Vendor&nbsp;badge</p>', 'system', 'single', 1678911991),
(2034, 3, NULL, NULL, NULL, 'New reward point', '<p>You get 50&nbsp;for New Badge&nbsp;on 15 Mar 2023 16:27</p>', 'system', 'single', 1678912055),
(2035, 3, NULL, NULL, NULL, 'new badge', '<p>You received Golden Classes&nbsp;badge</p>', 'system', 'single', 1678912055),
(2036, 3, NULL, NULL, NULL, 'New reward point', '<p>You get 20&nbsp;for New Badge&nbsp;on 15 Mar 2023 16:27</p>', 'system', 'single', 1678912055),
(2037, 3, NULL, NULL, NULL, 'new badge', '<p>You received Fantastic Support&nbsp;badge</p>', 'system', 'single', 1678912055),
(2038, 3, NULL, NULL, NULL, 'New reward point', '<p>You get 10&nbsp;for New Badge&nbsp;on 15 Mar 2023 16:27</p>', 'system', 'single', 1678912055),
(2039, 3, NULL, NULL, NULL, 'new badge', '<p>You received Forums Top User&nbsp;badge</p>', 'system', 'single', 1678912055),
(2040, 870, NULL, NULL, NULL, 'Course approve', '<p>your course with title Installment and Secure Host approved</p>', 'system', 'single', 1678912167),
(2041, 870, NULL, NULL, NULL, 'New reward point', '<p>You get 50&nbsp;for Publishing a Course&nbsp;on 15 Mar 2023 16:29</p>', 'system', 'single', 1678912167),
(2042, 870, NULL, NULL, NULL, 'Course approve', '<p>your course with title Installment and Secure Host approved</p>', 'system', 'single', 1678912277),
(2043, 870, NULL, NULL, NULL, 'Course approve', '<p>your course with title Installment and Secure Host approved</p>', 'system', 'single', 1678913755),
(2044, 870, NULL, NULL, NULL, 'Course approve', '<p>your course with title Installment and Secure Host approved</p>', 'system', 'single', 1678914025),
(2045, 870, NULL, NULL, NULL, 'Course created', '<p>you create new course&nbsp;with Title Installment and Secure Host</p>', 'system', 'single', 1678915115),
(2046, 1, NULL, NULL, NULL, 'Content review request', '<p>Jessica Wray sent a review request for Installment and Secure Host</p>', 'system', 'single', 1678915115),
(2047, 995, NULL, NULL, NULL, 'Installment request submitted', '<p>Your installment for Installment payment with 0% interest&nbsp;at $100&nbsp;submitted successfully.</p>', 'system', 'single', 1678915403),
(2048, 1, NULL, NULL, NULL, 'Installment request submitted (Admin)', '<p>Cameron Schofield submitted an installment request for Installment payment with 0% interest&nbsp;at $100.</p>', 'system', 'single', 1678915403),
(2049, 995, NULL, NULL, NULL, 'New reward point', '<p>You get 165&nbsp;for Purchase&nbsp;on 15 Mar 2023 17:24</p>', 'system', 'single', 1678915490),
(2050, 995, NULL, NULL, NULL, 'New financial document', '<p>&nbsp;New financial document for course Installment Upfront with type deduction with price $33</p>', 'system', 'single', 1678915490),
(2051, 995, NULL, NULL, NULL, 'Installment verification request submitted', '<p>We received your verification request for Installment payment with 0% interest&nbsp;on 15 Mar 2023 - 17:24&nbsp;and the result will be informed to you soon.</p>', 'system', 'single', 1678915490),
(2052, 1, NULL, NULL, NULL, 'Installment verification request submitted (Admin)', '<p>Cameron Schofield submitted a verification request for Installment payment with 0% interest&nbsp;on 15 Mar 2023 - 17:24.</p>', 'system', 'single', 1678915490),
(2053, 995, NULL, NULL, NULL, 'Installment verification request approved', '<p>Your verification request for Installment payment with 0% interest&nbsp;approved.</p>', 'system', 'single', 1678915553),
(2054, 979, NULL, NULL, NULL, 'Installment request submitted', '<p>Your installment for Installment payment with 0% interest&nbsp;at $100&nbsp;submitted successfully.</p>', 'system', 'single', 1678917752),
(2055, 1, NULL, NULL, NULL, 'Installment request submitted (Admin)', '<p>Morgan Sullivan submitted an installment request for Installment payment with 0% interest&nbsp;at $100.</p>', 'system', 'single', 1678917752),
(2056, 979, NULL, NULL, NULL, 'New reward point', '<p>You get 165&nbsp;for Purchase&nbsp;on 15 Mar 2023 18:02</p>', 'system', 'single', 1678917767),
(2057, 979, NULL, NULL, NULL, 'New financial document', '<p>&nbsp;New financial document for course Installment Upfront with type deduction with price $33</p>', 'system', 'single', 1678917767),
(2058, 979, NULL, NULL, NULL, 'Installment verification request submitted', '<p>We received your verification request for Installment payment with 0% interest&nbsp;on 15 Mar 2023 - 18:02&nbsp;and the result will be informed to you soon.</p>', 'system', 'single', 1678917767),
(2059, 1, NULL, NULL, NULL, 'Installment verification request submitted (Admin)', '<p>Morgan Sullivan submitted a verification request for Installment payment with 0% interest&nbsp;on 15 Mar 2023 - 18:02.</p>', 'system', 'single', 1678917767),
(2060, 929, NULL, NULL, NULL, 'New sales', '<p>new sale for course with title The Future of Energy (A gift for Cameron Schofield on 15 Mar 2023 10:30)</p>', 'system', 'single', 1678919437),
(2061, 979, NULL, NULL, NULL, 'New purchase', '<p>new purchase for course with title The Future of Energy (A gift for Cameron Schofield on 15 Mar 2023 10:30)</p>', 'system', 'single', 1678919437),
(2062, 1, NULL, NULL, NULL, 'New course enrollment', '<p>Morgan Sullivan enrolled in The Future of Energy (A gift for Cameron Schofield on 15 Mar 2023 10:30)&nbsp;on 15 Mar 2023 18:30&nbsp;at $39.60</p>', 'system', 'single', 1678919437),
(2063, 979, NULL, NULL, NULL, 'New reward point', '<p>You get 198&nbsp;for Purchase&nbsp;on 15 Mar 2023 18:30</p>', 'system', 'single', 1678919437),
(2064, 995, NULL, NULL, NULL, 'You received a gift', '<p>Morgan Sullivan&nbsp;sent you The Future of Energy which is a course&nbsp;as a gift with the following message: Hi, Dear Cameron.
I hope to this course be helpful for you.
From Morgan.</p>', 'system', 'single', 1678919437),
(2065, 979, NULL, NULL, NULL, 'Gift submitted successfully', '<p>Your gift request for Cameron Schofield&nbsp;submitted successfully on 15 Mar 2023 18:30&nbsp;and the The Future of Energy which is a course&nbsp;at $39.60&nbsp;will be sent to the recipient on 15 Mar 2023 10:30&nbsp;with the following message: Hi, Dear Cameron.
I hope to this course be helpful for you.
From Morgan.</p>', 'system', 'single', 1678919437),
(2066, 1, NULL, NULL, NULL, 'Gift request submitted (Admin)', '<p>Morgan Sullivan submitted a gift request for The Future of Energy&nbsp;which is a course&nbsp;for Cameron Schofield&nbsp;on 15 Mar 2023 18:30&nbsp;at $39.60&nbsp;and it will be sent to the recipient on 15 Mar 2023 10:30</p>', 'system', 'single', 1678919437),
(2067, 979, NULL, NULL, NULL, 'New financial document', '<p>&nbsp;New financial document for course The Future of Energy (A gift for Cameron Schofield on 15 Mar 2023 10:30) with type deduction with price $39.60</p>', 'system', 'single', 1678919437),
(2068, 995, NULL, NULL, NULL, 'New reward point', '<p>You get 20&nbsp;for Course Completion&nbsp;on 15 Mar 2023 18:30</p>', 'system', 'single', 1678919451),
(2069, 930, NULL, NULL, NULL, 'Installment request submitted', '<p>Your installment for Installment payment On Christmas&nbsp;at $100&nbsp;submitted successfully.</p>', 'system', 'single', 1678922498),
(2070, 1, NULL, NULL, NULL, 'Installment request submitted (Admin)', '<p>Jade Harrison submitted an installment request for Installment payment On Christmas&nbsp;at $100.</p>', 'system', 'single', 1678922498),
(2071, 930, NULL, NULL, NULL, 'New reward point', '<p>You get 165&nbsp;for Purchase&nbsp;on 15 Mar 2023 19:21</p>', 'system', 'single', 1678922511),
(2072, 930, NULL, NULL, NULL, 'New financial document', '<p>&nbsp;New financial document for course Installment Upfront with type deduction with price $33</p>', 'system', 'single', 1678922511),
(2073, 930, NULL, NULL, NULL, 'Installment verification request submitted', '<p>We received your verification request for Installment payment On Christmas&nbsp;on 15 Mar 2023 - 19:21&nbsp;and the result will be informed to you soon.</p>', 'system', 'single', 1678922511),
(2074, 1, NULL, NULL, NULL, 'Installment verification request submitted (Admin)', '<p>Jade Harrison submitted a verification request for Installment payment On Christmas&nbsp;on 15 Mar 2023 - 19:21.</p>', 'system', 'single', 1678922511),
(2075, 930, NULL, NULL, NULL, 'You got cashback!', '<p>You got $3&nbsp;as cashback and this amount added to your account.</p>', 'system', 'single', 1678922511),
(2076, 1, NULL, NULL, NULL, 'User got cashback (Admin)', '<p>Jade Harrison got $3 as cashback and this amount charged to their account.</p>', 'system', 'single', 1678922511),
(2077, 995, NULL, NULL, NULL, 'New reward point', '<p>You get 110&nbsp;for Purchase&nbsp;on 15 Mar 2023 19:24</p>', 'system', 'single', 1678922691),
(2078, 995, NULL, NULL, NULL, 'New financial document', '<p>&nbsp;New financial document for course Installment with type deduction with price $22</p>', 'system', 'single', 1678922691),
(2079, 995, NULL, NULL, NULL, 'Installment paid successfully', '<p>You paid $20&nbsp;for Installment payment On Christmas&nbsp;with due date 15 Mar 2023 - 19:24&nbsp;successfully.</p>', 'system', 'single', 1678922691),
(2080, 1, NULL, NULL, NULL, 'Installment paid successfully (Admin)', '<p>Cameron Schofield paid $20&nbsp;for Installment payment On Christmas&nbsp;with the due date 15 Mar 2023 - 19:24&nbsp;successfully.</p>', 'system', 'single', 1678922691),
(2081, 995, NULL, NULL, NULL, 'You got cashback!', '<p>You got $2&nbsp;as cashback and this amount added to your account.</p>', 'system', 'single', 1678922691),
(2082, 1, NULL, NULL, NULL, 'User got cashback (Admin)', '<p>Cameron Schofield got $2 as cashback and this amount charged to their account.</p>', 'system', 'single', 1678922691),
(2083, 930, NULL, NULL, NULL, 'Installment verification request approved', '<p>Your verification request for Installment payment On Christmas&nbsp;approved.</p>', 'system', 'single', 1678922711),
(2084, 1017, NULL, NULL, NULL, 'Installment request submitted', '<p>Your installment for Installment payment On Christmas&nbsp;at $100&nbsp;submitted successfully.</p>', 'system', 'single', 1678923546),
(2085, 1, NULL, NULL, NULL, 'Installment request submitted (Admin)', '<p>Alex Pmelaa submitted an installment request for Installment payment On Christmas&nbsp;at $100.</p>', 'system', 'single', 1678923546),
(2086, 1017, NULL, NULL, NULL, 'New reward point', '<p>You get 165&nbsp;for Purchase&nbsp;on 15 Mar 2023 19:39</p>', 'system', 'single', 1678923556),
(2087, 1017, NULL, NULL, NULL, 'New financial document', '<p>&nbsp;New financial document for course Installment Upfront with type deduction with price $33</p>', 'system', 'single', 1678923556),
(2088, 1017, NULL, NULL, NULL, 'Installment verification request submitted', '<p>We received your verification request for Installment payment On Christmas&nbsp;on 15 Mar 2023 - 19:39&nbsp;and the result will be informed to you soon.</p>', 'system', 'single', 1678923556),
(2089, 1, NULL, NULL, NULL, 'Installment verification request submitted (Admin)', '<p>Alex Pmelaa submitted a verification request for Installment payment On Christmas&nbsp;on 15 Mar 2023 - 19:39.</p>', 'system', 'single', 1678923556),
(2090, 1017, NULL, NULL, NULL, 'You got cashback!', '<p>You got $3&nbsp;as cashback and this amount added to your account.</p>', 'system', 'single', 1678923556),
(2091, 1, NULL, NULL, NULL, 'User got cashback (Admin)', '<p>Alex Pmelaa got $3 as cashback and this amount charged to their account.</p>', 'system', 'single', 1678923556),
(2092, 1017, NULL, NULL, NULL, 'Installment verification request approved', '<p>Your verification request for Installment payment On Christmas&nbsp;approved.</p>', 'system', 'single', 1678923608),
(2093, 979, NULL, NULL, NULL, 'You have an unpaid installment', '<p>You have an installment for Installment payment On Christmas&nbsp;at $20&nbsp;for today. Please pay it as soon as possible.</p>', 'system', 'single', 1678925414),
(2094, 930, NULL, NULL, NULL, 'You have an unpaid installment', '<p>You have an installment for Installment payment On Christmas&nbsp;at $20&nbsp;for today. Please pay it as soon as possible.</p>', 'system', 'single', 1678925414),
(2095, 1017, NULL, NULL, NULL, 'You have an unpaid installment', '<p>You have an installment for Installment payment On Christmas&nbsp;at $20&nbsp;for today. Please pay it as soon as possible.</p>', 'system', 'single', 1678925414),
(2096, 979, NULL, NULL, NULL, 'Installment request submitted', '<p>Your installment for Installment payment On Christmas&nbsp;at $100&nbsp;submitted successfully.</p>', 'system', 'single', 1678925780),
(2097, 1, NULL, NULL, NULL, 'Installment request submitted (Admin)', '<p>Morgan Sullivan submitted an installment request for Installment payment On Christmas&nbsp;at $100.</p>', 'system', 'single', 1678925780),
(2098, 979, NULL, NULL, NULL, 'New reward point', '<p>You get 165&nbsp;for Purchase&nbsp;on 15 Mar 2023 20:16</p>', 'system', 'single', 1678925790),
(2099, 979, NULL, NULL, NULL, 'New financial document', '<p>&nbsp;New financial document for course Installment Upfront with type deduction with price $33</p>', 'system', 'single', 1678925790),
(2100, 979, NULL, NULL, NULL, 'Installment verification request submitted', '<p>We received your verification request for Installment payment On Christmas&nbsp;on 15 Mar 2023 - 20:16&nbsp;and the result will be informed to you soon.</p>', 'system', 'single', 1678925790),
(2101, 1, NULL, NULL, NULL, 'Installment verification request submitted (Admin)', '<p>Morgan Sullivan submitted a verification request for Installment payment On Christmas&nbsp;on 15 Mar 2023 - 20:16.</p>', 'system', 'single', 1678925790),
(2102, 979, NULL, NULL, NULL, 'You got cashback!', '<p>You got $3&nbsp;as cashback and this amount added to your account.</p>', 'system', 'single', 1678925790),
(2103, 1, NULL, NULL, NULL, 'User got cashback (Admin)', '<p>Morgan Sullivan got $3 as cashback and this amount charged to their account.</p>', 'system', 'single', 1678925790),
(2104, 979, NULL, NULL, NULL, 'Installment verification request approved', '<p>Your verification request for Installment payment On Christmas&nbsp;approved.</p>', 'system', 'single', 1678925811),
(2105, 995, NULL, NULL, NULL, 'Installment request submitted', '<p>Your installment for Installment payment On Christmas&nbsp;at $100&nbsp;submitted successfully.</p>', 'system', 'single', 1678925906),
(2106, 1, NULL, NULL, NULL, 'Installment request submitted (Admin)', '<p>Cameron Schofield submitted an installment request for Installment payment On Christmas&nbsp;at $100.</p>', 'system', 'single', 1678925906),
(2107, 995, NULL, NULL, NULL, 'New reward point', '<p>You get 165&nbsp;for Purchase&nbsp;on 15 Mar 2023 20:18</p>', 'system', 'single', 1678925916),
(2108, 995, NULL, NULL, NULL, 'New financial document', '<p>&nbsp;New financial document for course Installment Upfront with type deduction with price $33</p>', 'system', 'single', 1678925916),
(2109, 995, NULL, NULL, NULL, 'Installment verification request submitted', '<p>We received your verification request for Installment payment On Christmas&nbsp;on 15 Mar 2023 - 20:18&nbsp;and the result will be informed to you soon.</p>', 'system', 'single', 1678925916),
(2110, 1, NULL, NULL, NULL, 'Installment verification request submitted (Admin)', '<p>Cameron Schofield submitted a verification request for Installment payment On Christmas&nbsp;on 15 Mar 2023 - 20:18.</p>', 'system', 'single', 1678925916),
(2111, 995, NULL, NULL, NULL, 'You got cashback!', '<p>You got $3&nbsp;as cashback and this amount added to your account.</p>', 'system', 'single', 1678925916),
(2112, 1, NULL, NULL, NULL, 'User got cashback (Admin)', '<p>Cameron Schofield got $3 as cashback and this amount charged to their account.</p>', 'system', 'single', 1678925916),
(2113, 995, NULL, NULL, NULL, 'Installment verification request approved', '<p>Your verification request for Installment payment On Christmas&nbsp;approved.</p>', 'system', 'single', 1678925934),
(2114, 995, NULL, NULL, NULL, 'New reward point', '<p>You get 110&nbsp;for Purchase&nbsp;on 15 Mar 2023 20:20</p>', 'system', 'single', 1678926039),
(2115, 995, NULL, NULL, NULL, 'New financial document', '<p>&nbsp;New financial document for course Installment with type deduction with price $22</p>', 'system', 'single', 1678926039),
(2116, 995, NULL, NULL, NULL, 'Installment paid successfully', '<p>You paid $20&nbsp;for Installment payment On Christmas&nbsp;with due date 15 Mar 2023 - 20:20&nbsp;successfully.</p>', 'system', 'single', 1678926039),
(2117, 1, NULL, NULL, NULL, 'Installment paid successfully (Admin)', '<p>Cameron Schofield paid $20&nbsp;for Installment payment On Christmas&nbsp;with the due date 15 Mar 2023 - 20:20&nbsp;successfully.</p>', 'system', 'single', 1678926039),
(2118, 995, NULL, NULL, NULL, 'You got cashback!', '<p>You got $2&nbsp;as cashback and this amount added to your account.</p>', 'system', 'single', 1678926040),
(2119, 1, NULL, NULL, NULL, 'User got cashback (Admin)', '<p>Cameron Schofield got $2 as cashback and this amount charged to their account.</p>', 'system', 'single', 1678926040),
(2120, 1015, NULL, NULL, NULL, 'Course approve', '<p>your course with title New In-App Live System approved</p>', 'system', 'single', 1678955325),
(2121, 1, NULL, NULL, NULL, 'User submitted in waitlist', '<p>Alex Pmelaa submitted to New In-App Live System&nbsp;waitlist.</p>', 'system', 'single', 1678955365),
(2122, 1017, NULL, NULL, NULL, 'You submitted to waitlist', '<p>You submitted to New In-App Live System&nbsp;waitlist.</p>', 'system', 'single', 1678955365),
(2123, 1, NULL, NULL, NULL, 'User submitted in waitlist', '<p>King Pictures submitted to New In-App Live System&nbsp;waitlist.</p>', 'system', 'single', 1678955432),
(2124, 4, NULL, NULL, NULL, 'You submitted to waitlist', '<p>You submitted to New In-App Live System&nbsp;waitlist.</p>', 'system', 'single', 1678955432),
(2125, 868, NULL, NULL, NULL, 'new badge', '<p>You received Faithful User&nbsp;badge</p>', 'system', 'single', 1678955437),
(2126, 1, NULL, NULL, NULL, 'User submitted in waitlist', '<p>TechDecomposed submitted to New In-App Live System&nbsp;waitlist.</p>', 'system', 'single', 1678955461),
(2127, 868, NULL, NULL, NULL, 'You submitted to waitlist', '<p>You submitted to New In-App Live System&nbsp;waitlist.</p>', 'system', 'single', 1678955461),
(2128, 1015, NULL, NULL, NULL, 'Course approve', '<p>your course with title New In-App Live System approved</p>', 'system', 'single', 1678958013),
(2129, 1015, NULL, NULL, NULL, 'Course approve', '<p>your course with title New In-App Live System approved</p>', 'system', 'single', 1678958056),
(2130, 929, NULL, NULL, NULL, 'Course approve', '<p>your course with title New Update Features approved</p>', 'system', 'single', 1678958075),
(2131, 1, NULL, NULL, NULL, 'User submitted in waitlist', '<p>Eliza Canales submitted to New In-App Live System&nbsp;waitlist.</p>', 'system', 'single', 1678958278),
(2132, 1, NULL, NULL, NULL, 'New user registered', '<p>Lewis Erickson registered on the platform on 16 Mar 2023 05:25&nbsp;as Student</p>', 'system', 'single', 1678958736),
(2133, 995, NULL, NULL, NULL, 'New reward point', '<p>You get 5&nbsp;for Referral & Affiliate&nbsp;on 16 Mar 2023 05:26</p>', 'system', 'single', 1678958778),
(2134, 995, NULL, NULL, NULL, 'New user registered with your affiliate code', '<p>Lewis Erickson registered with your affiliate code on 16 Mar 2023.</p>', 'system', 'single', 1678958778),
(2135, 1045, NULL, NULL, NULL, 'New reward point', '<p>You get 5&nbsp;for Registration&nbsp;on 16 Mar 2023 05:26</p>', 'system', 'single', 1678958778),
(2136, 1045, NULL, NULL, NULL, 'New financial document', '<p>&nbsp;New financial document for course  with type addiction with price $150</p>', 'system', 'single', 1678959187),
(2137, 870, NULL, NULL, NULL, 'New sales', '<p>new sale for course with title Installment and Secure Host</p>', 'system', 'single', 1678959222),
(2138, 1045, NULL, NULL, NULL, 'New purchase', '<p>new purchase for course with title Installment and Secure Host</p>', 'system', 'single', 1678959222),
(2139, 1, NULL, NULL, NULL, 'New course enrollment', '<p>Lewis Erickson enrolled in Installment and Secure Host&nbsp;on 16 Mar 2023 05:33&nbsp;at $110</p>', 'system', 'single', 1678959222),
(2140, 1045, NULL, NULL, NULL, 'New reward point', '<p>You get 550&nbsp;for Purchase&nbsp;on 16 Mar 2023 05:33</p>', 'system', 'single', 1678959222),
(2141, 1045, NULL, NULL, NULL, 'New financial document', '<p>&nbsp;New financial document for course Installment and Secure Host with type deduction with price $110</p>', 'system', 'single', 1678959222),
(2142, 1, NULL, NULL, NULL, 'New user registered', '<p>Robert Travis registered on the platform on 16 Mar 2023 05:37&nbsp;as Student</p>', 'system', 'single', 1678959456),
(2143, 995, NULL, NULL, NULL, 'New reward point', '<p>You get 5&nbsp;for Referral & Affiliate&nbsp;on 16 Mar 2023 05:38</p>', 'system', 'single', 1678959533),
(2144, 995, NULL, NULL, NULL, 'New user registered with your affiliate code', '<p>Robert Travis registered with your affiliate code on 16 Mar 2023.</p>', 'system', 'single', 1678959533),
(2145, 1046, NULL, NULL, NULL, 'New reward point', '<p>You get 5&nbsp;for Registration&nbsp;on 16 Mar 2023 05:38</p>', 'system', 'single', 1678959533),
(2146, 870, NULL, NULL, NULL, 'new badge', '<p>You received Best Seller&nbsp;badge</p>', 'system', 'single', 1678960947),
(2147, 995, NULL, NULL, NULL, 'Installment request submitted', '<p>Your installment for Installment payment On Christmas&nbsp;at $100&nbsp;submitted successfully.</p>', 'system', 'single', 1678960995),
(2148, 1, NULL, NULL, NULL, 'Installment request submitted (Admin)', '<p>Cameron Schofield submitted an installment request for Installment payment On Christmas&nbsp;at $100.</p>', 'system', 'single', 1678960995),
(2149, 995, NULL, NULL, NULL, 'New reward point', '<p>You get 165&nbsp;for Purchase&nbsp;on 16 Mar 2023 06:03</p>', 'system', 'single', 1678961006),
(2150, 995, NULL, NULL, NULL, 'New financial document', '<p>&nbsp;New financial document for course Installment Upfront with type deduction with price $33</p>', 'system', 'single', 1678961006),
(2151, 995, NULL, NULL, NULL, 'Installment verification request submitted', '<p>We received your verification request for Installment payment On Christmas&nbsp;on 16 Mar 2023 - 06:03&nbsp;and the result will be informed to you soon.</p>', 'system', 'single', 1678961006),
(2152, 1, NULL, NULL, NULL, 'Installment verification request submitted (Admin)', '<p>Cameron Schofield submitted a verification request for Installment payment On Christmas&nbsp;on 16 Mar 2023 - 06:03.</p>', 'system', 'single', 1678961006),
(2153, 929, NULL, NULL, NULL, 'New sales', '<p>new sale for course with title The Future of Energy</p>', 'system', 'single', 1678961218),
(2154, 930, NULL, NULL, NULL, 'New purchase', '<p>new purchase for course with title The Future of Energy</p>', 'system', 'single', 1678961218),
(2155, 1, NULL, NULL, NULL, 'New course enrollment', '<p>Jade Harrison enrolled in The Future of Energy&nbsp;on 16 Mar 2023 06:06&nbsp;at $39.60</p>', 'system', 'single', 1678961218),
(2156, 930, NULL, NULL, NULL, 'New reward point', '<p>You get 198&nbsp;for Purchase&nbsp;on 16 Mar 2023 06:06</p>', 'system', 'single', 1678961218),
(2157, 930, NULL, NULL, NULL, 'New financial document', '<p>&nbsp;New financial document for course The Future of Energy with type deduction with price $39.60</p>', 'system', 'single', 1678961218),
(2158, 930, NULL, NULL, NULL, 'You got cashback!', '<p>You got $3.60&nbsp;as cashback and this amount added to your account.</p>', 'system', 'single', 1678961218),
(2159, 1, NULL, NULL, NULL, 'User got cashback (Admin)', '<p>Jade Harrison got $3.60 as cashback and this amount charged to their account.</p>', 'system', 'single', 1678961218),
(2160, 995, NULL, NULL, NULL, 'Installment verification request approved', '<p>Your verification request for Installment payment On Christmas&nbsp;approved.</p>', 'system', 'single', 1678961558),
(2161, 979, NULL, NULL, NULL, 'Installment request submitted', '<p>Your installment for Installment payment On Christmas&nbsp;at $100&nbsp;submitted successfully.</p>', 'system', 'single', 1678961644),
(2162, 1, NULL, NULL, NULL, 'Installment request submitted (Admin)', '<p>Morgan Sullivan submitted an installment request for Installment payment On Christmas&nbsp;at $100.</p>', 'system', 'single', 1678961644),
(2163, 979, NULL, NULL, NULL, 'New reward point', '<p>You get 165&nbsp;for Purchase&nbsp;on 16 Mar 2023 06:14</p>', 'system', 'single', 1678961652),
(2164, 979, NULL, NULL, NULL, 'New financial document', '<p>&nbsp;New financial document for course Installment Upfront with type deduction with price $33</p>', 'system', 'single', 1678961652),
(2165, 979, NULL, NULL, NULL, 'Installment verification request submitted', '<p>We received your verification request for Installment payment On Christmas&nbsp;on 16 Mar 2023 - 06:14&nbsp;and the result will be informed to you soon.</p>', 'system', 'single', 1678961652),
(2166, 1, NULL, NULL, NULL, 'Installment verification request submitted (Admin)', '<p>Morgan Sullivan submitted a verification request for Installment payment On Christmas&nbsp;on 16 Mar 2023 - 06:14.</p>', 'system', 'single', 1678961652),
(2167, 979, NULL, NULL, NULL, 'You got cashback!', '<p>You got $3&nbsp;as cashback and this amount added to your account.</p>', 'system', 'single', 1678961652),
(2168, 1, NULL, NULL, NULL, 'User got cashback (Admin)', '<p>Morgan Sullivan got $3 as cashback and this amount charged to their account.</p>', 'system', 'single', 1678961652),
(2169, 1045, NULL, NULL, NULL, 'New reward point', '<p>You get 5&nbsp;for New Badge&nbsp;on 17 Mar 2023 17:26</p>', 'system', 'single', 1679088389),
(2170, 1045, NULL, NULL, NULL, 'new badge', '<p>You received New User&nbsp;badge</p>', 'system', 'single', 1679088389),
(2171, 867, NULL, NULL, NULL, 'New sales', '<p>new sale for course with title Effective Time Management</p>', 'system', 'single', 1679088431),
(2172, 1045, NULL, NULL, NULL, 'New purchase', '<p>new purchase for course with title Effective Time Management</p>', 'system', 'single', 1679088431),
(2173, 1, NULL, NULL, NULL, 'New course enrollment', '<p>Lewis Erickson enrolled in Effective Time Management&nbsp;on 17 Mar 2023 17:27&nbsp;at $33</p>', 'system', 'single', 1679088431),
(2174, 1045, NULL, NULL, NULL, 'New reward point', '<p>You get 165&nbsp;for Purchase&nbsp;on 17 Mar 2023 17:27</p>', 'system', 'single', 1679088431),
(2175, 1045, NULL, NULL, NULL, 'New financial document', '<p>&nbsp;New financial document for course Effective Time Management with type deduction with price $33</p>', 'system', 'single', 1679088431),
(2176, 1045, NULL, NULL, NULL, 'You got cashback!', '<p>You got $3&nbsp;as cashback and this amount added to your account.</p>', 'system', 'single', 1679088431),
(2177, 1, NULL, NULL, NULL, 'User got cashback (Admin)', '<p>Lewis Erickson got $3 as cashback and this amount charged to their account.</p>', 'system', 'single', 1679088431),
(2178, 870, NULL, NULL, NULL, 'Course approve', '<p>your course with title Installment and Secure Host approved</p>', 'system', 'single', 1679090720),
(2179, 929, NULL, NULL, NULL, 'Course approve', '<p>your course with title New Update Features approved</p>', 'system', 'single', 1679090824),
(2180, 870, NULL, NULL, NULL, 'Rating (Feedback)', '<p>new feedback submitted for course with title Installment and Secure Host bu student Cameron Schofield and rate 5</p>', 'system', 'single', 1679093416),
(2181, 1, NULL, NULL, NULL, 'New item review (Rating)', '<p>Cameron Schofield submitted a new rate for Installment and Secure Host</p>', 'system', 'single', 1679093416),
(2182, 995, NULL, NULL, NULL, 'New reward point', '<p>You get 15&nbsp;for Course Review (Rate)&nbsp;on 17 Mar 2023 18:50</p>', 'system', 'single', 1679093427),
(2183, 995, NULL, NULL, NULL, 'Installment request submitted', '<p>Your installment for Installment payment On Christmas&nbsp;at $100&nbsp;submitted successfully.</p>', 'system', 'single', 1685783030),
(2184, 1, NULL, NULL, NULL, 'Installment request submitted (Admin)', '<p>Cameron Schofield submitted an installment request for Installment payment On Christmas&nbsp;at $100.</p>', 'system', 'single', 1685783030),
(2185, 995, NULL, NULL, NULL, 'New reward point', '<p>You get 165&nbsp;for Purchase&nbsp;on 3 Jun 2023 05:04</p>', 'system', 'single', 1685783051),
(2186, 995, NULL, NULL, NULL, 'New financial document', '<p>&nbsp;New financial document for course Installment Upfront with type deduction with price $33</p>', 'system', 'single', 1685783051),
(2187, 995, NULL, NULL, NULL, 'Installment verification request submitted', '<p>We received your verification request for Installment payment On Christmas&nbsp;on 3 Jun 2023 - 05:04&nbsp;and the result will be informed to you soon.</p>', 'system', 'single', 1685783051),
(2188, 1, NULL, NULL, NULL, 'Installment verification request submitted (Admin)', '<p>Cameron Schofield submitted a verification request for Installment payment On Christmas&nbsp;on 3 Jun 2023 - 05:04.</p>', 'system', 'single', 1685783051),
(2189, 995, NULL, NULL, NULL, 'You got cashback!', '<p>You got $3&nbsp;as cashback and this amount added to your account.</p>', 'system', 'single', 1685783051),
(2190, 1, NULL, NULL, NULL, 'User got cashback (Admin)', '<p>Cameron Schofield got $3 as cashback and this amount charged to their account.</p>', 'system', 'single', 1685783051),
(2191, 995, NULL, NULL, NULL, 'Installment verification request approved', '<p>Your verification request for Installment payment On Christmas&nbsp;approved.</p>', 'system', 'single', 1685783075),
(2192, 930, NULL, NULL, NULL, 'Installment request submitted', '<p>Your installment for Installment payment On Christmas&nbsp;at $100&nbsp;submitted successfully.</p>', 'system', 'single', 1685783144),
(2193, 1, NULL, NULL, NULL, 'Installment request submitted (Admin)', '<p>Jade Harrison submitted an installment request for Installment payment On Christmas&nbsp;at $100.</p>', 'system', 'single', 1685783144),
(2194, 930, NULL, NULL, NULL, 'New reward point', '<p>You get 165&nbsp;for Purchase&nbsp;on 3 Jun 2023 05:05</p>', 'system', 'single', 1685783153),
(2195, 930, NULL, NULL, NULL, 'New financial document', '<p>&nbsp;New financial document for course Installment Upfront with type deduction with price $33</p>', 'system', 'single', 1685783153),
(2196, 930, NULL, NULL, NULL, 'Installment verification request submitted', '<p>We received your verification request for Installment payment On Christmas&nbsp;on 3 Jun 2023 - 05:05&nbsp;and the result will be informed to you soon.</p>', 'system', 'single', 1685783153),
(2197, 1, NULL, NULL, NULL, 'Installment verification request submitted (Admin)', '<p>Jade Harrison submitted a verification request for Installment payment On Christmas&nbsp;on 3 Jun 2023 - 05:05.</p>', 'system', 'single', 1685783153),
(2198, 930, NULL, NULL, NULL, 'You got cashback!', '<p>You got $3&nbsp;as cashback and this amount added to your account.</p>', 'system', 'single', 1685783153),
(2199, 1, NULL, NULL, NULL, 'User got cashback (Admin)', '<p>Jade Harrison got $3 as cashback and this amount charged to their account.</p>', 'system', 'single', 1685783153),
(2200, 1046, NULL, NULL, NULL, 'New reward point', '<p>You get 10&nbsp;for New Badge&nbsp;on 16 Sep 2023 03:29</p>', 'system', 'single', 1694849360),
(2201, 1046, NULL, NULL, NULL, 'new badge', '<p>You received Loyal User&nbsp;badge</p>', 'system', 'single', 1694849361),
(2202, 1015, NULL, NULL, NULL, 'Course approve', '<p>your course with title Excel from Beginner to Advanced approved</p>', 'system', 'single', 1694966085),
(2203, 1015, NULL, NULL, NULL, 'New reward point', '<p>You get 50&nbsp;for Publishing a Course&nbsp;on 17 Sep 2023 11:54</p>', 'system', 'single', 1694966085),
(2204, 1015, NULL, NULL, NULL, 'Course approve', '<p>your course with title New Learning Page approved</p>', 'system', 'single', 1694966102),
(2205, 929, NULL, NULL, NULL, 'Course approve', '<p>your course with title New Update Features approved</p>', 'system', 'single', 1694966179),
(2206, 1015, NULL, NULL, NULL, 'Course approve', '<p>your course with title New In-App Live System approved</p>', 'system', 'single', 1694966203),
(2207, 929, NULL, NULL, NULL, 'Course approve', '<p>your course with title New Update Features approved</p>', 'system', 'single', 1694966231),
(2208, 1015, NULL, NULL, NULL, 'Course approve', '<p>your course with title New Learning Page approved</p>', 'system', 'single', 1694966236),
(2209, 1, NULL, NULL, NULL, 'new submission for forms', '<p>James Kong fill out Teacher Registration Form form in 17 Sep 2023 13:08.</p>', 'system', 'single', 1694970500),
(2210, 1015, NULL, NULL, NULL, 'Course approve', '<p>your course with title New In-App Live System approved</p>', 'system', 'single', 1709200278),
(2211, 1015, NULL, NULL, NULL, 'Course approve', '<p>your course with title Excel from Beginner to Advanced approved</p>', 'system', 'single', 1709538867),
(2212, 1015, NULL, NULL, NULL, 'Course approve', '<p>your course with title Excel from Beginner to Advanced approved</p>', 'system', 'single', 1709538879),
(2214, 1046, NULL, NULL, NULL, 'Cart Reminder', '<div>We''re excited to invite you to complete your purchase with us! Enjoy exclusive benefits and offers by finalizing your order now.</div>', 'system', 'single', 1709624794),
(2215, 923, NULL, NULL, NULL, 'Course approve', '<p>your course with title Effective Time Management approved</p>', 'system', 'single', 1709711056),
(2216, 1015, NULL, NULL, NULL, 'Course approve', '<p>your course with title New Learning Page approved</p>', 'system', 'single', 1709711904),
(2217, 1015, NULL, NULL, NULL, 'Course approve', '<p>your course with title New In-App Live System approved</p>', 'system', 'single', 1709711935),
(2218, 870, NULL, NULL, NULL, 'Course approve', '<p>your course with title Installment and Secure Host approved</p>', 'system', 'single', 1709711966),
(2219, 1015, NULL, NULL, NULL, 'New badge awarded', '<p>You received Faithful User&nbsp;badge</p>', 'system', 'single', 1709762954),
(2220, 1015, NULL, NULL, NULL, 'New badge awarded', '<p>You received Expert Vendor&nbsp;badge</p>', 'system', 'single', 1709762954),
(2221, 1015, NULL, NULL, NULL, 'New badge awarded', '<p>You received Golden Classes&nbsp;badge</p>', 'system', 'single', 1709762954),
(2222, 1015, NULL, NULL, NULL, 'New badge awarded', '<p>You received King Seller&nbsp;badge</p>', 'system', 'single', 1709762954),
(2223, 1015, NULL, NULL, NULL, 'New badge awarded', '<p>You received Fantastic Support&nbsp;badge</p>', 'system', 'single', 1709762954),
(2224, 1015, NULL, NULL, NULL, 'New badge awarded', '<p>You received Forums Top User&nbsp;badge</p>', 'system', 'single', 1709762954),
(2225, 1015, NULL, NULL, NULL, 'Cart Reminder', '<div>We''re excited to invite you to complete your purchase with us! Enjoy exclusive benefits and offers by finalizing your order now.</div>', 'system', 'single', 1709763037),
(2226, 1016, NULL, NULL, NULL, 'New badge awarded', '<p>You received Faithful User&nbsp;badge</p>', 'system', 'single', 1709806397),
(2227, 1016, NULL, NULL, NULL, 'New badge awarded', '<p>You received Junior Vendor&nbsp;badge</p>', 'system', 'single', 1709806397),
(2228, 1016, NULL, NULL, NULL, 'New badge awarded', '<p>You received Golden Classes&nbsp;badge</p>', 'system', 'single', 1709806397),
(2229, 1016, NULL, NULL, NULL, 'New badge awarded', '<p>You received Top Seller&nbsp;badge</p>', 'system', 'single', 1709806398),
(2230, 1016, NULL, NULL, NULL, 'New badge awarded', '<p>You received Fantastic Support&nbsp;badge</p>', 'system', 'single', 1709806398),
(2231, 868, NULL, NULL, NULL, 'New badge awarded', '<p>You received Faithful User&nbsp;badge</p>', 'system', 'single', 1709888335),
(2232, 934, NULL, NULL, NULL, 'New badge awarded', '<p>You received Faithful User&nbsp;badge</p>', 'system', 'single', 1725141481),
(2233, 934, NULL, NULL, NULL, 'New badge awarded', '<p>You received Senior Vendor&nbsp;badge</p>', 'system', 'single', 1725141482),
(2234, 934, NULL, NULL, NULL, 'New badge awarded', '<p>You received Golden Classes&nbsp;badge</p>', 'system', 'single', 1725141482),
(2235, 934, NULL, NULL, NULL, 'New badge awarded', '<p>You received Best Seller&nbsp;badge</p>', 'system', 'single', 1725141482),
(2236, 934, NULL, NULL, NULL, 'New badge awarded', '<p>You received Fantastic Support&nbsp;badge</p>', 'system', 'single', 1725141482),
(2237, 929, NULL, NULL, NULL, 'New badge awarded', '<p>You received Faithful User&nbsp;badge</p>', 'system', 'single', 1725141482),
(2238, 929, NULL, NULL, NULL, 'New badge awarded', '<p>You received Expert Vendor&nbsp;badge</p>', 'system', 'single', 1725141482),
(2239, 929, NULL, NULL, NULL, 'New badge awarded', '<p>You received Golden Classes&nbsp;badge</p>', 'system', 'single', 1725141482),
(2240, 929, NULL, NULL, NULL, 'New badge awarded', '<p>You received Top Seller&nbsp;badge</p>', 'system', 'single', 1725141482),
(2241, 929, NULL, NULL, NULL, 'New badge awarded', '<p>You received Amazing Support&nbsp;badge</p>', 'system', 'single', 1725141484),
(2242, 923, NULL, NULL, NULL, 'New badge awarded', '<p>You received Faithful User&nbsp;badge</p>', 'system', 'single', 1725141484),
(2243, 923, NULL, NULL, NULL, 'New badge awarded', '<p>You received Senior Vendor&nbsp;badge</p>', 'system', 'single', 1725141484),
(2244, 923, NULL, NULL, NULL, 'New badge awarded', '<p>You received Golden Classes&nbsp;badge</p>', 'system', 'single', 1725141484),
(2245, 923, NULL, NULL, NULL, 'New badge awarded', '<p>You received Fantastic Support&nbsp;badge</p>', 'system', 'single', 1725141484),
(2246, 923, NULL, NULL, NULL, 'New badge awarded', '<p>You received Forums Top User&nbsp;badge</p>', 'system', 'single', 1725141484),
(2247, 870, NULL, NULL, NULL, 'New badge awarded', '<p>You received Faithful User&nbsp;badge</p>', 'system', 'single', 1725141484),
(2248, 870, NULL, NULL, NULL, 'New badge awarded', '<p>You received Senior Vendor&nbsp;badge</p>', 'system', 'single', 1725141484),
(2249, 870, NULL, NULL, NULL, 'New badge awarded', '<p>You received Golden Classes&nbsp;badge</p>', 'system', 'single', 1725141485),
(2250, 870, NULL, NULL, NULL, 'New badge awarded', '<p>You received Best Seller&nbsp;badge</p>', 'system', 'single', 1725141502),
(2251, 870, NULL, NULL, NULL, 'New badge awarded', '<p>You received Fantastic Support&nbsp;badge</p>', 'system', 'single', 1725141502),
(2252, 870, NULL, NULL, NULL, 'New badge awarded', '<p>You received Forums Top User&nbsp;badge</p>', 'system', 'single', 1725141502),
(2253, 867, NULL, NULL, NULL, 'New badge awarded', '<p>You received Faithful User&nbsp;badge</p>', 'system', 'single', 1725141533),
(2254, 867, NULL, NULL, NULL, 'New badge awarded', '<p>You received Expert Vendor&nbsp;badge</p>', 'system', 'single', 1725141533),
(2255, 867, NULL, NULL, NULL, 'New badge awarded', '<p>You received Golden Classes&nbsp;badge</p>', 'system', 'single', 1725141533),
(2256, 867, NULL, NULL, NULL, 'New badge awarded', '<p>You received Top Seller&nbsp;badge</p>', 'system', 'single', 1725141533),
(2257, 867, NULL, NULL, NULL, 'New badge awarded', '<p>You received Fantastic Support&nbsp;badge</p>', 'system', 'single', 1725141533),
(2258, 863, NULL, NULL, NULL, 'New badge awarded', '<p>You received Faithful User&nbsp;badge</p>', 'system', 'single', 1725141541),
(2259, 863, NULL, NULL, NULL, 'New badge awarded', '<p>You received Junior Vendor&nbsp;badge</p>', 'system', 'single', 1725141541),
(2260, 863, NULL, NULL, NULL, 'New badge awarded', '<p>You received Golden Classes&nbsp;badge</p>', 'system', 'single', 1725141541),
(2261, 863, NULL, NULL, NULL, 'New badge awarded', '<p>You received Top Seller&nbsp;badge</p>', 'system', 'single', 1725141541),
(2262, 863, NULL, NULL, NULL, 'New badge awarded', '<p>You received Fantastic Support&nbsp;badge</p>', 'system', 'single', 1725141541),
(2263, 3, NULL, NULL, NULL, 'New badge awarded', '<p>You received Faithful User&nbsp;badge</p>', 'system', 'single', 1725141545),
(2264, 3, NULL, NULL, NULL, 'New badge awarded', '<p>You received Senior Vendor&nbsp;badge</p>', 'system', 'single', 1725141545),
(2265, 3, NULL, NULL, NULL, 'New badge awarded', '<p>You received Golden Classes&nbsp;badge</p>', 'system', 'single', 1725141545),
(2266, 3, NULL, NULL, NULL, 'New badge awarded', '<p>You received Best Seller&nbsp;badge</p>', 'system', 'single', 1725141545),
(2267, 3, NULL, NULL, NULL, 'New badge awarded', '<p>You received Fantastic Support&nbsp;badge</p>', 'system', 'single', 1725141546),
(2268, 3, NULL, NULL, NULL, 'New badge awarded', '<p>You received Forums Top User&nbsp;badge</p>', 'system', 'single', 1725141546),
(2269, 1, NULL, NULL, NULL, 'New badge awarded', '<p>You received Faithful User&nbsp;badge</p>', 'system', 'single', 1725141564),
(2270, 4, NULL, NULL, NULL, 'New badge awarded', '<p>You received Faithful User&nbsp;badge</p>', 'system', 'single', 1725141603),
(2271, 4, NULL, NULL, NULL, 'New badge awarded', '<p>You received Junior Vendor&nbsp;badge</p>', 'system', 'single', 1725141603),
(2272, 4, NULL, NULL, NULL, 'New badge awarded', '<p>You received Golden Classes&nbsp;badge</p>', 'system', 'single', 1725141603),
(2273, 4, NULL, NULL, NULL, 'New badge awarded', '<p>You received Best Seller&nbsp;badge</p>', 'system', 'single', 1725141603),
(2274, 4, NULL, NULL, NULL, 'New badge awarded', '<p>You received Fantastic Support&nbsp;badge</p>', 'system', 'single', 1725141603),
(2275, 859, NULL, NULL, NULL, 'New badge awarded', '<p>You received Faithful User&nbsp;badge</p>', 'system', 'single', 1725141603),
(2276, 864, NULL, NULL, NULL, 'New badge awarded', '<p>You received Faithful User&nbsp;badge</p>', 'system', 'single', 1725141603),
(2277, 864, NULL, NULL, NULL, 'New badge awarded', '<p>You received Junior Vendor&nbsp;badge</p>', 'system', 'single', 1725141603),
(2278, 864, NULL, NULL, NULL, 'New badge awarded', '<p>You received Golden Classes&nbsp;badge</p>', 'system', 'single', 1725141603),
(2279, 864, NULL, NULL, NULL, 'New badge awarded', '<p>You received Top Seller&nbsp;badge</p>', 'system', 'single', 1725141604),
(2280, 864, NULL, NULL, NULL, 'New badge awarded', '<p>You received Fantastic Support&nbsp;badge</p>', 'system', 'single', 1725141605),
(2281, 1, NULL, NULL, NULL, 'Certificate achieved', '<p>You achieved a certificate for Installment and Secure Host course</p>', 'system', 'single', 1725310503),
(2282, 995, NULL, NULL, NULL, 'New badge awarded', '<p>You received Faithful User&nbsp;badge</p>', 'system', 'single', 1726360607),
(2283, 1019, NULL, NULL, NULL, 'New badge awarded', '<p>You received Faithful User&nbsp;badge</p>', 'system', 'single', 1728219305),
(2284, 995, NULL, NULL, NULL, 'New badge awarded', '<p>You received Forums Top User&nbsp;badge</p>', 'system', 'single', 1728262679),
(2285, 1047, NULL, NULL, NULL, 'New badge awarded', '<p>You received New User&nbsp;badge</p>', 'system', 'single', 1728312179),
(2286, 1046, NULL, NULL, NULL, 'New badge awarded', '<p>You received Faithful User&nbsp;badge</p>', 'system', 'single', 1728313794),
(2287, 996, NULL, NULL, NULL, 'New badge awarded', '<p>You received Faithful User&nbsp;badge</p>', 'system', 'single', 1728313825),
(2288, 996, NULL, NULL, NULL, 'New badge awarded', '<p>You received Forums Top User&nbsp;badge</p>', 'system', 'single', 1728313836),
(2289, NULL, NULL, NULL, NULL, 'New sales', '<p>Congratulations! New sale for Gold Subscribe</p>', 'system', 'single', 1728315228),
(2290, 859, NULL, NULL, NULL, 'New purchase', '<p>Congratulations! New purchase for Gold Subscribe</p>', 'system', 'single', 1728315228),
(2291, 1015, NULL, NULL, NULL, 'Course approve', '<p>Your course with title New In-App Live System approved</p>', 'system', 'single', 1728318305),
(2292, 1015, NULL, NULL, NULL, 'Course approve', '<p>Your course with title New In-App Live System approved</p>', 'system', 'single', 1728318322),
(2293, 1015, NULL, NULL, NULL, 'Course approve', '<p>Your course with title New In-App Live System approved</p>', 'system', 'single', 1728318383),
(2294, 1015, NULL, NULL, NULL, 'Course approve', '<p>Your course with title New In-App Live System approved</p>', 'system', 'single', 1728318426),
(2295, 1, NULL, NULL, NULL, 'New item created', '<p>Ahmed Araf created a new item with title back</p>', 'system', 'single', 1728322205),
(2296, 1016, NULL, NULL, NULL, 'Course approve', '<p>Your course with title test approved</p>', 'system', 'single', 1728322227),
(2297, 1, NULL, NULL, NULL, 'New item created', '<p>Ahmed Araf created a new item with title back</p>', 'system', 'single', 1728325395),
(2298, 1016, NULL, NULL, NULL, 'Course approve', '<p>Your course with title test approved</p>', 'system', 'single', 1728325596),
(2299, 1016, NULL, NULL, NULL, 'Course approve', '<p>Your course with title test approved</p>', 'system', 'single', 1728325704),
(2300, 1016, NULL, NULL, NULL, 'Course approve', '<p>Your course with title test approved</p>', 'system', 'single', 1728325717),
(2301, 1016, NULL, NULL, NULL, 'Course approve', '<p>Your course with title Become a Product Manager approved</p>', 'system', 'single', 1728325807),
(2302, 1, NULL, NULL, NULL, 'New item created', '<p>Ahmed Araf created a new item with title back-end</p>', 'system', 'single', 1728326066),
(2303, 1016, NULL, NULL, NULL, 'Course approve', '<p>Your course with title test approved</p>', 'system', 'single', 1728326072),
(2304, 1016, NULL, NULL, NULL, 'Course approve', '<p>Your course with title test approved</p>', 'system', 'single', 1728326089),
(2305, 1016, NULL, NULL, NULL, 'Course approve', '<p>Your course with title test approved</p>', 'system', 'single', 1728326121),
(2306, 1016, NULL, NULL, NULL, 'Course approve', '<p>Your course with title test approved</p>', 'system', 'single', 1728326230),
(2307, 1016, NULL, NULL, NULL, 'Course approve', '<p>Your course with title test approved</p>', 'system', 'single', 1728326327),
(2308, 1016, NULL, NULL, NULL, 'Course approve', '<p>Your course with title becomd product manager approved</p>', 'system', 'single', 1728326431),
(2309, 1016, NULL, NULL, NULL, 'Course approve', '<p>Your course with title becomd product manager approved</p>', 'system', 'single', 1728326493),
(2310, 1016, NULL, NULL, NULL, 'Course approve', '<p>Your course with title Become a Product Manager approved</p>', 'system', 'single', 1728326573),
(2311, 1016, NULL, NULL, NULL, 'New badge awarded', '<p>You received Expert Vendor&nbsp;badge</p>', 'system', 'single', 1728326610),
(2312, 934, NULL, NULL, NULL, 'Course approve', '<p>Your course with title become product manager approved</p>', 'system', 'single', 1728326902),
(2313, 934, NULL, NULL, NULL, 'Course approve', '<p>Your course with title become product manager approved</p>', 'system', 'single', 1728326952),
(2314, 934, NULL, NULL, NULL, 'Course approve', '<p>Your course with title become product manager approved</p>', 'system', 'single', 1728326980);

INSERT INTO `cschool`.`notifications` (`id`, `user_id`, `sender_id`, `group_id`, `webinar_id`, `title`, `message`, `sender`, `type`, `created_at`) VALUES 
(2315, 934, NULL, NULL, NULL, 'Course approve', '<p>Your course with title become product manager approved</p>', 'system', 'single', 1728327031),
(2316, 934, NULL, NULL, NULL, 'New badge awarded', '<p>You received Expert Vendor&nbsp;badge</p>', 'system', 'single', 1728327096),
(2317, 934, NULL, NULL, NULL, 'Course approve', '<p>Your course with title become product manager approved</p>', 'system', 'single', 1728327118),
(2318, 1016, NULL, NULL, NULL, 'Course approve', '<p>Your course with title become product manager approved</p>', 'system', 'single', 1728327186),
(2319, 1016, NULL, NULL, NULL, 'Course rejection', '<p>Your course with title become product manager rejected</p>', 'system', 'single', 1728327282),
(2320, 1016, NULL, NULL, NULL, 'Course approve', '<p>Your course with title back-end approved</p>', 'system', 'single', 1728327361),
(2321, 1016, NULL, NULL, NULL, 'Course approve', '<p>Your course with title back-end approved</p>', 'system', 'single', 1728327376),
(2322, 1016, NULL, NULL, NULL, 'Course approve', '<p>Your course with title back-end approved</p>', 'system', 'single', 1728327412),
(2323, 1016, NULL, NULL, NULL, 'Course approve', '<p>Your course with title back-end approved</p>', 'system', 'single', 1728327477),
(2324, 1016, NULL, NULL, NULL, 'Course approve', '<p>Your course with title back-end approved</p>', 'system', 'single', 1728327558),
(2325, 1016, NULL, NULL, NULL, 'Course approve', '<p>Your course with title back-end approved</p>', 'system', 'single', 1728327709),
(2326, 930, NULL, NULL, NULL, 'New badge awarded', '<p>You received Faithful User&nbsp;badge</p>', 'system', 'single', 1728329781),
(2327, 930, NULL, NULL, NULL, 'New badge awarded', '<p>You received Forums Top User&nbsp;badge</p>', 'system', 'single', 1728329783),
(2328, 1, NULL, NULL, NULL, 'New item created', '<p>Ahmed Araf created a new item with title Front end</p>', 'system', 'single', 1728350201),
(2329, 1016, NULL, NULL, NULL, 'Course created', '<p>You created a new course&nbsp;with title Front end</p>', 'system', 'single', 1728353273),
(2330, 1, NULL, NULL, NULL, 'Content review request', '<p>Ahmed Araf sent a review request for Front end</p>', 'system', 'single', 1728353273),
(2331, 1, NULL, NULL, NULL, 'New item created', '<p>Ahmed Araf created a new item with title full stack</p>', 'system', 'single', 1728354155),
(2332, 1016, NULL, NULL, NULL, 'Course approve', '<p>Your course with title full stack approved</p>', 'system', 'single', 1728359922),
(2333, 1016, NULL, NULL, NULL, 'Course approve', '<p>Your course with title full stack approved</p>', 'system', 'single', 1728360409),
(2334, 1016, NULL, NULL, NULL, 'Course approve', '<p>Your course with title full stack approved</p>', 'system', 'single', 1728360656),
(2335, 1016, NULL, NULL, NULL, 'Course approve', '<p>Your course with title full stack approved</p>', 'system', 'single', 1728361323),
(2336, 1016, NULL, NULL, NULL, 'Course approve', '<p>Your course with title First Course Test AFAQ approved</p>', 'system', 'single', 1728369214),
(2337, 1016, NULL, NULL, NULL, 'Course approve', '<p>Your course with title First Course Test AFAQ approved</p>', 'system', 'single', 1728369910),
(2338, 996, NULL, NULL, NULL, 'Certificate achieved', '<p>You achieved a certificate for Become a Product Manager course</p>', 'system', 'single', 1728379822),
(2339, 1, NULL, NULL, NULL, 'New item created', '<p>Ahmed Araf created a new item with title web Design</p>', 'system', 'single', 1728386936),
(2340, 1, NULL, NULL, NULL, 'New item created', '<p>Ahmed Araf created a new item with title web design</p>', 'system', 'single', 1728387634),
(2341, 1, NULL, NULL, NULL, 'New item created', '<p>Ahmed Araf created a new item with title laravel</p>', 'system', 'single', 1728387892),
(2342, 1, NULL, NULL, NULL, 'New item created', '<p>Ahmed Araf created a new item with title Fron End</p>', 'system', 'single', 1728390172),
(2343, 1, NULL, NULL, NULL, 'New item created', '<p>Ahmed Araf created a new item with title From</p>', 'system', 'single', 1728390584),
(2344, 1, NULL, NULL, NULL, 'New item created', '<p>Ahmed Araf created a new item with title FrontEnd</p>', 'system', 'single', 1728397385),
(2345, 1, NULL, NULL, NULL, 'New item created', '<p>Ahmed Araf created a new item with title FrontEnd</p>', 'system', 'single', 1728397548),
(2346, 1016, NULL, NULL, NULL, 'Course created', '<p>You created a new course&nbsp;with title FrontEnd</p>', 'system', 'single', 1728398598),
(2347, 1, NULL, NULL, NULL, 'Content review request', '<p>Ahmed Araf sent a review request for FrontEnd</p>', 'system', 'single', 1728398599),
(2348, 1016, NULL, NULL, NULL, 'Course created', '<p>You created a new course&nbsp;with title web design</p>', 'system', 'single', 1728398943),
(2349, 1, NULL, NULL, NULL, 'Content review request', '<p>Ahmed Araf sent a review request for web design</p>', 'system', 'single', 1728398945),
(2350, 1016, NULL, NULL, NULL, 'Course created', '<p>You created a new course&nbsp;with title FrontEnd</p>', 'system', 'single', 1728399388),
(2351, 1, NULL, NULL, NULL, 'Content review request', '<p>Ahmed Araf sent a review request for FrontEnd</p>', 'system', 'single', 1728399389),
(2352, 1016, NULL, NULL, NULL, 'Course created', '<p>You created a new course&nbsp;with title web design</p>', 'system', 'single', 1728399496),
(2353, 1, NULL, NULL, NULL, 'Content review request', '<p>Ahmed Araf sent a review request for web design</p>', 'system', 'single', 1728399497),
(2354, 1016, NULL, NULL, NULL, 'Course created', '<p>You created a new course&nbsp;with title web design</p>', 'system', 'single', 1728399527),
(2355, 1, NULL, NULL, NULL, 'Content review request', '<p>Ahmed Araf sent a review request for web design</p>', 'system', 'single', 1728399528),
(2356, 1016, NULL, NULL, NULL, 'Course created', '<p>You created a new course&nbsp;with title FrontEnd</p>', 'system', 'single', 1728399872),
(2357, 1, NULL, NULL, NULL, 'Content review request', '<p>Ahmed Araf sent a review request for FrontEnd</p>', 'system', 'single', 1728399873),
(2358, 1, NULL, NULL, NULL, 'New report', '<p>Ahmed Araf reported a content for revising.</p>', 'system', 'single', 1728400128),
(2359, 1016, NULL, NULL, NULL, 'New upcoming course submitted', '<p>Your upcoming course BackEnd&nbsp;submitted successfully.</p>', 'system', 'single', 1728400678),
(2360, 1, NULL, NULL, NULL, 'New upcoming course submitted (Admin)', '<p>Ahmed Araf submitted an upcoming course with title BackEnd.</p>', 'system', 'single', 1728400680),
(2361, 1016, NULL, NULL, NULL, 'Bundle submitted successfully', '<p>Your bundle with the title web Design&nbsp;submitted successfully.</p>', 'system', 'single', 1728401037),
(2362, 1, NULL, NULL, NULL, 'Bundle submitted (Admin)', '<p>Ahmed Araf submitted a bundle with the title web Design.</p>', 'system', 'single', 1728401037),
(2363, 1, NULL, NULL, NULL, 'New item created', '<p>Ahmed Araf created a new item with title web Design</p>', 'system', 'single', 1728401038),
(2364, 995, NULL, NULL, NULL, 'New quiz added to course', '<p>New quiz with the title html quiz&nbsp;added to the course Web Design for Beginners.</p>', 'system', 'single', 1728401209),
(2365, 979, NULL, NULL, NULL, 'New quiz added to course', '<p>New quiz with the title html quiz&nbsp;added to the course Web Design for Beginners.</p>', 'system', 'single', 1728401210),
(2366, 1016, NULL, NULL, NULL, 'Course approve', '<p>Your course with title FrontEnd approved</p>', 'system', 'single', 1728481854),
(2367, 996, NULL, NULL, NULL, 'Certificate achieved', '<p>You achieved a certificate for First Course Test AFAQ course</p>', 'system', 'single', 1728814338),
(2368, 1, NULL, NULL, NULL, 'New course enrollment', '<p>Omar Mohamed enrolled in Travel Management Course&nbsp;on 13 Oct 2024 06:12&nbsp;at Free</p>', 'system', 'single', 1728814355),
(2369, 996, NULL, NULL, NULL, 'Certificate achieved', '<p>You achieved a certificate for Travel Management Course course</p>', 'system', 'single', 1728815987),
(2370, 1047, NULL, NULL, NULL, 'Bundle published successfully', '<p>Your bundle with title frontEnd&nbsp;published successfully.</p>', 'system', 'single', 1729324282),
(2371, 1047, NULL, NULL, NULL, 'Course approve', '<p>Your course with title BackEnd approved</p>', 'system', 'single', 1729324763),
(2373, 1047, NULL, NULL, NULL, 'User group change', '<p>Your user group changed to vip Mangers</p>', 'system', 'single', 1729328651),
(2374, 1047, NULL, NULL, NULL, 'New user group', '<p>You added to vip Mangers user group.</p>', 'system', 'single', 1729328656),
(2376, 1047, NULL, NULL, NULL, 'Blog post published (Instructor)', '<p>Your blog post with title New book published.</p>', 'system', 'single', 1729330509),
(2377, 1047, NULL, NULL, NULL, 'New financial document', '<p>&nbsp;New financial document submitted for  with type Deduction with amount .60</p>', 'system', 'single', 1729333058),
(2378, 859, NULL, NULL, NULL, 'Become instructor/organization request approved', '<p>Your become instructor/organization request is approved.</p>', 'system', 'single', 1729335858),
(2379, 1016, NULL, NULL, NULL, 'Course approve', '<p>Your course with title First Course Test AFAQ approved</p>', 'system', 'single', 1729337884),
(2380, 1, NULL, NULL, NULL, 'New course enrollment', '<p>Omar Mohamed enrolled in New Update Features&nbsp;on 19 Oct 2024 08:40&nbsp;at Free</p>', 'system', 'single', 1729341618),
(2381, 1, NULL, NULL, NULL, 'New user registered', '<p>honeyBurst registered on the platform on 20 Oct 2024 05:08&nbsp;as Student</p>', 'system', 'single', 1729390132),
(2382, 1016, NULL, NULL, NULL, 'Course approve', '<p>Your course with title Learn Linux in 5 Days approved</p>', 'system', 'single', 1729407565),
(2383, 1016, NULL, NULL, NULL, 'Course created', '<p>You created a new course&nbsp;with title Learn Linux in 5 Days</p>', 'system', 'single', 1729409168),
(2384, 1, NULL, NULL, NULL, 'Content review request', '<p>Ahmed Araf sent a review request for Learn Linux in 5 Days</p>', 'system', 'single', 1729409170),
(2385, 1016, NULL, NULL, NULL, 'Course created', '<p>You created a new course&nbsp;with title Learn Linux in 5 Days</p>', 'system', 'single', 1729410916),
(2386, 1, NULL, NULL, NULL, 'Content review request', '<p>Ahmed Araf sent a review request for Learn Linux in 5 Days</p>', 'system', 'single', 1729410918),
(2387, 1016, NULL, NULL, NULL, 'Course approve', '<p>Your course with title Learn Linux in 5 Days approved</p>', 'system', 'single', 1729411738),
(2388, 1, NULL, NULL, NULL, 'User submitted in waitlist', '<p>Omar Mohamed submitted to     &nbsp;waitlist.</p>', 'system', 'single', 1729411762),
(2389, 996, NULL, NULL, NULL, 'You submitted to waitlist', '<p>You submitted to     &nbsp;waitlist.</p>', 'system', 'single', 1729411764),
(2390, 1016, NULL, NULL, NULL, 'Course approve', '<p>Your course with title Learn Linux in 5 Days approved</p>', 'system', 'single', 1729412418),
(2391, 1047, NULL, NULL, NULL, 'Content access approval', '<p>Your content access request approved. You can access all courses now...</p>', 'system', 'single', 1729412606),
(2392, 1016, NULL, NULL, NULL, 'Course approve', '<p>Your course with title Dose adjustment for most of medications approved</p>', 'system', 'single', 1729582842),
(2393, 870, NULL, NULL, NULL, 'New badge awarded', '<p>You received Junior Vendor&nbsp;badge</p>', 'system', 'single', 1729623321),
(2394, 1016, NULL, NULL, NULL, 'Course approve', '<p>Your course with title Dose adjustment for most of medications approved</p>', 'system', 'single', 1729664353),
(2395, 1016, NULL, NULL, NULL, 'Course approve', '<p>Your course with title Dose adjustment for most of medications approved</p>', 'system', 'single', 1729664368),
(2396, 1050, NULL, NULL, NULL, 'New user group', '<p>You added to Special Students user group.</p>', 'system', 'single', 1729664450),
(2397, 1050, NULL, NULL, NULL, 'Certificate achieved', '<p>You achieved a certificate for Dose adjustment for most of medications course</p>', 'system', 'single', 1729664536),
(2398, 1, NULL, NULL, NULL, 'New course enrollment', '<p>StudentArafa enrolled in Dose adjustment for most of medications&nbsp;on 23 Oct 2024 09:22&nbsp;at Free</p>', 'system', 'single', 1729664550),
(2399, 1050, NULL, NULL, NULL, 'New quiz added to course', '<p>New quiz with the title New Quiz For Test&nbsp;added to the course Dose adjustment for most of medications.</p>', 'system', 'single', 1729681565),
(2400, 1051, NULL, NULL, NULL, 'New user group', '<p>You added to Special Students user group.</p>', 'system', 'single', 1729752350),
(2401, 1052, NULL, NULL, NULL, 'New user group', '<p>You added to Special Students user group.</p>', 'system', 'single', 1729752392),
(2402, 1053, NULL, NULL, NULL, 'New user group', '<p>You added to Special Students user group.</p>', 'system', 'single', 1729752421),
(2403, 1016, NULL, NULL, NULL, 'Course approve', '<p>Your course with title Research Methodology approved</p>', 'system', 'single', 1729755243),
(2404, 1052, NULL, NULL, NULL, 'Certificate achieved', '<p>You achieved a certificate for Research Methodology course</p>', 'system', 'single', 1729755256),
(2405, 1, NULL, NULL, NULL, 'New course enrollment', '<p>omar enrolled in Research Methodology&nbsp;on 24 Oct 2024 10:34&nbsp;at Free</p>', 'system', 'single', 1729755261),
(2406, 1016, NULL, NULL, NULL, 'Course approve', '<p>Your course with title Research Methodology approved</p>', 'system', 'single', 1729755492),
(2407, 1052, NULL, NULL, NULL, 'New quiz added to course', '<p>New quiz with the title     &nbsp;added to the course Research Methodology.</p>', 'system', 'single', 1729755589),
(2408, 1016, NULL, NULL, NULL, 'New support message', '<p>omar sent a new support message for Research Methodology&nbsp;course</p>', 'system', 'single', 1729757327),
(2409, 1054, NULL, NULL, NULL, 'New badge awarded', '<p>You received New User&nbsp;badge</p>', 'system', 'single', 1729899238),
(2410, 1047, NULL, NULL, NULL, 'New badge awarded', '<p>You received contact Us&nbsp;badge</p>', 'system', 'single', 1729967706),
(2411, 979, NULL, NULL, NULL, 'New badge awarded', '<p>You received Faithful User&nbsp;badge</p>', 'system', 'single', 1730268373),
(2412, 1017, NULL, NULL, NULL, 'New badge awarded', '<p>You received Faithful User&nbsp;badge</p>', 'system', 'single', 1730390298),
(2413, 1017, NULL, NULL, NULL, 'New badge awarded', '<p>You received Forums Top User&nbsp;badge</p>', 'system', 'single', 1730390299),
(2414, 1, NULL, NULL, NULL, 'New user registered', '<p>kZWtfYPyUjMcX registered on the platform on 1 Nov 2024 15:10&nbsp;as Organization</p>', 'system', 'single', 1730466641),
(2415, 1047, NULL, NULL, NULL, 'New badge awarded', '<p>You received Loyal User&nbsp;badge</p>', 'system', 'single', 1730920847),
(2416, 1, NULL, NULL, NULL, 'New user registered', '<p>VoZbnUkuTGI registered on the platform on 7 Nov 2024 06:45&nbsp;as Organization</p>', 'system', 'single', 1730954732),
(2417, 1, NULL, NULL, NULL, 'New user registered', '<p>KmCXSHQseYZH registered on the platform on 8 Nov 2024 13:26&nbsp;as Organization</p>', 'system', 'single', 1731065193),
(2418, 1, NULL, NULL, NULL, 'New user registered', '<p>mHDzIBsuKbnI registered on the platform on 11 Nov 2024 17:03&nbsp;as Organization</p>', 'system', 'single', 1731337407),
(2419, 1, NULL, NULL, NULL, 'New user registered', '<p>uPhRNhCjoSh registered on the platform on 12 Nov 2024 11:27&nbsp;as Organization</p>', 'system', 'single', 1731403643),
(2420, 1054, NULL, NULL, NULL, 'New badge awarded', '<p>You received contact Us&nbsp;badge</p>', 'system', 'single', 1731442218),
(2421, 1, NULL, NULL, NULL, 'New user registered', '<p>JNCOZlXXkvD registered on the platform on 15 Nov 2024 05:08&nbsp;as Organization</p>', 'system', 'single', 1731640120),
(2422, 1, NULL, NULL, NULL, 'New user registered', '<p>CrrShnptdgEmnZX registered on the platform on 18 Nov 2024 05:45&nbsp;as Organization</p>', 'system', 'single', 1731901544),
(2423, 1, NULL, NULL, NULL, 'New user registered', '<p>bEhJYYQWBrVq registered on the platform on 20 Nov 2024 06:34&nbsp;as Organization</p>', 'system', 'single', 1732077293),
(2424, 1, NULL, NULL, NULL, 'New user registered', '<p>ZtNiUXrx registered on the platform on 23 Nov 2024 10:26&nbsp;as Organization</p>', 'system', 'single', 1732350370),
(2425, 1, NULL, NULL, NULL, 'New user registered', '<p>cZPjskslj registered on the platform on 27 Nov 2024 05:04&nbsp;as Organization</p>', 'system', 'single', 1732676683),
(2426, 1, NULL, NULL, NULL, 'New user registered', '<p>jMrrEodPswyDp registered on the platform on 29 Nov 2024 00:09&nbsp;as Organization</p>', 'system', 'single', 1732831766),
(2427, 1, NULL, NULL, NULL, 'New user registered', '<p>BfywvfKoGzAPkR registered on the platform on 29 Nov 2024 19:15&nbsp;as Organization</p>', 'system', 'single', 1732900534),
(2428, 1054, NULL, NULL, NULL, 'New badge awarded', '<p>You received Loyal User&nbsp;badge</p>', 'system', 'single', 1732900929),
(2429, 1, NULL, NULL, NULL, 'New user registered', '<p>WvkLHpRucNuAh registered on the platform on 2 Dec 2024 18:30&nbsp;as Organization</p>', 'system', 'single', 1733157055),
(2430, 1, NULL, NULL, NULL, 'New user registered', '<p>GPLyCISoT registered on the platform on 3 Dec 2024 12:27&nbsp;as Organization</p>', 'system', 'single', 1733221635),
(2431, 1, NULL, NULL, NULL, 'New user registered', '<p>kwmbKUgOfvnfcG registered on the platform on 4 Dec 2024 06:08&nbsp;as Organization</p>', 'system', 'single', 1733285320),
(2432, 1, NULL, NULL, NULL, 'New user registered', '<p>COugmYvy registered on the platform on 4 Dec 2024 22:20&nbsp;as Organization</p>', 'system', 'single', 1733343609),
(2433, 1, NULL, NULL, NULL, 'New user registered', '<p>shinupvo registered on the platform on 5 Dec 2024 10:01&nbsp;as Student</p>', 'system', 'single', 1733385661),
(2434, 1, NULL, NULL, NULL, 'New user registered', '<p>shinihdf registered on the platform on 5 Dec 2024 10:01&nbsp;as Student</p>', 'system', 'single', 1733385674),
(2435, 1, NULL, NULL, NULL, 'New user registered', '<p>shinfqnw registered on the platform on 5 Dec 2024 10:01&nbsp;as Student</p>', 'system', 'single', 1733385687),
(2436, 1, NULL, NULL, NULL, 'New user registered', '<p>ZVIYRePdxHlRCT registered on the platform on 5 Dec 2024 16:32&nbsp;as Organization</p>', 'system', 'single', 1733409144),
(2437, 1, NULL, NULL, NULL, 'New user registered', '<p>ngtxZkFPVbkb registered on the platform on 6 Dec 2024 12:44&nbsp;as Organization</p>', 'system', 'single', 1733481894),
(2438, 1, NULL, NULL, NULL, 'New user registered', '<p>htNAPIQmDrHf registered on the platform on 7 Dec 2024 07:37&nbsp;as Organization</p>', 'system', 'single', 1733549874),
(2439, 1, NULL, NULL, NULL, 'New user registered', '<p>FriMvIQj registered on the platform on 8 Dec 2024 01:30&nbsp;as Organization</p>', 'system', 'single', 1733614222),
(2440, 1, NULL, NULL, NULL, 'New user registered', '<p>yGTDmuWDAIheFne registered on the platform on 11 Dec 2024 21:13&nbsp;as Organization</p>', 'system', 'single', 1733944421),
(2441, 1, NULL, NULL, NULL, 'New user registered', '<p>xiogsclnqV registered on the platform on 13 Dec 2024 01:15&nbsp;as Organization</p>', 'system', 'single', 1734045301),
(2442, 1, NULL, NULL, NULL, 'New user registered', '<p>JjAcylXFfHR registered on the platform on 14 Dec 2024 02:49&nbsp;as Organization</p>', 'system', 'single', 1734137348),
(2443, 1, NULL, NULL, NULL, 'New user registered', '<p>McBJvWoszswE registered on the platform on 14 Dec 2024 22:52&nbsp;as Organization</p>', 'system', 'single', 1734209575),
(2444, 1, NULL, NULL, NULL, 'New user registered', '<p>BKkwrbveQ registered on the platform on 15 Dec 2024 18:27&nbsp;as Organization</p>', 'system', 'single', 1734280069),
(2445, 1, NULL, NULL, NULL, 'New user registered', '<p>mWvtInAVUxx registered on the platform on 16 Dec 2024 19:15&nbsp;as Organization</p>', 'system', 'single', 1734369322),
(2446, 1, NULL, NULL, NULL, 'New user registered', '<p>rZnkgmHIR registered on the platform on 19 Dec 2024 04:59&nbsp;as Organization</p>', 'system', 'single', 1734577175),
(2447, 1, NULL, NULL, NULL, 'New user registered', '<p>RhPxzpkwJiJxl registered on the platform on 21 Dec 2024 03:36&nbsp;as Organization</p>', 'system', 'single', 1734744992),
(2448, 1, NULL, NULL, NULL, 'New user registered', '<p>uGajxXZTxicgKH registered on the platform on 22 Dec 2024 16:55&nbsp;as Organization</p>', 'system', 'single', 1734879313),
(2449, 1, NULL, NULL, NULL, 'New user registered', '<p>eAqhZnbBRcogK registered on the platform on 25 Dec 2024 10:47&nbsp;as Organization</p>', 'system', 'single', 1735116467),
(2450, 1, NULL, NULL, NULL, 'New user registered', '<p>kdUcQVnmkD registered on the platform on 27 Dec 2024 05:51&nbsp;as Organization</p>', 'system', 'single', 1735271512),
(2451, 1, NULL, NULL, NULL, 'New user registered', '<p>MxkKUnePDX registered on the platform on 28 Dec 2024 05:02&nbsp;as Organization</p>', 'system', 'single', 1735354922),
(2452, 1, NULL, NULL, NULL, 'New user registered', '<p>fuxQphdleTLa registered on the platform on 30 Dec 2024 00:36&nbsp;as Organization</p>', 'system', 'single', 1735511761),
(2453, 1, NULL, NULL, NULL, 'New user registered', '<p>AUqgRUFFGqBWm registered on the platform on 30 Dec 2024 22:07&nbsp;as Organization</p>', 'system', 'single', 1735589264),
(2454, 1, NULL, NULL, NULL, 'New user registered', '<p>zzmFVtaPwrMrZ registered on the platform on 2 Jan 2025 23:03&nbsp;as Organization</p>', 'system', 'single', 1735851818),
(2455, 1, NULL, NULL, NULL, 'New user registered', '<p>LehLHZrWTxKrj registered on the platform on 4 Jan 2025 20:02&nbsp;as Organization</p>', 'system', 'single', 1736013757),
(2456, 1, NULL, NULL, NULL, 'New user registered', '<p>UHTXTRlBwhtkxE registered on the platform on 7 Jan 2025 04:53&nbsp;as Organization</p>', 'system', 'single', 1736218427),
(2457, 1, NULL, NULL, NULL, 'New user registered', '<p>yDRbTZcQyWr registered on the platform on 11 Jan 2025 07:18&nbsp;as Organization</p>', 'system', 'single', 1736572713),
(2458, 1, NULL, NULL, NULL, 'New user registered', '<p>rmiaJqJVCHfqBv registered on the platform on 13 Jan 2025 09:32&nbsp;as Organization</p>', 'system', 'single', 1736753526),
(2459, 1, NULL, NULL, NULL, 'New user registered', '<p>uEGBhDHifmY registered on the platform on 14 Jan 2025 21:49&nbsp;as Organization</p>', 'system', 'single', 1736884196),
(2460, 1, NULL, NULL, NULL, 'New user registered', '<p>aDolEIxPIL registered on the platform on 17 Jan 2025 15:54&nbsp;as Organization</p>', 'system', 'single', 1737122045),
(2461, 1, NULL, NULL, NULL, 'New user registered', '<p>DEYiaopakMYqsug registered on the platform on 18 Jan 2025 19:30&nbsp;as Organization</p>', 'system', 'single', 1737221443),
(2462, 1, NULL, NULL, NULL, 'New user registered', '<p>nDZHmKwQi registered on the platform on 23 Jan 2025 12:05&nbsp;as Organization</p>', 'system', 'single', 1737626756),
(2463, 1, NULL, NULL, NULL, 'New user registered', '<p>jsHRxxacsyKMIJA registered on the platform on 25 Jan 2025 03:05&nbsp;as Organization</p>', 'system', 'single', 1737767107),
(2464, 1, NULL, NULL, NULL, 'New user registered', '<p>ObWEXWsdU registered on the platform on 26 Jan 2025 20:27&nbsp;as Organization</p>', 'system', 'single', 1737916045),
(2465, 1, NULL, NULL, NULL, 'New user registered', '<p>MIlOLkpactkbyQH registered on the platform on 30 Jan 2025 18:41&nbsp;as Organization</p>', 'system', 'single', 1738255318),
(2466, 1, NULL, NULL, NULL, 'New user registered', '<p>iAreeXpDFqgBmAi registered on the platform on 3 Feb 2025 01:15&nbsp;as Organization</p>', 'system', 'single', 1738538117),
(2467, 1, NULL, NULL, NULL, 'New user registered', '<p>gzalMxqYr registered on the platform on 5 Feb 2025 03:42&nbsp;as Organization</p>', 'system', 'single', 1738719725),
(2468, 1, NULL, NULL, NULL, 'New user registered', '<p>ZtGPxjhWMPUFt registered on the platform on 7 Feb 2025 03:03&nbsp;as Organization</p>', 'system', 'single', 1738890186),
(2469, 1, NULL, NULL, NULL, 'New user registered', '<p>aDsbpZIKxJ registered on the platform on 8 Feb 2025 11:27&nbsp;as Organization</p>', 'system', 'single', 1739006873),
(2470, 1, NULL, NULL, NULL, 'New user registered', '<p>dqdqdq registered on the platform on 11 Feb 2025 15:20&nbsp;as Student</p>', 'system', 'single', 1739280000),
(2471, 1, NULL, NULL, NULL, 'New user registered', '<p>cWfzeODiwdcu registered on the platform on 17 Feb 2025 02:52&nbsp;as Organization</p>', 'system', 'single', 1739753554),
(2472, 1, NULL, NULL, NULL, 'New user registered', '<p>HcVbPcrVs registered on the platform on 18 Feb 2025 05:11&nbsp;as Organization</p>', 'system', 'single', 1739848292),
(2473, 1, NULL, NULL, NULL, 'New user registered', '<p>DoDItDKZfyOkv registered on the platform on 19 Feb 2025 11:29&nbsp;as Organization</p>', 'system', 'single', 1739957349),
(2474, 1, NULL, NULL, NULL, 'New user registered', '<p>xBBMtCTbRKMF registered on the platform on 20 Feb 2025 12:57&nbsp;as Organization</p>', 'system', 'single', 1740049036),
(2475, 1, NULL, NULL, NULL, 'New user registered', '<p>PAElBiqKXtY registered on the platform on 21 Feb 2025 11:46&nbsp;as Organization</p>', 'system', 'single', 1740131181),
(2476, 1, NULL, NULL, NULL, 'New user registered', '<p>PRznhdBXh registered on the platform on 22 Feb 2025 06:12&nbsp;as Organization</p>', 'system', 'single', 1740197567),
(2477, 1, NULL, NULL, NULL, 'New user registered', '<p>Valeron83Noisa registered on the platform on 23 Feb 2025 16:32&nbsp;as Student</p>', 'system', 'single', 1740321170),
(2478, 1, NULL, NULL, NULL, 'New user registered', '<p>KmEIKmGalX registered on the platform on 24 Feb 2025 01:20&nbsp;as Organization</p>', 'system', 'single', 1740352852),
(2479, 1, NULL, NULL, NULL, 'New user registered', '<p>aYaTQCSJTAPc registered on the platform on 24 Feb 2025 20:57&nbsp;as Organization</p>', 'system', 'single', 1740423476),
(2480, 1, NULL, NULL, NULL, 'New user registered', '<p>ULschhErKCYW registered on the platform on 26 Feb 2025 17:37&nbsp;as Organization</p>', 'system', 'single', 1740584225),
(2481, 1, NULL, NULL, NULL, 'New user registered', '<p>fWdjCZSm registered on the platform on 27 Feb 2025 16:24&nbsp;as Organization</p>', 'system', 'single', 1740666264),
(2482, 1, NULL, NULL, NULL, 'New user registered', '<p>ZPLbOZNeG registered on the platform on 28 Feb 2025 15:35&nbsp;as Organization</p>', 'system', 'single', 1740749747),
(2483, 1, NULL, NULL, NULL, 'New user registered', '<p>zDQmtzPzZ registered on the platform on 2 Mar 2025 19:34&nbsp;as Organization</p>', 'system', 'single', 1740936877),
(2484, 1, NULL, NULL, NULL, 'New user registered', '<p>CZlDFQpjn registered on the platform on 4 Mar 2025 13:30&nbsp;as Organization</p>', 'system', 'single', 1741087859),
(2485, 1, NULL, NULL, NULL, 'New user registered', '<p>oqfScWMqor registered on the platform on 5 Mar 2025 14:04&nbsp;as Organization</p>', 'system', 'single', 1741176270),
(2486, 1, NULL, NULL, NULL, 'New user registered', '<p>ncgCTYRRObzGmyk registered on the platform on 6 Mar 2025 23:45&nbsp;as Organization</p>', 'system', 'single', 1741297540),
(2487, 1, NULL, NULL, NULL, 'New user registered', '<p>iWXrWPracWFeMo registered on the platform on 8 Mar 2025 03:58&nbsp;as Organization</p>', 'system', 'single', 1741399100),
(2488, 1, NULL, NULL, NULL, 'New user registered', '<p>gPYXlHacdoSu registered on the platform on 8 Mar 2025 21:46&nbsp;as Organization</p>', 'system', 'single', 1741463197),
(2489, 1, NULL, NULL, NULL, 'New user registered', '<p>pXRdsADPx registered on the platform on 11 Mar 2025 19:22&nbsp;as Organization</p>', 'system', 'single', 1741713768),
(2490, 1, NULL, NULL, NULL, 'New user registered', '<p>LcdTIzjpIAwMJx registered on the platform on 13 Mar 2025 11:59&nbsp;as Organization</p>', 'system', 'single', 1741859981),
(2491, 1, NULL, NULL, NULL, 'New user registered', '<p>ByIdeddy registered on the platform on 14 Mar 2025 04:43&nbsp;as Student</p>', 'system', 'single', 1741920201),
(2492, 1, NULL, NULL, NULL, 'New user registered', '<p>ciAwOOXPe registered on the platform on 14 Mar 2025 12:26&nbsp;as Organization</p>', 'system', 'single', 1741947961),
(2493, 1, NULL, NULL, NULL, 'New user registered', '<p>iUQyXtLyBQCpR registered on the platform on 15 Mar 2025 09:14&nbsp;as Organization</p>', 'system', 'single', 1742022851),
(2494, 1, NULL, NULL, NULL, 'New user registered', '<p>xLBTWDojGnxLpP registered on the platform on 16 Mar 2025 05:38&nbsp;as Organization</p>', 'system', 'single', 1742096299),
(2495, 1, NULL, NULL, NULL, 'New user registered', '<p>QDPzJpXog registered on the platform on 16 Mar 2025 21:06&nbsp;as Organization</p>', 'system', 'single', 1742152006),
(2496, 1, NULL, NULL, NULL, 'New user registered', '<p>sBluatNww registered on the platform on 17 Mar 2025 20:45&nbsp;as Organization</p>', 'system', 'single', 1742237135),
(2497, 1, NULL, NULL, NULL, 'New user registered', '<p>qtpTppic registered on the platform on 21 Mar 2025 16:16&nbsp;as Organization</p>', 'system', 'single', 1742566569),
(2498, 1, NULL, NULL, NULL, 'New user registered', '<p>aqsYuPQozbTO registered on the platform on 24 Mar 2025 07:27&nbsp;as Organization</p>', 'system', 'single', 1742794033),
(2499, 1, NULL, NULL, NULL, 'New user registered', '<p>HGYTqXkubW registered on the platform on 30 Mar 2025 08:27&nbsp;as Organization</p>', 'system', 'single', 1743316058),
(2500, 1, NULL, NULL, NULL, 'New user registered', '<p>TZPfAXxBoc registered on the platform on 31 Mar 2025 18:36&nbsp;as Organization</p>', 'system', 'single', 1743438970),
(2501, 1, NULL, NULL, NULL, 'New user registered', '<p>iriYNjLiGT registered on the platform on 1 Apr 2025 06:02&nbsp;as Organization</p>', 'system', 'single', 1743480173),
(2502, 1, NULL, NULL, NULL, 'New user registered', '<p>qrvNJRsiLtV registered on the platform on 3 Apr 2025 05:05&nbsp;as Organization</p>', 'system', 'single', 1743649509),
(2503, 1, NULL, NULL, NULL, 'New user registered', '<p>zmOzCfdcGvzdfL registered on the platform on 3 Apr 2025 17:29&nbsp;as Organization</p>', 'system', 'single', 1743694162),
(2504, 1, NULL, NULL, NULL, 'New user registered', '<p>RuzhoTWqdkhqV registered on the platform on 5 Apr 2025 17:51&nbsp;as Organization</p>', 'system', 'single', 1743868280),
(2505, 1, NULL, NULL, NULL, 'New user registered', '<p>VLYYfitqjjDZnA registered on the platform on 9 Apr 2025 06:47&nbsp;as Organization</p>', 'system', 'single', 1744174043),
(2506, 1, NULL, NULL, NULL, 'New user registered', '<p>CvfuxdBFTaMqGk registered on the platform on 9 Apr 2025 07:07&nbsp;as Organization</p>', 'system', 'single', 1744175240),
(2507, 1, NULL, NULL, NULL, 'Form submission by user', '<p>Admin submitted form WhatsContact</p>', 'system', 'single', 1745090764),
(2508, 929, NULL, NULL, NULL, 'Certificate achieved', '<p>You achieved a certificate for Dose adjustment for most of medications course</p>', 'system', 'single', 1748812189),
(2509, 1016, NULL, NULL, NULL, 'Course approve', '<p>Your course with title hammam approved</p>', 'system', 'single', 1749146965),
(2510, 1056, NULL, NULL, NULL, 'New badge awarded', '<p>You received Loyal User&nbsp;badge</p>', 'system', 'single', 1749147443);

INSERT INTO `cschool`.`notifications_status` (`id`, `user_id`, `notification_id`, `seen_at`) VALUES 
(1, 995, 1431, 1646127235),
(2, 995, 1436, 1646127239),
(3, 995, 1435, 1646127239),
(4, 995, 1438, 1646127241),
(5, 995, 1439, 1646127242),
(6, 995, 1442, 1646127243),
(7, 995, 1441, 1646127245),
(8, 995, 1476, 1646127245),
(9, 995, 1475, 1646127246),
(10, 995, 1477, 1646127248),
(11, 995, 1348, 1646127256),
(12, 995, 1402, 1646127264),
(13, 995, 1404, 1646127265),
(14, 995, 1406, 1646127266),
(15, 995, 1407, 1646127267),
(16, 995, 1409, 1646127269),
(17, 995, 1412, 1646127270),
(18, 995, 1411, 1646127271),
(19, 995, 1427, 1646127272),
(20, 995, 1428, 1646127273),
(21, 995, 1430, 1646127276),
(22, 995, 1513, 1646127280),
(23, 995, 1579, 1646127281),
(24, 995, 1582, 1646127282),
(25, 995, 1580, 1646127282),
(26, 995, 1609, 1646127283),
(27, 995, 1610, 1646127286),
(337, 934, 2011, 1678908519),
(338, 995, 2049, 1678915505),
(341, 1, 2177, 1679090327),
(342, 1, 2209, 1694970515),
(344, 1046, 2214, 1709624803),
(345, 1, 2199, 1728219169),
(346, 996, 1968, 1728314023),
(347, 996, 2389, 1729412838),
(348, 1, 2405, 1729765026),
(349, 996, 2369, 1733511470),
(350, 1, 2445, 1734536138);

INSERT INTO `cschool`.`offline_bank_specification_translations` (`id`, `offline_bank_specification_id`, `locale`, `name`) VALUES 
(20, 17, 'en', 'Card ID'),
(21, 18, 'en', 'Account ID'),
(22, 19, 'en', 'IBAN'),
(23, 20, 'en', 'Account Holder'),
(24, 21, 'en', 'IBAN'),
(25, 22, 'en', 'Card Number');

INSERT INTO `cschool`.`offline_bank_specifications` (`id`, `offline_bank_id`, `value`) VALUES 
(17, 6, '2578-4910-3682-6288'),
(18, 6, '38152294372'),
(19, 6, 'QA66QUWW934528129454345775226'),
(20, 7, 'Rocket LMS'),
(21, 7, 'NL37ABNA2423554788'),
(22, 7, '5012-4518-1772-8911');

INSERT INTO `cschool`.`offline_bank_translations` (`id`, `offline_bank_id`, `locale`, `title`) VALUES 
(7, 6, 'en', 'Qatar National Bank'),
(8, 7, 'en', 'JPMorgan');

INSERT INTO `cschool`.`offline_banks` (`id`, `logo`, `created_at`) VALUES 
(6, '/store/1/default_images/offline_payments/Qatar National Bank.png', 1678951755),
(7, '/store/1/default_images/offline_payments/jpmorgan.png', 1679089716);

INSERT INTO `cschool`.`offline_payments` (`id`, `user_id`, `amount`, `offline_bank_id`, `reference_number`, `attachment`, `status`, `pay_date`, `created_at`) VALUES 
(15, 996, 500, 6, '493214678', NULL, 'approved', '1625906880', 1625944192),
(16, 995, 1000, 6, '5492247188', NULL, 'approved', '1625888700', 1625950563),
(17, 979, 400, 6, '4637249712', NULL, 'approved', '1626160980', 1625992349),
(18, 1016, 100, 6, '56647132456', NULL, 'reject', '1626065100', 1625992606),
(20, 923, 300, 6, '8314667560', NULL, 'approved', '1626321000', 1625993428),
(21, 930, 250, 6, '5325469580', NULL, 'approved', '1626070800', 1625993489),
(22, 1015, 500, 6, '583359268', NULL, 'approved', '1626183840', 1626132546),
(23, 929, 300, 6, '56476312144', NULL, 'approved', '1626252480', 1626241046),
(24, 996, 200, 6, '261513513513', NULL, 'approved', '1627950600', 1628704322),
(25, 995, 100, 6, '546465654', NULL, 'approved', '1629204540', 1628704347),
(26, 995, 200, 6, '2123135131', NULL, 'approved', '1628610420', 1628704369),
(27, 979, 100, 6, '3416354544', NULL, 'reject', '1628606880', 1628704436),
(28, 930, 100, 6, '5161616', NULL, 'waiting', '1630413000', 1628785223),
(34, 930, 500, NULL, '3215415665', NULL, 'waiting', '1629469800', 1628785293),
(41, 995, 100, 6, '1647726485', '1646413097.png', 'waiting', '1646322780', 1646413097);

INSERT INTO `cschool`.`order_items` (`id`, `user_id`, `order_id`, `webinar_id`, `bundle_id`, `subscribe_id`, `promotion_id`, `gift_id`, `registration_package_id`, `product_id`, `product_order_id`, `installment_payment_id`, `reserve_meeting_id`, `ticket_id`, `discount_id`, `become_instructor_id`, `amount`, `tax`, `tax_price`, `commission`, `commission_price`, `discount`, `total_amount`, `product_delivery_fee`, `created_at`) VALUES 
(310, 1015, 306, 1996, NULL, NULL, 3, NULL, NULL, NULL, NULL, NULL, NULL, NULL, NULL, NULL, 63.00, 10, 6.30, 0, 0.00, NULL, 69.30, NULL, 1625145687),
(311, 996, 307, NULL, NULL, NULL, NULL, NULL, NULL, NULL, NULL, NULL, 48, NULL, NULL, NULL, 150.00, 10, 15.00, 20, 30.00, 0.00, 165.00, NULL, 1625944333),
(312, 995, 308, NULL, NULL, NULL, NULL, NULL, NULL, NULL, NULL, NULL, 49, NULL, NULL, NULL, 100.00, 10, 10.00, 20, 20.00, 0.00, 110.00, NULL, 1625952623),
(313, 995, 309, 2005, NULL, NULL, NULL, NULL, NULL, NULL, NULL, NULL, NULL, NULL, NULL, NULL, 10.00, 10, 1.00, 20, 2.00, 0.00, 11.00, NULL, 1625953190),
(314, 995, 310, NULL, NULL, NULL, NULL, NULL, NULL, NULL, NULL, NULL, 50, NULL, NULL, NULL, 125.00, 10, 12.50, 20, 25.00, 0.00, 137.50, NULL, 1625996807),
(315, 995, 311, 1999, NULL, NULL, NULL, NULL, NULL, NULL, NULL, NULL, NULL, NULL, NULL, NULL, 50.00, 10, 5.00, 10, 5.00, 0.00, 55.00, NULL, 1625996936),
(316, 995, 312, 1998, NULL, NULL, NULL, NULL, NULL, NULL, NULL, NULL, NULL, 28, NULL, NULL, 100.00, 10, 5.00, 20, 10.00, 50.00, 55.00, NULL, 1625996974),
(317, 995, 313, 2001, NULL, NULL, NULL, NULL, NULL, NULL, NULL, NULL, NULL, NULL, NULL, NULL, 20.00, 10, 1.60, 10, 1.60, 4.00, 17.60, NULL, 1625997096),
(318, 996, 314, 2006, NULL, NULL, NULL, NULL, NULL, NULL, NULL, NULL, NULL, NULL, NULL, NULL, 25.00, 10, 2.25, 20, 4.50, 2.50, 24.75, NULL, 1626060481),
(319, 996, 315, 1998, NULL, NULL, NULL, NULL, NULL, NULL, NULL, NULL, NULL, 28, NULL, NULL, 100.00, 10, 4.00, 20, 8.00, 60.00, 44.00, NULL, 1626060548),
(320, 930, 316, 1998, NULL, NULL, NULL, NULL, NULL, NULL, NULL, NULL, NULL, 28, NULL, NULL, 100.00, 10, 5.00, 20, 10.00, 50.00, 55.00, NULL, 1626060832),
(321, 979, 317, 2004, NULL, NULL, NULL, NULL, NULL, NULL, NULL, NULL, NULL, NULL, NULL, NULL, 60.00, 10, 6.00, 10, 6.00, 0.00, 66.00, NULL, 1626061329),
(322, 979, 318, 2002, NULL, NULL, NULL, NULL, NULL, NULL, NULL, NULL, NULL, NULL, NULL, NULL, 20.00, 10, 2.00, 20, 4.00, 0.00, 22.00, NULL, 1626061366),
(323, 979, 318, 2000, NULL, NULL, NULL, NULL, NULL, NULL, NULL, NULL, NULL, NULL, NULL, NULL, 30.00, 10, 3.00, 20, 6.00, 0.00, 33.00, NULL, 1626061366),
(324, 995, 319, NULL, NULL, 3, NULL, NULL, NULL, NULL, NULL, NULL, NULL, NULL, NULL, NULL, 20.00, 10, 2.00, 0, 0.00, NULL, 22.00, NULL, 1626061431),
(325, 1015, 320, 2002, NULL, NULL, NULL, NULL, NULL, NULL, NULL, NULL, NULL, NULL, NULL, NULL, 20.00, 10, 2.00, 20, 4.00, 0.00, 22.00, NULL, 1626132487),
(326, 1015, 321, 2002, NULL, NULL, NULL, NULL, NULL, NULL, NULL, NULL, NULL, NULL, 7, NULL, 20.00, 10, 1.60, 20, 3.20, 4.00, 17.60, NULL, 1626132840),
(327, 929, 322, 2003, NULL, NULL, NULL, NULL, NULL, NULL, NULL, NULL, NULL, 31, NULL, NULL, 40.00, 10, 3.00, 20, 6.00, 10.00, 33.00, NULL, 1626240993),
(328, 929, 323, 2004, NULL, NULL, 3, NULL, NULL, NULL, NULL, NULL, NULL, NULL, NULL, NULL, 50.00, 10, 5.00, 0, 0.00, NULL, 55.00, NULL, 1626241146),
(329, 929, 324, 2003, NULL, NULL, NULL, NULL, NULL, NULL, NULL, NULL, NULL, 31, NULL, NULL, 40.00, 10, 3.00, 20, 6.00, 10.00, 33.00, NULL, 1626241207),
(330, 995, 325, NULL, NULL, NULL, NULL, NULL, NULL, NULL, NULL, NULL, 51, NULL, NULL, NULL, 100.00, 10, 10.00, 20, 20.00, 0.00, 110.00, NULL, 1626247189),
(331, 1015, 326, 2001, NULL, NULL, NULL, NULL, NULL, NULL, NULL, NULL, NULL, NULL, NULL, NULL, 20.00, 10, 1.60, 10, 1.60, 4.00, 17.60, NULL, 1626284818),
(332, 996, 327, 2000, NULL, NULL, NULL, NULL, NULL, NULL, NULL, NULL, NULL, NULL, NULL, NULL, 30.00, 10, 2.70, 20, 5.40, 3.00, 29.70, NULL, 1626508952),
(333, 929, 328, 2000, NULL, NULL, NULL, NULL, NULL, NULL, NULL, NULL, NULL, NULL, NULL, NULL, 30.00, 10, 3.00, 20, 6.00, 0.00, 33.00, NULL, 1635412190),
(334, 979, 329, NULL, NULL, 4, NULL, NULL, NULL, NULL, NULL, NULL, NULL, NULL, NULL, NULL, 100.00, 10, 10.00, 0, 0.00, NULL, 110.00, NULL, 1635448382),
(335, 1017, 330, 2000, NULL, NULL, NULL, NULL, NULL, NULL, NULL, NULL, NULL, NULL, NULL, NULL, 30.00, 10, 3.00, 20, 6.00, 0.00, 33.00, NULL, 1639379271),
(336, 1017, 331, 1998, NULL, NULL, NULL, NULL, NULL, NULL, NULL, NULL, NULL, NULL, NULL, NULL, 100.00, 10, 10.00, 20, 20.00, 0.00, 110.00, NULL, 1639379347),
(337, 1017, 332, 2003, NULL, NULL, NULL, NULL, NULL, NULL, NULL, NULL, NULL, 31, NULL, NULL, 40.00, 10, 3.00, 20, 6.00, 10.00, 33.00, NULL, 1639379382),
(338, 995, 333, 2009, NULL, NULL, NULL, NULL, NULL, NULL, NULL, NULL, NULL, NULL, NULL, NULL, 10.00, 10, 1.00, 20, 2.00, 0.00, 11.00, NULL, 1646172083),
(339, 996, 334, 2009, NULL, NULL, NULL, NULL, NULL, NULL, NULL, NULL, NULL, NULL, NULL, NULL, 10.00, 10, 0.90, 20, 1.80, 1.00, 9.90, NULL, 1646172119),
(340, 979, 335, 2009, NULL, NULL, NULL, NULL, NULL, NULL, NULL, NULL, NULL, NULL, NULL, NULL, 10.00, 10, 1.00, 20, 2.00, 0.00, 11.00, NULL, 1646172156),
(341, 929, 336, 2009, NULL, NULL, NULL, NULL, NULL, NULL, NULL, NULL, NULL, NULL, NULL, NULL, 10.00, 10, 1.00, 20, 2.00, 0.00, 11.00, NULL, 1646172292),
(342, 995, 337, NULL, NULL, NULL, NULL, NULL, NULL, NULL, NULL, NULL, 1, NULL, NULL, NULL, 750.00, 10, 75.00, 20, 150.00, 0.00, 825.00, NULL, 1646379279),
(343, 1017, 338, NULL, NULL, NULL, NULL, NULL, NULL, NULL, NULL, NULL, 5, NULL, NULL, NULL, 300.00, 10, 30.00, 20, 60.00, 0.00, 330.00, NULL, 1646380150),
(344, 930, 339, NULL, NULL, NULL, NULL, NULL, 2, NULL, NULL, NULL, NULL, NULL, NULL, 5, 199.00, 10, 19.90, 0, 0.00, NULL, 218.90, NULL, 1646386782),
(345, 859, 340, NULL, NULL, NULL, NULL, NULL, 4, NULL, NULL, NULL, NULL, NULL, NULL, 6, 200.00, 10, 20.00, 0, 0.00, NULL, 220.00, NULL, 1646387650),
(346, 930, 341, NULL, 1, NULL, NULL, NULL, NULL, NULL, NULL, NULL, NULL, NULL, NULL, NULL, 50.00, 10, 5.00, 20, 10.00, 0.00, 55.00, 0.00, 1656083106),
(347, 995, 342, NULL, NULL, NULL, NULL, NULL, NULL, 4, 1, NULL, NULL, NULL, NULL, NULL, 5.00, 5, 0.25, 20, 1.00, 0.00, 5.25, 0.00, 1656103838),
(348, 923, 343, NULL, NULL, NULL, NULL, NULL, NULL, 1, 2, NULL, NULL, NULL, NULL, NULL, 25.00, 5, 1.25, 10, 2.50, 0.00, 31.25, 5.00, 1656104126),
(349, 996, 344, 2003, NULL, NULL, NULL, NULL, NULL, NULL, NULL, NULL, NULL, NULL, NULL, NULL, 40.00, 10, 3.60, 20, 7.20, 4.00, 39.60, 0.00, 1656130476),
(350, 930, 345, NULL, NULL, NULL, NULL, NULL, NULL, 2, 3, NULL, NULL, NULL, NULL, NULL, 290.00, 5, 14.50, 10, 29.00, 0.00, 314.50, 10.00, 1656130702),
(351, 996, 346, NULL, NULL, NULL, NULL, NULL, NULL, 5, 4, NULL, NULL, NULL, NULL, NULL, 75.00, 5, 3.75, 20, 15.00, 0.00, 78.75, 0.00, 1656130959),
(352, 979, 347, NULL, 2, NULL, NULL, NULL, NULL, NULL, NULL, NULL, NULL, NULL, NULL, NULL, 8.00, 10, 0.80, 20, 1.60, 0.00, 8.80, 0.00, 1656139699),
(353, 979, 347, NULL, 3, NULL, NULL, NULL, NULL, NULL, NULL, NULL, NULL, NULL, NULL, NULL, 25.00, 10, 2.50, 20, 5.00, 0.00, 27.50, 0.00, 1656139699),
(354, 1017, 348, NULL, NULL, NULL, NULL, NULL, NULL, 1, 5, NULL, NULL, NULL, NULL, NULL, 25.00, 5, 1.00, 10, 2.00, 5.00, 26.00, 5.00, 1656148569),
(355, 995, 349, NULL, NULL, NULL, NULL, NULL, NULL, 1, 6, NULL, NULL, NULL, NULL, NULL, 50.00, 5, 2.25, 10, 4.50, 5.00, 52.25, 5.00, 1656148735),
(356, 995, 350, NULL, NULL, NULL, NULL, NULL, NULL, 1, 6, NULL, NULL, NULL, NULL, NULL, 50.00, 5, 2.25, 10, 4.50, 5.00, 52.25, 5.00, 1656148833),
(357, 995, 351, NULL, NULL, NULL, NULL, NULL, NULL, 6, 7, NULL, NULL, NULL, 9, NULL, 20.00, 5, 1.00, 20, 4.00, 4.00, 17.00, 0.00, 1656322652),
(692, 995, 694, NULL, NULL, NULL, NULL, NULL, NULL, NULL, NULL, 1, NULL, NULL, NULL, NULL, 30.00, 10, 3.00, 20, 6.00, 0.00, 33.00, 0.00, 1678915479),
(693, 979, 695, NULL, NULL, NULL, NULL, NULL, NULL, NULL, NULL, 2, NULL, NULL, NULL, NULL, 30.00, 10, 3.00, 20, 6.00, 0.00, 33.00, 0.00, 1678917758),
(694, 979, 696, 2004, NULL, NULL, NULL, 6, NULL, NULL, NULL, NULL, NULL, NULL, NULL, NULL, 60.00, 10, 3.60, 10, 3.60, 24.00, 39.60, 0.00, 1678919425),
(695, 930, 697, NULL, NULL, NULL, NULL, NULL, NULL, NULL, NULL, 3, NULL, NULL, NULL, NULL, 30.00, 10, 3.00, 20, 6.00, 0.00, 33.00, 0.00, 1678922505),
(696, 995, 698, NULL, NULL, NULL, NULL, NULL, NULL, NULL, NULL, 4, NULL, NULL, NULL, NULL, 20.00, 10, 2.00, 20, 4.00, 0.00, 22.00, 0.00, 1678922687),
(697, 1017, 699, NULL, NULL, NULL, NULL, NULL, NULL, NULL, NULL, 5, NULL, NULL, NULL, NULL, 30.00, 10, 3.00, 20, 6.00, 0.00, 33.00, 0.00, 1678923549),
(698, 979, 700, NULL, NULL, NULL, NULL, NULL, NULL, NULL, NULL, 6, NULL, NULL, NULL, NULL, 30.00, 10, 3.00, 20, 6.00, 0.00, 33.00, 0.00, 1678925784),
(699, 995, 701, NULL, NULL, NULL, NULL, NULL, NULL, NULL, NULL, 7, NULL, NULL, NULL, NULL, 30.00, 10, 3.00, 20, 6.00, 0.00, 33.00, 0.00, 1678925910),
(700, 995, 702, NULL, NULL, NULL, NULL, NULL, NULL, NULL, NULL, 9, NULL, NULL, NULL, NULL, 20.00, 10, 2.00, 20, 4.00, 0.00, 22.00, 0.00, 1678926034),
(701, 1045, 703, 2022, NULL, NULL, NULL, NULL, NULL, NULL, NULL, NULL, NULL, NULL, NULL, NULL, 100.00, 10, 10.00, 20, 20.00, 0.00, 110.00, 0.00, 1678959216),
(702, 995, 704, NULL, NULL, NULL, NULL, NULL, NULL, NULL, NULL, 10, NULL, NULL, NULL, NULL, 30.00, 10, 3.00, 20, 6.00, 0.00, 33.00, 0.00, 1678960998),
(703, 930, 705, 2004, NULL, NULL, NULL, NULL, NULL, NULL, NULL, NULL, NULL, NULL, NULL, NULL, 60.00, 10, 3.60, 10, 3.60, 24.00, 39.60, 0.00, 1678961213),
(704, 979, 706, NULL, NULL, NULL, NULL, NULL, NULL, NULL, NULL, 11, NULL, NULL, NULL, NULL, 30.00, 10, 3.00, 20, 6.00, 0.00, 33.00, 0.00, 1678961648),
(705, 1045, 707, 2000, NULL, NULL, NULL, NULL, NULL, NULL, NULL, NULL, NULL, NULL, NULL, NULL, 30.00, 10, 3.00, 20, 6.00, 0.00, 33.00, 0.00, 1679088424),
(706, 995, 708, NULL, NULL, NULL, NULL, NULL, NULL, NULL, NULL, 1, NULL, NULL, NULL, NULL, 30.00, 10, 3.00, 20, 6.00, 0.00, 33.00, 0.00, 1685783036),
(707, 930, 709, NULL, NULL, NULL, NULL, NULL, NULL, NULL, NULL, 2, NULL, NULL, NULL, NULL, 30.00, 10, 3.00, 20, 6.00, 0.00, 33.00, 0.00, 1685783147),
(708, 859, 710, NULL, NULL, 4, NULL, NULL, NULL, NULL, NULL, NULL, NULL, NULL, NULL, NULL, 100.00, 10, 10.00, 0, 0.00, NULL, 110.00, NULL, 1728315192),
(709, 996, 711, 2033, NULL, NULL, NULL, NULL, NULL, NULL, NULL, NULL, NULL, NULL, NULL, NULL, 500.00, 10, 45.00, 20, 90.00, 50.00, 495.00, 0.00, 1728369374),
(710, 996, 712, 2033, NULL, NULL, NULL, NULL, NULL, NULL, NULL, NULL, NULL, NULL, NULL, NULL, 500.00, 10, 45.00, 20, 90.00, 50.00, 495.00, 0.00, 1728369940);

INSERT INTO `cschool`.`orders` (`id`, `user_id`, `status`, `payment_method`, `is_charge_account`, `amount`, `tax`, `total_discount`, `total_amount`, `product_delivery_fee`, `reference_id`, `payment_data`, `created_at`) VALUES 
(306, 1015, 'pending', NULL, 0, 63.00, 6.30, NULL, 69.30, NULL, NULL, NULL, 1625145687),
(307, 996, 'paid', 'credit', 0, 150.00, 15.00, 0.00, 165.00, NULL, NULL, NULL, 1625944333),
(308, 995, 'paid', 'credit', 0, 100.00, 10.00, 0.00, 110.00, NULL, NULL, NULL, 1625952623),
(309, 995, 'paid', 'credit', 0, 10.00, 1.00, 0.00, 11.00, NULL, NULL, NULL, 1625953190),
(310, 995, 'paid', 'credit', 0, 125.00, 12.50, 0.00, 137.50, NULL, NULL, NULL, 1625996807),
(311, 995, 'paid', 'credit', 0, 50.00, 5.00, 0.00, 55.00, NULL, NULL, NULL, 1625996936),
(312, 995, 'paid', 'credit', 0, 100.00, 5.00, 50.00, 55.00, NULL, NULL, NULL, 1625996974),
(313, 995, 'paid', 'credit', 0, 16.00, 1.20, 4.00, 13.20, NULL, NULL, NULL, 1625997096),
(314, 996, 'paid', 'credit', 0, 25.00, 2.25, 2.50, 24.75, NULL, NULL, NULL, 1626060481),
(315, 996, 'paid', 'credit', 0, 100.00, 4.00, 60.00, 44.00, NULL, NULL, NULL, 1626060547),
(316, 930, 'paid', 'credit', 0, 100.00, 5.00, 50.00, 55.00, NULL, NULL, NULL, 1626060832),
(317, 979, 'paid', 'credit', 0, 60.00, 6.00, 0.00, 66.00, NULL, NULL, NULL, 1626061329),
(318, 979, 'paid', 'credit', 0, 50.00, 5.00, 0.00, 55.00, NULL, NULL, NULL, 1626061366),
(319, 995, 'paid', 'credit', 0, 20.00, 2.00, NULL, 22.00, NULL, NULL, NULL, 1626061431),
(320, 1015, 'pending', NULL, 0, 20.00, 2.00, 0.00, 22.00, NULL, NULL, NULL, 1626132487),
(321, 1015, 'paid', 'credit', 0, 20.00, 1.60, 4.00, 17.60, NULL, NULL, NULL, 1626132840),
(322, 929, 'pending', NULL, 0, 40.00, 3.00, 10.00, 33.00, NULL, NULL, NULL, 1626240993),
(323, 929, 'paid', 'credit', 0, 50.00, 5.00, NULL, 55.00, NULL, NULL, NULL, 1626241146),
(324, 929, 'paid', 'credit', 0, 40.00, 3.00, 10.00, 33.00, NULL, NULL, NULL, 1626241207),
(325, 995, 'paid', 'credit', 0, 100.00, 10.00, 0.00, 110.00, NULL, NULL, NULL, 1626247189),
(326, 1015, 'pending', NULL, 0, 20.00, 1.60, 4.00, 17.60, NULL, NULL, NULL, 1626284818),
(327, 996, 'paid', 'credit', 0, 30.00, 2.70, 3.00, 29.70, NULL, NULL, NULL, 1626508952),
(328, 929, 'paid', 'credit', 0, 30.00, 3.00, 0.00, 33.00, NULL, NULL, NULL, 1635412190),
(329, 979, 'pending', NULL, 0, 100.00, 10.00, NULL, 110.00, NULL, NULL, NULL, 1635448382),
(330, 1017, 'paid', 'credit', 0, 30.00, 3.00, 0.00, 33.00, NULL, NULL, NULL, 1639379271),
(331, 1017, 'paid', 'credit', 0, 100.00, 10.00, 0.00, 110.00, NULL, NULL, NULL, 1639379347),
(332, 1017, 'paid', 'credit', 0, 40.00, 3.00, 10.00, 33.00, NULL, NULL, NULL, 1639379382),
(333, 995, 'paid', 'credit', 0, 10.00, 1.00, 0.00, 11.00, NULL, NULL, NULL, 1646172083),
(334, 996, 'paid', 'credit', 0, 10.00, 0.90, 1.00, 9.90, NULL, NULL, NULL, 1646172119),
(335, 979, 'paid', 'credit', 0, 10.00, 1.00, 0.00, 11.00, NULL, NULL, NULL, 1646172156),
(336, 929, 'paid', 'credit', 0, 10.00, 1.00, 0.00, 11.00, NULL, NULL, NULL, 1646172292),
(337, 995, 'paid', 'credit', 0, 750.00, 75.00, 0.00, 825.00, NULL, NULL, NULL, 1646379279),
(338, 1017, 'pending', NULL, 0, 300.00, 30.00, 0.00, 330.00, NULL, NULL, NULL, 1646380150),
(339, 930, 'paid', 'credit', 0, 199.00, 19.90, NULL, 218.90, NULL, NULL, NULL, 1646386782),
(340, 859, 'paid', 'credit', 0, 200.00, 20.00, NULL, 220.00, NULL, NULL, NULL, 1646387650),
(341, 930, 'paid', 'credit', 0, 50.00, 5.00, 0.00, 55.00, 0.00, NULL, NULL, 1656083106),
(342, 995, 'paid', 'credit', 0, 5.00, 0.25, 0.00, 5.25, 0.00, NULL, NULL, 1656103838),
(343, 923, 'paid', 'credit', 0, 25.00, 1.25, 0.00, 31.25, 5.00, NULL, NULL, 1656104126),
(344, 996, 'paid', 'credit', 0, 40.00, 3.60, 4.00, 39.60, 0.00, NULL, NULL, 1656130476),
(345, 930, 'paid', 'credit', 0, 290.00, 14.50, 0.00, 314.50, 10.00, NULL, NULL, 1656130702),
(346, 996, 'paid', 'credit', 0, 75.00, 3.75, 0.00, 78.75, 0.00, NULL, NULL, 1656130959),
(347, 979, 'paid', 'credit', 0, 33.00, 3.30, 0.00, 36.30, 0.00, NULL, NULL, 1656139699),
(348, 1017, 'paid', 'credit', 0, 25.00, 1.00, 5.00, 26.00, 5.00, NULL, NULL, 1656148569),
(349, 995, 'pending', NULL, 0, 50.00, 2.25, 5.00, 52.25, 5.00, NULL, NULL, 1656148735),
(350, 995, 'paid', 'credit', 0, 50.00, 2.25, 5.00, 52.25, 5.00, NULL, NULL, 1656148833),
(351, 995, 'paid', 'credit', 0, 20.00, 1.00, 4.00, 17.00, 0.00, NULL, NULL, 1656322652),
(694, 995, 'paid', 'credit', 0, 30.00, 3.00, 0.00, 33.00, 0.00, NULL, NULL, 1678915479),
(695, 979, 'paid', 'credit', 0, 30.00, 3.00, 0.00, 33.00, 0.00, NULL, NULL, 1678917758),
(696, 979, 'paid', 'credit', 0, 60.00, 3.60, 24.00, 39.60, 0.00, NULL, NULL, 1678919425),
(697, 930, 'paid', 'credit', 0, 30.00, 3.00, 0.00, 33.00, 0.00, NULL, NULL, 1678922505),
(698, 995, 'paid', 'credit', 0, 20.00, 2.00, 0.00, 22.00, 0.00, NULL, NULL, 1678922687),
(699, 1017, 'paid', 'credit', 0, 30.00, 3.00, 0.00, 33.00, 0.00, NULL, NULL, 1678923549),
(700, 979, 'paid', 'credit', 0, 30.00, 3.00, 0.00, 33.00, 0.00, NULL, NULL, 1678925784),
(701, 995, 'paid', 'credit', 0, 30.00, 3.00, 0.00, 33.00, 0.00, NULL, NULL, 1678925910),
(702, 995, 'paid', 'credit', 0, 20.00, 2.00, 0.00, 22.00, 0.00, NULL, NULL, 1678926034),
(703, 1045, 'paid', 'credit', 0, 100.00, 10.00, 0.00, 110.00, 0.00, NULL, NULL, 1678959216),
(704, 995, 'paid', 'credit', 0, 30.00, 3.00, 0.00, 33.00, 0.00, NULL, NULL, 1678960998),
(705, 930, 'paid', 'credit', 0, 60.00, 3.60, 24.00, 39.60, 0.00, NULL, NULL, 1678961213),
(706, 979, 'paid', 'credit', 0, 30.00, 3.00, 0.00, 33.00, 0.00, NULL, NULL, 1678961648),
(707, 1045, 'paid', 'credit', 0, 30.00, 3.00, 0.00, 33.00, 0.00, NULL, NULL, 1679088424),
(708, 995, 'paid', 'credit', 0, 30.00, 3.00, 0.00, 33.00, 0.00, NULL, NULL, 1685783036),
(709, 930, 'paid', 'credit', 0, 30.00, 3.00, 0.00, 33.00, 0.00, NULL, NULL, 1685783147),
(710, 859, 'pending', 'credit', 0, 100.00, 10.00, NULL, 110.00, NULL, NULL, NULL, 1728315192),
(711, 996, 'pending', 'payment_channel', 0, 500.00, 45.00, 50.00, 495.00, 0.00, NULL, NULL, 1728369374),
(712, 996, 'pending', NULL, 0, 500.00, 45.00, 50.00, 495.00, 0.00, NULL, NULL, 1728369940);

INSERT INTO `cschool`.`page_translations` (`id`, `page_id`, `locale`, `title`, `seo_description`, `content`) VALUES 
(1, 3, 'en', 'About 3C School', '3C Schoolis an online course marketplace with a pile of features that helps you to run your online education business easily.', '<section class="ep-about ep-about--style2 ep-section section-gap position-relative">
                        <div class="container ">
                            <div class="row align-items-center">
                                <div class="col-lg-6 col-12">
                                    <div class="ep-section__img ep-section__img--style2 position-relative">
                                        <div class="ep-section__img-main">
                                            <img src="/store/1/3C/about/about-2/about-img.png" alt="about-img">
                                        </div>
                                        <div class="overview-card updown-ani">
                                            <div class="overview-card__icon">
                                                <img src="/store/1/3C/about/about-1/user.svg" alt="user-icon">
                                            </div>
                                            <div class="overview-card__info">
                                                <h4><span>2</span>k+</h4>
                                                <p>Full Time Student</p>
                                            </div>
                                        </div>
                                    </div>
                                </div>
                                <div class="col-lg-6 col-12">
                                    <div class="ep-section__content">
                                      <div class="ep-section-head">
                                        <span class="ep-section-head__sm-title ep1-color">Know About Us</span><h3 class="ep-section-head__big-title  left">
                                          Why Choose 3C?
                                        </h3>
                                        <p class="ep-section-head__text">
                                          We offer your child the opportunity to build real-world coding
skills and work on hands-on tech projects  all designed to
prepare them for a future as a confident, professional
programmer.</p>
                                      </div>
                                      <div class="ep-section__widget">
                                        <div class="ep-feature-list">
                                          <div class="ep-feature-list__icon">
                                            <i class="fi fi-ss-check-circle"></i>
                                          </div>
                                          <div class="ep-feature-list__info">
                                            <h5>Certified Curriculum</h5>
                                            <p>Accredited learning paths are designed by experts from MIT and Google.</p>
                                          </div>
                                        </div>
                                        <div class="ep-feature-list">
                                          <div class="ep-feature-list__icon">
                                            <i class="fi fi-ss-check-circle"></i>
                                          </div>
                                          <div class="ep-feature-list__info">
                                            <h5>Live, Interactive Online Classes</h5>
                                            <p>Choose between private 1-on-1 sessions or group classes
                                              tailored to your childs learning style.</p>
                                          </div>
                                        </div>
                                        <div class="ep-feature-list">
                                            <div class="ep-feature-list__icon">
                                              <i class="fi fi-ss-check-circle"></i>
                                            </div>
                                            <div class="ep-feature-list__info">
                                              <h5>Fun &amp; Simplified Learning</h5>
                                              <p>
                                                We teach high-demand tech skills in a simple, engaging way,
making coding fun and easy to understand.
</p>
                                            </div>
                                          </div>
                                          <div class="ep-feature-list">
                                            <div class="ep-feature-list__icon">
                                              <i class="fi fi-ss-check-circle"></i>
                                            </div>
                                            <div class="ep-feature-list__info">
                                              <h5>Top Expert Instructors</h5>
                                              <p>Your child will be guided by experienced engineers who teach
                                                in both Arabic and English for the best learning experience.</p>
                                            </div>
                                          </div>
                                          <div class="ep-feature-list">
                                            <div class="ep-feature-list__icon">
                                              <i class="fi fi-ss-check-circle"></i>
                                            </div>
                                            <div class="ep-feature-list__info">
                                              <h5>Clear Career Pathway</h5>
                                              <p>Our comprehensive programs include a step-by-step roadmap
                                                that helps your child build a solid tech career foundation.</p>
                                            </div>
                                          </div>

                                          <div class="ep-feature-list">
                                            <div class="ep-feature-list__icon">
                                              <i class="fi fi-ss-check-circle"></i>
                                            </div>
                                            <div class="ep-feature-list__info">
                                              <h5>Ongoing Support After Classdd</h5>
                                              <p>We offer continuous mentoring and follow-ups to boost your
                                                childs skills and help them grow confidently in the tech
                                                world.</p>
                                            </div>
                                          </div>
                                      </div>
                                      <div class="ep-section__btn">
                                        <a href="about.html" class="ep-btn border-btn">Book Now <i class="fi fi-rs-arrow-small-right"></i>
                                        </a>
                                      </div>
                                    </div>
                                  </div>
                            </div>
                        </div>
                    </section>'),
(2, 5, 'en', 'Terms of Service', 'Our mission is to improve lives through learning. We enable anyone anywhere to create and share educational content (instructors) and to access that educational content to learn.', '<p><br></p><p>Our mission is to improve lives through learning. We enable anyone anywhere to create and share educational content (instructors) and to access that educational content to learn (students). We consider our marketplace model the best way to offer valuable educational content to our users. We need rules to keep our platform and services safe for you, us, and our student and instructor community. These Terms apply to all your activities on the Udemy website, the Udemy mobile applications, our TV applications, our APIs, and other related services (<b>Services</b>).</p><p>If you publish content on our platform, you must also agree to the Instructor Terms. We also provide details regarding our processing of the personal data of our students and instructors in our Privacy Policy. If you are using our platform for Business as part of your organizations Udemy for Business subscription, you should consult our Udemy for Business Privacy Statement.</p><p style="text-align: center; "><br></p><p>You need an account for most activities on our platform, including to <b>purchase</b> and access content or to <b>submit content for publication</b>. When setting up and maintaining your account, you must provide and continue to provide accurate and complete information, including a valid email address. You have complete responsibility for your account and everything that happens on your account, including for any harm or damage (to us or anyone else) caused by someone using your account without your permission. This means you need to be careful with your password. You may not transfer your account to someone else or use someone elses account. If you contact us to request access to an account, we will not grant you such access unless you can provide us with the information that we need to prove you are the owner of that account. In the event of the death of a user, the account of that user will be closed.</p>'),
(3, 6, 'en', 'Reward Points System', 'Rocket LMS Reward Points System is a Complete Loyalty Reward Points System and the most comprehensive Points and Rewards Plugin.', '<p><b>LMS&nbsp;Reward Points System is a Complete Loyalty Reward Points System and the most comprehensive Points and Rewards Plugin. Reward your Customers using Reward Points for Product Purchase, Writing Reviews, Sign up, Referrals, etc. The earned Reward Points can be redeemed for future purchases.&nbsp;</b></p>'),
(4, 5, 'es', 'Trminos de servicio', 'Nuestra misin es mejorar vidas a travs del aprendizaje. Permitimos que cualquier persona en cualquier lugar pueda crear y compartir contenido educativo (instructores) y acceder a ese contenido educativo para aprender.', '<p>Nota: Estos son solo datos de demostracin.</p><p><br></p><p>Nuestra misin es mejorar vidas a travs del aprendizaje. Permitimos que cualquier persona en cualquier lugar pueda crear y compartir contenido educativo (instructores) y acceder a ese contenido educativo para aprender (estudiantes). Consideramos nuestro modelo de mercado la mejor manera de ofrecer contenido educativo valioso a nuestros usuarios. Necesitamos reglas para mantener nuestra plataforma y servicios seguros para usted, nosotros y nuestra comunidad de estudiantes e instructores. Estos Trminos se aplican a todas sus actividades en el sitio web de Udemy, las aplicaciones mviles de Udemy, nuestras aplicaciones de TV, nuestras API y otros servicios relacionados ("Servicios").</p><p><br></p><p>Si publica contenido en nuestra plataforma, tambin debe aceptar los Trminos del instructor. Tambin proporcionamos detalles sobre nuestro procesamiento de los datos personales de nuestros estudiantes e instructores en nuestra Poltica de privacidad. Si utiliza nuestra plataforma para empresas como parte de la suscripcin a Udemy for Business de su organizacin, debe consultar nuestra Declaracin de privacidad de Udemy for Business.</p><p><br></p><p><br></p><p><br></p><p>Necesita una cuenta para la mayora de las actividades en nuestra plataforma, incluso para comprar y acceder a contenido o para enviar contenido para su publicacin. Al configurar y mantener su cuenta, debe proporcionar y continuar proporcionando informacin precisa y completa, incluida una direccin de correo electrnico vlida. Usted es completamente responsable de su cuenta y de todo lo que sucede en ella, incluido cualquier dao o perjuicio (a nosotros o a cualquier otra persona) causado por alguien que usa su cuenta sin su permiso. Esto significa que debe tener cuidado con su contrasea. No puede transferir su cuenta a otra persona ni usar la cuenta de otra persona. Si se comunica con nosotros para solicitar acceso a una cuenta, no le otorgaremos dicho acceso a menos que pueda proporcionarnos la informacin que necesitamos para demostrar que es el propietario de esa cuenta. En caso de fallecimiento de un usuario, la cuenta de ese usuario se cerrar.</p>'),
(5, 5, 'ar', ' ', '      .             ()      .', '<p style="direction: rtl; text-align: right;">:    .</p><p style="direction: rtl; text-align: right;">      .             ()       ().              .                .         Udemy     Udemy                  ("").</p><p style="direction: rtl; text-align: right;">              .              .         Udemy for Business          Udemy for Business.</p><p style="direction: rtl; text-align: right;">                    .                      .                    (    )       .            .             .                         .          .</p>'),
(7, 8, 'en', 'Acc', NULL, 'Our Accreditations
|||
The Most
|||
Accreditation
|||
School in the Middle East ISO 21001, STEM
|||3C Online Coding School is the most accredited coding school in the Middle East, officially certified .by ISO 21001 and STEM.org These global accreditations ensure that our programs meet the highest international standards in .educational management and STEM (Science, Technology, Engineering, and Math) learning They guarantee a high-quality learning experience thats carefully designed to meet the needs of .every student');

INSERT INTO `cschool`.`pages` (`id`, `link`, `name`, `robot`, `status`, `created_at`) VALUES 
(3, '/about', 'AboutUs', 0, 'publish', 1745023328),
(5, '/terms', 'Terms & rules', 0, 'draft', 1727514165),
(6, '/reward_points_system', 'Reward Points System', 0, 'draft', 1727514148),
(8, '/accreditations', 'Accreditation', 0, 'publish', 1745026903);

INSERT INTO `cschool`.`password_resets` (`email`, `token`, `created_at`) VALUES ('av18981848@gmail.com', 'cYTtJLR86NoxZ0whf465XoQa98hhxAxx2Q7t3zeaeTJRYoUMQwqqzb4rgqP2', '2021-02-20 18:05:13');

INSERT INTO `cschool`.`payment_channels` (`id`, `title`, `class_name`, `status`, `image`, `credentials`, `currencies`, `created_at`) VALUES 
(19, 'Paypal', 'Paypal', 'active', '/store/1/default_images/payment gateways/paypal.png', NULL, '["USD","EUR"]', '1654755044'),
(23, 'Payu', 'Payu', 'active', '/store/1/default_images/payment gateways/payu.png', NULL, '["USD","EUR","INR"]', '1654755044'),
(24, 'Razorpay', 'Razorpay', 'active', '/store/1/default_images/payment gateways/razorpay.png', NULL, '["USD","EUR"]', '1654755044'),
(43, 'Alipay', 'Alipay', 'active', NULL, NULL, NULL, '1728139722'),
(44, 'Authorizenet', 'Authorizenet', 'active', NULL, NULL, NULL, '1728139722'),
(45, 'Bitpay', 'Bitpay', 'active', NULL, NULL, NULL, '1728139722'),
(46, 'Braintree', 'Braintree', 'active', NULL, NULL, NULL, '1728139722'),
(47, 'Cashu', 'Cashu', 'active', NULL, NULL, NULL, '1728139722'),
(48, 'Flutterwave', 'Flutterwave', 'active', NULL, NULL, NULL, '1728139722'),
(49, 'Instamojo', 'Instamojo', 'active', NULL, NULL, NULL, '1728139722'),
(50, 'Iyzipay', 'Iyzipay', 'active', NULL, NULL, NULL, '1728139722'),
(51, 'Izipay', 'Izipay', 'active', NULL, NULL, NULL, '1728139722'),
(52, 'KlarnaCheckout', 'KlarnaCheckout', 'active', NULL, NULL, NULL, '1728139722'),
(53, 'MercadoPago', 'MercadoPago', 'active', NULL, NULL, NULL, '1728139722'),
(54, 'Mollie', 'Mollie', 'active', NULL, NULL, NULL, '1728139722'),
(55, 'Ngenius', 'Ngenius', 'active', NULL, NULL, NULL, '1728139722'),
(56, 'Payfort', 'Payfort', 'active', NULL, NULL, NULL, '1728139722'),
(57, 'Payhere', 'Payhere', 'active', NULL, NULL, NULL, '1728139722'),
(58, 'Payku', 'Payku', 'active', NULL, NULL, NULL, '1728139722'),
(59, 'Paylink', 'Paylink', 'active', NULL, NULL, NULL, '1728139722'),
(60, 'Paysera', 'Paysera', 'active', NULL, NULL, NULL, '1728139722'),
(61, 'Paystack', 'Paystack', 'active', NULL, NULL, NULL, '1728139722'),
(62, 'Paytm', 'Paytm', 'active', NULL, NULL, NULL, '1728139722'),
(63, 'Robokassa', 'Robokassa', 'active', NULL, NULL, NULL, '1728139722'),
(64, 'Sslcommerz', 'Sslcommerz', 'active', NULL, NULL, NULL, '1728139722'),
(65, 'Stripe', 'Stripe', 'active', NULL, NULL, NULL, '1728139722'),
(66, 'Toyyibpay', 'Toyyibpay', 'active', NULL, NULL, NULL, '1728139722'),
(67, 'Voguepay', 'Voguepay', 'active', NULL, NULL, NULL, '1728139722'),
(68, 'Zarinpal', 'Zarinpal', 'active', NULL, NULL, NULL, '1728139722'),
(69, 'JazzCash', 'JazzCash', 'active', NULL, NULL, NULL, '1728139722'),
(70, 'IPay88', 'IPay88', 'active', NULL, NULL, NULL, '1728139722'),
(71, 'Redsys', 'Redsys', 'active', NULL, NULL, NULL, '1728139722'),
(72, 'Xendit', 'Xendit', 'active', NULL, NULL, NULL, '1728139722'),
(73, 'Paytabs', 'Paytabs', 'active', NULL, NULL, NULL, '1728139722'),
(74, 'Paymob', 'Paymob', 'active', NULL, NULL, NULL, '1728139722'),
(75, 'Cintepay', 'Cintepay', 'active', NULL, NULL, NULL, '1728139722'),
(76, 'TapPayment', 'TapPayment', 'active', NULL, NULL, NULL, '1728139722'),
(77, 'Paytr', 'Paytr', 'active', NULL, NULL, NULL, '1728139722'),
(78, 'Telebirr', 'Telebirr', 'active', NULL, NULL, NULL, '1728139722');

INSERT INTO `cschool`.`permissions` (`id`, `role_id`, `section_id`, `allow`) VALUES 
(1, 2, 1, 1),
(2, 2, 2, 1),
(3, 2, 3, 1),
(4, 2, 4, 1),
(5, 2, 5, 1),
(6, 2, 6, 1),
(7, 2, 7, 1),
(8, 2, 8, 1),
(9, 2, 9, 1),
(10, 2, 10, 1),
(11, 2, 11, 1),
(12, 2, 12, 1),
(13, 2, 13, 1),
(14, 2, 14, 1),
(15, 2, 15, 1),
(16, 2, 16, 1),
(17, 2, 17, 1),
(50, 2, 50, 1),
(51, 2, 51, 1),
(52, 2, 52, 1),
(53, 2, 53, 1),
(54, 2, 54, 1),
(100, 2, 100, 1),
(101, 2, 101, 1),
(102, 2, 102, 1),
(103, 2, 103, 1),
(104, 2, 104, 1),
(105, 2, 105, 1),
(106, 2, 106, 1),
(107, 2, 107, 1),
(108, 2, 108, 1),
(109, 2, 109, 1),
(110, 2, 110, 1),
(111, 2, 111, 1),
(112, 2, 112, 1),
(113, 2, 113, 1),
(114, 2, 114, 1),
(115, 2, 115, 1),
(116, 2, 116, 1),
(150, 2, 150, 1),
(151, 2, 151, 1),
(152, 2, 152, 1),
(153, 2, 153, 1),
(154, 2, 154, 1),
(155, 2, 155, 1),
(156, 2, 156, 1),
(157, 2, 157, 1),
(158, 2, 158, 1),
(200, 2, 200, 1),
(201, 2, 201, 1),
(202, 2, 202, 1),
(203, 2, 203, 1),
(204, 2, 204, 1),
(205, 2, 205, 1),
(206, 2, 206, 1),
(207, 2, 207, 1),
(208, 2, 208, 1),
(250, 2, 250, 1),
(251, 2, 251, 1),
(252, 2, 252, 1),
(253, 2, 253, 1),
(254, 2, 254, 1),
(300, 2, 300, 1),
(301, 2, 301, 1),
(302, 2, 302, 1),
(303, 2, 303, 1),
(304, 2, 304, 1),
(350, 2, 350, 1),
(351, 2, 351, 1),
(352, 2, 352, 1),
(353, 2, 353, 1),
(354, 2, 354, 1),
(355, 2, 355, 1),
(356, 2, 356, 1),
(357, 2, 357, 1),
(400, 2, 400, 1),
(401, 2, 401, 1),
(402, 2, 402, 1),
(403, 2, 403, 1),
(404, 2, 404, 1),
(405, 2, 405, 1),
(450, 2, 450, 1),
(451, 2, 451, 1),
(452, 2, 452, 1),
(453, 2, 453, 1),
(454, 2, 454, 1),
(455, 2, 455, 1),
(456, 2, 456, 1),
(457, 2, 457, 1),
(458, 2, 458, 1),
(459, 2, 459, 1),
(500, 2, 500, 1),
(501, 2, 501, 1),
(502, 2, 502, 1),
(503, 2, 503, 1),
(504, 2, 504, 1),
(505, 2, 505, 1),
(550, 2, 550, 1),
(551, 2, 551, 1),
(552, 2, 552, 1),
(553, 2, 553, 1),
(554, 2, 554, 1),
(600, 2, 600, 1),
(601, 2, 601, 1),
(602, 2, 602, 1),
(603, 2, 603, 1),
(650, 2, 650, 1),
(651, 2, 651, 1),
(652, 2, 652, 1),
(653, 2, 653, 1),
(654, 2, 654, 1),
(655, 2, 655, 1),
(656, 2, 656, 1),
(700, 2, 700, 1),
(701, 2, 701, 1),
(702, 2, 702, 1),
(703, 2, 703, 1),
(704, 2, 704, 1),
(705, 2, 705, 1),
(706, 2, 706, 1),
(707, 2, 707, 1),
(708, 2, 708, 1),
(750, 2, 750, 1),
(751, 2, 751, 1),
(752, 2, 752, 1),
(753, 2, 753, 1),
(754, 2, 754, 1),
(800, 2, 800, 1),
(801, 2, 801, 1),
(802, 2, 802, 1),
(803, 2, 803, 1),
(850, 2, 850, 1),
(851, 2, 851, 1),
(852, 2, 852, 1),
(853, 2, 853, 1),
(854, 2, 854, 1),
(900, 2, 900, 1),
(901, 2, 901, 1),
(902, 2, 902, 1),
(903, 2, 903, 1),
(904, 2, 904, 1),
(950, 2, 950, 1),
(951, 2, 951, 1),
(952, 2, 952, 1),
(953, 2, 953, 1),
(954, 2, 954, 1),
(955, 2, 955, 1),
(956, 2, 956, 1),
(957, 2, 957, 1),
(958, 2, 958, 1),
(959, 2, 959, 1),
(1000, 2, 1000, 1),
(1001, 2, 1001, 1),
(1002, 2, 1002, 1),
(1003, 2, 1003, 1),
(1004, 2, 1004, 1),
(1050, 2, 1050, 1),
(1051, 2, 1051, 1),
(1052, 2, 1052, 1),
(1053, 2, 1053, 1),
(1054, 2, 1054, 1),
(1055, 2, 1055, 1),
(1056, 2, 1056, 1),
(1057, 2, 1057, 1),
(1058, 2, 1058, 1),
(1059, 2, 1059, 1),
(1060, 2, 1060, 1),
(1075, 2, 1075, 1),
(1076, 2, 1076, 1),
(1077, 2, 1077, 1),
(1078, 2, 1078, 1),
(1079, 2, 1079, 1),
(1100, 2, 1100, 1),
(1101, 2, 1101, 1),
(1102, 2, 1102, 1),
(1103, 2, 1103, 1),
(1104, 2, 1104, 1),
(1150, 2, 1150, 1),
(1151, 2, 1151, 1),
(1152, 2, 1152, 1),
(1153, 2, 1153, 1),
(1154, 2, 1154, 1),
(1200, 2, 1200, 1),
(1201, 2, 1201, 1),
(1202, 2, 1202, 1),
(1203, 2, 1203, 1),
(1204, 2, 1204, 1),
(1230, 2, 1230, 1),
(1231, 2, 1231, 1),
(1232, 2, 1232, 1),
(1233, 2, 1233, 1),
(1234, 2, 1234, 1),
(1235, 2, 1235, 1),
(1250, 2, 1250, 1),
(1251, 2, 1251, 1),
(1252, 2, 1252, 1),
(1253, 2, 1253, 1),
(1300, 2, 1300, 1),
(1301, 2, 1301, 1),
(1302, 2, 1302, 1),
(1303, 2, 1303, 1),
(1304, 2, 1304, 1),
(1305, 2, 1305, 1),
(1350, 2, 1350, 1),
(1351, 2, 1351, 1),
(1352, 2, 1352, 1),
(1353, 2, 1353, 1),
(1354, 2, 1354, 1),
(1355, 2, 1355, 1),
(1400, 2, 1400, 1),
(1401, 2, 1401, 1),
(1402, 2, 1402, 1),
(1403, 2, 1403, 1),
(1404, 2, 1404, 1),
(1405, 2, 1405, 1),
(1406, 2, 1406, 1),
(1407, 2, 1407, 1),
(1408, 2, 1408, 1),
(1409, 2, 1409, 1),
(17455, 3, 100001, 1),
(17456, 3, 100002, 1),
(17457, 3, 100003, 1),
(17458, 3, 100004, 1),
(17459, 3, 100005, 1),
(17460, 3, 100010, 1),
(17461, 3, 100011, 1),
(17462, 3, 100012, 1),
(17463, 3, 100013, 1),
(17464, 3, 100014, 1),
(17465, 3, 100020, 1),
(17466, 3, 100021, 1),
(17467, 3, 100022, 1),
(17468, 3, 100023, 1),
(17469, 3, 100024, 1),
(17470, 3, 100025, 1),
(17471, 3, 100026, 1),
(17472, 3, 100027, 1),
(17473, 3, 100028, 1),
(17474, 3, 100029, 1),
(17475, 3, 100030, 1),
(17476, 3, 100031, 1),
(17477, 3, 100032, 1),
(17478, 3, 100033, 1),
(17479, 3, 100034, 1),
(17480, 3, 100035, 1),
(17481, 3, 100040, 1),
(17482, 3, 100041, 1),
(17483, 3, 100042, 1),
(17484, 3, 100043, 1),
(17485, 3, 100044, 1),
(17486, 3, 100045, 1),
(17487, 3, 100050, 1),
(17488, 3, 100051, 1),
(17489, 3, 100052, 1),
(17490, 3, 100053, 1),
(17491, 3, 100054, 1),
(17492, 3, 100055, 1),
(17493, 3, 100060, 1),
(17494, 3, 100061, 1),
(17495, 3, 100062, 1),
(17496, 3, 100063, 1),
(17497, 3, 100070, 1),
(17498, 3, 100071, 1),
(17499, 3, 100072, 1),
(17500, 3, 100073, 1),
(17501, 3, 100080, 1),
(17502, 3, 100081, 1),
(17503, 3, 100082, 1),
(17504, 3, 100083, 1),
(17505, 3, 100084, 1),
(17506, 3, 100085, 1),
(17507, 3, 100086, 1),
(17508, 3, 100090, 1),
(17509, 3, 100091, 1),
(17510, 3, 100092, 1),
(17511, 3, 100093, 1),
(17512, 3, 100100, 1),
(17513, 3, 100101, 1),
(17514, 3, 100102, 1),
(17515, 3, 100103, 1),
(17516, 3, 100104, 1),
(17517, 3, 100105, 1),
(17518, 3, 100106, 1),
(17519, 3, 100107, 1),
(17520, 3, 100120, 1),
(17521, 3, 100121, 1),
(17522, 3, 100122, 1),
(17523, 3, 100123, 1),
(17524, 3, 100124, 1),
(17525, 3, 100125, 1),
(17526, 3, 100126, 1),
(17527, 3, 100127, 1),
(17528, 3, 100140, 1),
(17529, 3, 100141, 1),
(17530, 3, 100142, 1),
(17531, 3, 100143, 1),
(17532, 3, 100160, 1),
(17533, 3, 100161, 1),
(17534, 3, 100162, 1),
(17535, 3, 100163, 1),
(17536, 3, 100164, 1),
(17537, 3, 100165, 1),
(17538, 3, 100166, 1),
(17539, 3, 100167, 1),
(17540, 3, 100180, 1),
(17541, 3, 100181, 1),
(17542, 3, 100182, 1),
(17543, 3, 100183, 1),
(17544, 3, 100184, 1),
(17545, 3, 100200, 1),
(17546, 3, 100201, 1),
(17547, 3, 100202, 1),
(17548, 3, 100203, 1),
(17549, 3, 100204, 1),
(17550, 3, 100220, 1),
(17551, 3, 100221, 1),
(17552, 3, 100222, 1),
(17553, 3, 100223, 1),
(17554, 3, 100224, 1),
(17555, 3, 100225, 1),
(17556, 3, 100240, 1),
(17557, 3, 100241, 1),
(17558, 3, 100260, 1),
(17559, 3, 100261, 1),
(17560, 3, 100280, 1),
(17561, 3, 100281, 1),
(17562, 3, 100300, 1),
(17563, 3, 100301, 1),
(17564, 3, 100302, 1),
(17565, 3, 100303, 1),
(17566, 1, 100001, 1),
(17567, 1, 100002, 1),
(17568, 1, 100003, 1),
(17569, 1, 100004, 1),
(17570, 1, 100005, 1),
(17571, 1, 100010, 1),
(17572, 1, 100011, 1),
(17573, 1, 100012, 1),
(17574, 1, 100013, 1),
(17575, 1, 100014, 1),
(17576, 1, 100020, 1),
(17577, 1, 100021, 1),
(17578, 1, 100022, 1),
(17579, 1, 100023, 1),
(17580, 1, 100024, 1),
(17581, 1, 100025, 1),
(17582, 1, 100026, 1),
(17583, 1, 100027, 1),
(17584, 1, 100028, 1),
(17585, 1, 100029, 1),
(17586, 1, 100030, 1),
(17587, 1, 100031, 1),
(17588, 1, 100032, 1),
(17589, 1, 100033, 1),
(17590, 1, 100034, 1),
(17591, 1, 100035, 1),
(17592, 1, 100040, 1),
(17593, 1, 100041, 1),
(17594, 1, 100042, 1),
(17595, 1, 100043, 1),
(17596, 1, 100044, 1),
(17597, 1, 100045, 1),
(17598, 1, 100050, 1),
(17599, 1, 100051, 1),
(17600, 1, 100052, 1),
(17601, 1, 100053, 1),
(17602, 1, 100054, 1),
(17603, 1, 100055, 1),
(17604, 1, 100060, 1),
(17605, 1, 100061, 1),
(17606, 1, 100062, 1),
(17607, 1, 100063, 1),
(17608, 1, 100070, 1),
(17609, 1, 100071, 1),
(17610, 1, 100072, 1),
(17611, 1, 100073, 1),
(17612, 1, 100080, 1),
(17613, 1, 100081, 1),
(17614, 1, 100082, 1),
(17615, 1, 100083, 1),
(17616, 1, 100084, 1),
(17617, 1, 100085, 1),
(17618, 1, 100086, 1),
(17619, 1, 100090, 1),
(17620, 1, 100091, 1),
(17621, 1, 100092, 1),
(17622, 1, 100093, 1),
(17623, 1, 100100, 1),
(17624, 1, 100101, 1),
(17625, 1, 100102, 1),
(17626, 1, 100103, 1),
(17627, 1, 100104, 1),
(17628, 1, 100105, 1),
(17629, 1, 100106, 1),
(17630, 1, 100107, 1),
(17631, 1, 100120, 1),
(17632, 1, 100121, 1),
(17633, 1, 100122, 1),
(17634, 1, 100123, 1),
(17635, 1, 100124, 1),
(17636, 1, 100125, 1),
(17637, 1, 100126, 1),
(17638, 1, 100127, 1),
(17639, 1, 100140, 1),
(17640, 1, 100141, 1),
(17641, 1, 100142, 1),
(17642, 1, 100143, 1),
(17643, 1, 100160, 1),
(17644, 1, 100161, 1),
(17645, 1, 100162, 1),
(17646, 1, 100163, 1),
(17647, 1, 100164, 1),
(17648, 1, 100165, 1),
(17649, 1, 100166, 1),
(17650, 1, 100167, 1),
(17651, 1, 100180, 1),
(17652, 1, 100181, 1),
(17653, 1, 100182, 1),
(17654, 1, 100183, 1),
(17655, 1, 100184, 1),
(17656, 1, 100200, 1),
(17657, 1, 100201, 1),
(17658, 1, 100202, 1),
(17659, 1, 100203, 1),
(17660, 1, 100204, 1),
(17661, 1, 100220, 1),
(17662, 1, 100221, 1),
(17663, 1, 100222, 1),
(17664, 1, 100223, 1),
(17665, 1, 100224, 1),
(17666, 1, 100225, 1),
(17667, 1, 100240, 1),
(17668, 1, 100241, 1),
(17669, 1, 100260, 1),
(17670, 1, 100261, 1),
(17671, 1, 100280, 1),
(17672, 1, 100281, 1),
(17673, 1, 100300, 1),
(17674, 1, 100301, 1),
(17675, 1, 100302, 1),
(17676, 1, 100303, 1),
(17703, 4, 100001, 1),
(17704, 4, 100002, 1),
(17705, 4, 100003, 1),
(17706, 4, 100004, 1),
(17707, 4, 100005, 1),
(17708, 4, 100010, 1),
(17709, 4, 100011, 1),
(17710, 4, 100012, 1),
(17711, 4, 100013, 1),
(17712, 4, 100014, 1),
(17713, 4, 100020, 1),
(17714, 4, 100021, 1),
(17715, 4, 100022, 1),
(17716, 4, 100023, 1),
(17717, 4, 100024, 1),
(17718, 4, 100025, 1),
(17719, 4, 100026, 1),
(17720, 4, 100027, 1),
(17721, 4, 100028, 1),
(17722, 4, 100029, 1),
(17723, 4, 100030, 1),
(17724, 4, 100031, 1),
(17725, 4, 100032, 1),
(17726, 4, 100033, 1),
(17727, 4, 100034, 1),
(17728, 4, 100035, 1),
(17729, 4, 100040, 1),
(17730, 4, 100041, 1),
(17731, 4, 100042, 1),
(17732, 4, 100043, 1),
(17733, 4, 100044, 1),
(17734, 4, 100045, 1),
(17735, 4, 100050, 1),
(17736, 4, 100051, 1),
(17737, 4, 100052, 1),
(17738, 4, 100053, 1),
(17739, 4, 100054, 1),
(17740, 4, 100055, 1),
(17741, 4, 100060, 1),
(17742, 4, 100061, 1),
(17743, 4, 100062, 1),
(17744, 4, 100063, 1),
(17745, 4, 100070, 1),
(17746, 4, 100071, 1),
(17747, 4, 100072, 1),
(17748, 4, 100073, 1),
(17749, 4, 100080, 1),
(17750, 4, 100081, 1),
(17751, 4, 100082, 1),
(17752, 4, 100083, 1),
(17753, 4, 100084, 1),
(17754, 4, 100085, 1),
(17755, 4, 100086, 1),
(17756, 4, 100090, 1),
(17757, 4, 100091, 1),
(17758, 4, 100092, 1),
(17759, 4, 100093, 1),
(17760, 4, 100100, 1),
(17761, 4, 100101, 1);

INSERT INTO `cschool`.`permissions` (`id`, `role_id`, `section_id`, `allow`) VALUES 
(17762, 4, 100102, 1),
(17763, 4, 100103, 1),
(17764, 4, 100104, 1),
(17765, 4, 100105, 1),
(17766, 4, 100106, 1),
(17767, 4, 100107, 1),
(17768, 4, 100120, 1),
(17769, 4, 100121, 1),
(17770, 4, 100122, 1),
(17771, 4, 100123, 1),
(17772, 4, 100124, 1),
(17773, 4, 100125, 1),
(17774, 4, 100126, 1),
(17775, 4, 100127, 1),
(17776, 4, 100140, 1),
(17777, 4, 100141, 1),
(17778, 4, 100142, 1),
(17779, 4, 100143, 1),
(17780, 4, 100160, 1),
(17781, 4, 100161, 1),
(17782, 4, 100162, 1),
(17783, 4, 100163, 1),
(17784, 4, 100164, 1),
(17785, 4, 100165, 1),
(17786, 4, 100166, 1),
(17787, 4, 100167, 1),
(17788, 4, 100180, 1),
(17789, 4, 100181, 1),
(17790, 4, 100182, 1),
(17791, 4, 100183, 1),
(17792, 4, 100184, 1),
(17793, 4, 100200, 1),
(17794, 4, 100201, 1),
(17795, 4, 100202, 1),
(17796, 4, 100203, 1),
(17797, 4, 100204, 1),
(17798, 4, 100220, 1),
(17799, 4, 100221, 1),
(17800, 4, 100222, 1),
(17801, 4, 100223, 1),
(17802, 4, 100224, 1),
(17803, 4, 100225, 1),
(17804, 4, 100240, 1),
(17805, 4, 100241, 1),
(17806, 4, 100260, 1),
(17807, 4, 100261, 1),
(17808, 4, 100280, 1),
(17809, 4, 100281, 1),
(17810, 4, 100300, 1),
(17811, 4, 100301, 1),
(17812, 4, 100302, 1),
(17813, 4, 100303, 1),
(18273, 2, 1, 1),
(18274, 2, 2, 1),
(18275, 2, 3, 1),
(18276, 2, 4, 1),
(18277, 2, 5, 1),
(18278, 2, 6, 1),
(18279, 2, 7, 1),
(18280, 2, 8, 1),
(18281, 2, 9, 1),
(18282, 2, 10, 1),
(18283, 2, 11, 1),
(18284, 2, 12, 1),
(18285, 2, 13, 1),
(18286, 2, 14, 1),
(18287, 2, 15, 1),
(18288, 2, 16, 1),
(18289, 2, 17, 1),
(18290, 2, 25, 1),
(18291, 2, 26, 1),
(18292, 2, 50, 1),
(18293, 2, 51, 1),
(18294, 2, 52, 1),
(18295, 2, 53, 1),
(18296, 2, 54, 1),
(18297, 2, 100, 1),
(18298, 2, 101, 1),
(18299, 2, 102, 1),
(18300, 2, 103, 1),
(18301, 2, 104, 1),
(18302, 2, 105, 1),
(18303, 2, 106, 1),
(18304, 2, 107, 1),
(18305, 2, 108, 1),
(18306, 2, 109, 1),
(18307, 2, 110, 1),
(18308, 2, 111, 1),
(18309, 2, 112, 1),
(18310, 2, 113, 1),
(18311, 2, 114, 1),
(18312, 2, 115, 1),
(18313, 2, 116, 1),
(18314, 2, 117, 1),
(18315, 2, 118, 1),
(18316, 2, 150, 1),
(18317, 2, 151, 1),
(18318, 2, 152, 1),
(18319, 2, 153, 1),
(18320, 2, 154, 1),
(18321, 2, 155, 1),
(18322, 2, 156, 1),
(18323, 2, 157, 1),
(18324, 2, 158, 1),
(18325, 2, 159, 1),
(18326, 2, 160, 1),
(18327, 2, 161, 1),
(18328, 2, 162, 1),
(18329, 2, 163, 1),
(18330, 2, 164, 1),
(18331, 2, 165, 1),
(18332, 2, 166, 1),
(18333, 2, 167, 1),
(18334, 2, 200, 1),
(18335, 2, 201, 1),
(18336, 2, 202, 1),
(18337, 2, 203, 1),
(18338, 2, 204, 1),
(18339, 2, 205, 1),
(18340, 2, 206, 1),
(18341, 2, 207, 1),
(18342, 2, 208, 1),
(18343, 2, 250, 1),
(18344, 2, 251, 1),
(18345, 2, 252, 1),
(18346, 2, 253, 1),
(18347, 2, 254, 1),
(18348, 2, 300, 1),
(18349, 2, 301, 1),
(18350, 2, 302, 1),
(18351, 2, 303, 1),
(18352, 2, 304, 1),
(18353, 2, 350, 1),
(18354, 2, 351, 1),
(18355, 2, 352, 1),
(18356, 2, 353, 1),
(18357, 2, 354, 1),
(18358, 2, 355, 1),
(18359, 2, 356, 1),
(18360, 2, 357, 1),
(18361, 2, 400, 1),
(18362, 2, 401, 1),
(18363, 2, 402, 1),
(18364, 2, 403, 1),
(18365, 2, 404, 1),
(18366, 2, 405, 1),
(18367, 2, 450, 1),
(18368, 2, 451, 1),
(18369, 2, 452, 1),
(18370, 2, 453, 1),
(18371, 2, 454, 1),
(18372, 2, 455, 1),
(18373, 2, 456, 1),
(18374, 2, 457, 1),
(18375, 2, 458, 1),
(18376, 2, 459, 1),
(18377, 2, 460, 1),
(18378, 2, 461, 1),
(18379, 2, 500, 1),
(18380, 2, 501, 1),
(18381, 2, 502, 1),
(18382, 2, 503, 1),
(18383, 2, 504, 1),
(18384, 2, 505, 1),
(18385, 2, 550, 1),
(18386, 2, 551, 1),
(18387, 2, 552, 1),
(18388, 2, 553, 1),
(18389, 2, 554, 1),
(18390, 2, 555, 1),
(18391, 2, 600, 1),
(18392, 2, 601, 1),
(18393, 2, 602, 1),
(18394, 2, 603, 1),
(18395, 2, 650, 1),
(18396, 2, 651, 1),
(18397, 2, 652, 1),
(18398, 2, 653, 1),
(18399, 2, 654, 1),
(18400, 2, 655, 1),
(18401, 2, 656, 1),
(18402, 2, 657, 1),
(18403, 2, 658, 1),
(18404, 2, 700, 1),
(18405, 2, 701, 1),
(18406, 2, 702, 1),
(18407, 2, 703, 1),
(18408, 2, 704, 1),
(18409, 2, 705, 1),
(18410, 2, 706, 1),
(18411, 2, 707, 1),
(18412, 2, 708, 1),
(18413, 2, 750, 1),
(18414, 2, 751, 1),
(18415, 2, 752, 1),
(18416, 2, 753, 1),
(18417, 2, 754, 1),
(18418, 2, 800, 1),
(18419, 2, 801, 1),
(18420, 2, 802, 1),
(18421, 2, 803, 1),
(18422, 2, 850, 1),
(18423, 2, 851, 1),
(18424, 2, 852, 1),
(18425, 2, 853, 1),
(18426, 2, 854, 1),
(18427, 2, 900, 1),
(18428, 2, 901, 1),
(18429, 2, 902, 1),
(18430, 2, 903, 1),
(18431, 2, 904, 1),
(18432, 2, 950, 1),
(18433, 2, 951, 1),
(18434, 2, 952, 1),
(18435, 2, 953, 1),
(18436, 2, 954, 1),
(18437, 2, 955, 1),
(18438, 2, 956, 1),
(18439, 2, 957, 1),
(18440, 2, 958, 1),
(18441, 2, 959, 1),
(18442, 2, 1000, 1),
(18443, 2, 1001, 1),
(18444, 2, 1002, 1),
(18445, 2, 1003, 1),
(18446, 2, 1004, 1),
(18447, 2, 1050, 1),
(18448, 2, 1051, 1),
(18449, 2, 1052, 1),
(18450, 2, 1053, 1),
(18451, 2, 1054, 1),
(18452, 2, 1055, 1),
(18453, 2, 1056, 1),
(18454, 2, 1057, 1),
(18455, 2, 1058, 1),
(18456, 2, 1059, 1),
(18457, 2, 1060, 1),
(18458, 2, 1075, 1),
(18459, 2, 1076, 1),
(18460, 2, 1077, 1),
(18461, 2, 1078, 1),
(18462, 2, 1079, 1),
(18463, 2, 1080, 1),
(18464, 2, 1081, 1),
(18465, 2, 1082, 1),
(18466, 2, 1083, 1),
(18467, 2, 1100, 1),
(18468, 2, 1101, 1),
(18469, 2, 1102, 1),
(18470, 2, 1103, 1),
(18471, 2, 1104, 1),
(18472, 2, 1150, 1),
(18473, 2, 1151, 1),
(18474, 2, 1152, 1),
(18475, 2, 1153, 1),
(18476, 2, 1154, 1),
(18477, 2, 1200, 1),
(18478, 2, 1201, 1),
(18479, 2, 1202, 1),
(18480, 2, 1203, 1),
(18481, 2, 1204, 1),
(18482, 2, 1230, 1),
(18483, 2, 1231, 1),
(18484, 2, 1232, 1),
(18485, 2, 1233, 1),
(18486, 2, 1234, 1),
(18487, 2, 1235, 1),
(18488, 2, 1250, 1),
(18489, 2, 1251, 1),
(18490, 2, 1252, 1),
(18491, 2, 1253, 1),
(18492, 2, 1300, 1),
(18493, 2, 1301, 1),
(18494, 2, 1302, 1),
(18495, 2, 1303, 1),
(18496, 2, 1304, 1),
(18497, 2, 1305, 1),
(18498, 2, 1350, 1),
(18499, 2, 1351, 1),
(18500, 2, 1352, 1),
(18501, 2, 1353, 1),
(18502, 2, 1354, 1),
(18503, 2, 1355, 1),
(18504, 2, 1400, 1),
(18505, 2, 1401, 1),
(18506, 2, 1402, 1),
(18507, 2, 1403, 1),
(18508, 2, 1404, 1),
(18509, 2, 1405, 1),
(18510, 2, 1406, 1),
(18511, 2, 1407, 1),
(18512, 2, 1408, 1),
(18513, 2, 1409, 1),
(18514, 2, 1450, 1),
(18515, 2, 1451, 1),
(18516, 2, 1452, 1),
(18517, 2, 1453, 1),
(18518, 2, 1454, 1),
(18519, 2, 1455, 1),
(18520, 2, 1456, 1),
(18521, 2, 1457, 1),
(18522, 2, 1500, 1),
(18523, 2, 1501, 1),
(18524, 2, 1502, 1),
(18525, 2, 1503, 1),
(18526, 2, 1504, 1),
(18527, 2, 1550, 1),
(18528, 2, 1551, 1),
(18529, 2, 1552, 1),
(18530, 2, 1553, 1),
(18531, 2, 1554, 1),
(18532, 2, 1600, 1),
(18533, 2, 1601, 1),
(18534, 2, 1602, 1),
(18535, 2, 1603, 1),
(18536, 2, 1604, 1),
(18537, 2, 1605, 1),
(18538, 2, 1650, 1),
(18539, 2, 1651, 1),
(18540, 2, 1652, 1),
(18541, 2, 1675, 1),
(18542, 2, 1676, 1),
(18543, 2, 1677, 1),
(18544, 2, 1678, 1),
(18545, 2, 1725, 1),
(18546, 2, 1726, 1),
(18547, 2, 1727, 1),
(18548, 2, 1728, 1),
(18549, 2, 1729, 1),
(18550, 2, 1730, 1),
(18551, 2, 1731, 1),
(18552, 2, 1732, 1),
(18553, 2, 1750, 1),
(18554, 2, 1751, 1),
(18555, 2, 1752, 1),
(18556, 2, 1753, 1),
(18557, 2, 1754, 1),
(18558, 2, 1775, 1),
(18559, 2, 1776, 1),
(18560, 2, 1777, 1),
(18561, 2, 1778, 1),
(18562, 2, 1779, 1),
(18563, 2, 1780, 1),
(18564, 2, 1781, 1),
(18565, 2, 1800, 1),
(18566, 2, 1801, 1),
(18567, 2, 1802, 1),
(18568, 2, 1803, 1),
(18569, 2, 1804, 1),
(18570, 2, 1805, 1),
(18571, 2, 1806, 1),
(18572, 2, 1807, 1),
(18573, 2, 1808, 1),
(18574, 2, 1809, 1),
(18575, 2, 1810, 1),
(18576, 2, 1811, 1),
(18577, 2, 1812, 1),
(18578, 2, 1813, 1),
(18579, 2, 1814, 1),
(18580, 2, 1815, 1),
(18581, 2, 1816, 1),
(18582, 2, 1817, 1),
(18583, 2, 1818, 1),
(18584, 2, 1819, 1),
(18585, 2, 1820, 1),
(18586, 2, 1821, 1),
(18587, 2, 1822, 1),
(18588, 2, 1823, 1),
(18589, 2, 1824, 1),
(18590, 2, 1825, 1),
(18591, 2, 1826, 1),
(18592, 2, 1827, 1),
(18593, 2, 1828, 1),
(18594, 2, 1829, 1),
(18595, 2, 1830, 1),
(18596, 2, 1831, 1),
(18597, 2, 1832, 1),
(18598, 2, 1833, 1),
(18599, 2, 1834, 1),
(18600, 2, 1835, 1),
(18601, 2, 1836, 1),
(18602, 2, 1837, 1),
(18603, 2, 1838, 1),
(18604, 2, 1850, 1),
(18605, 2, 1851, 1),
(18606, 2, 1852, 1),
(18607, 2, 1853, 1),
(18608, 2, 1875, 1),
(18609, 2, 1876, 1),
(18610, 2, 1877, 1),
(18611, 2, 1900, 1),
(18612, 2, 1901, 1),
(18613, 2, 1902, 1),
(18614, 2, 1903, 1),
(18615, 2, 1904, 1),
(18616, 2, 1905, 1),
(18617, 2, 1925, 1),
(18618, 2, 1926, 1),
(18619, 2, 1927, 1),
(18620, 2, 1928, 1),
(18621, 2, 1929, 1),
(18622, 2, 1930, 1),
(18623, 2, 1931, 1),
(18624, 2, 1932, 1),
(18625, 2, 1933, 1),
(18626, 2, 1934, 1),
(18627, 2, 1950, 1),
(18628, 2, 1951, 1),
(18629, 2, 1952, 1),
(18630, 2, 1953, 1),
(18631, 2, 1954, 1),
(18632, 2, 1975, 1),
(18633, 2, 1976, 1),
(18634, 2, 1977, 1),
(18635, 2, 1978, 1),
(18636, 2, 1979, 1),
(18637, 2, 2000, 1),
(18638, 2, 2001, 1),
(18639, 2, 2015, 1),
(18640, 2, 2016, 1),
(18641, 2, 2017, 1),
(18642, 2, 2018, 1),
(18643, 2, 2019, 1),
(18644, 2, 2020, 1),
(18645, 2, 2021, 1),
(18646, 2, 2030, 1),
(18647, 2, 2031, 1),
(18648, 2, 2032, 1),
(18649, 2, 2050, 1),
(18650, 2, 2051, 1),
(18651, 2, 2052, 1),
(18652, 2, 2053, 1),
(18653, 2, 2054, 1),
(18654, 2, 2055, 1),
(18655, 2, 2070, 1),
(18656, 2, 2071, 1),
(18657, 2, 2072, 1),
(18658, 2, 2073, 1),
(18659, 2, 2074, 1),
(18660, 2, 2075, 1),
(18661, 2, 2076, 1),
(18662, 2, 2077, 1),
(18663, 2, 2078, 1),
(18664, 2, 2079, 1),
(18665, 2, 2080, 1),
(18666, 2, 2081, 1),
(18667, 2, 2090, 1),
(18668, 2, 2091, 1),
(18669, 2, 2092, 1),
(18670, 2, 2093, 1),
(18671, 2, 3000, 1),
(18672, 2, 3001, 1),
(18673, 2, 3010, 1),
(18674, 2, 3011, 1),
(18675, 2, 3012, 1),
(18676, 2, 3013, 1),
(18677, 2, 3020, 1),
(18678, 2, 3021, 1),
(18679, 2, 3022, 1),
(18680, 2, 3023, 1),
(18681, 2, 3024, 1),
(18682, 2, 3025, 1),
(18683, 2, 3030, 1),
(18684, 2, 3031, 1),
(18685, 2, 3032, 1),
(18686, 2, 3033, 1),
(18687, 2, 3034, 1),
(18688, 2, 3035, 1),
(18689, 2, 3040, 1),
(18690, 2, 3041, 1),
(18691, 2, 3042, 1),
(18692, 2, 3043, 1),
(18693, 2, 3044, 1),
(18694, 2, 3045, 1),
(18695, 2, 3046, 1),
(18696, 2, 3050, 1),
(18697, 2, 3051, 1),
(18698, 2, 3052, 1),
(18699, 2, 3053, 1),
(18700, 2, 3054, 1),
(18701, 2, 3055, 1),
(18702, 2, 3056, 1),
(18703, 2, 3060, 1),
(18704, 2, 3061, 1),
(18705, 2, 3062, 1),
(18706, 2, 3063, 1),
(18707, 2, 3064, 1),
(18708, 2, 3070, 1),
(18709, 2, 3071, 1),
(18710, 2, 3072, 1),
(18711, 2, 3080, 1),
(18712, 2, 3081, 1),
(18713, 2, 3082, 1),
(18714, 2, 3083, 1),
(18715, 2, 3084, 1),
(18716, 2, 3090, 1),
(18717, 2, 3091, 1),
(18718, 2, 3092, 1),
(18719, 2, 3093, 1),
(18720, 2, 3100, 1);

INSERT INTO `cschool`.`permissions` (`id`, `role_id`, `section_id`, `allow`) VALUES 
(18721, 2, 3101, 1),
(18722, 2, 3102, 1),
(18723, 2, 3103, 1),
(18724, 2, 3104, 1),
(18725, 2, 3110, 1),
(18726, 2, 3111, 1),
(18727, 2, 3120, 1),
(18728, 2, 3121, 1),
(18729, 2, 3122, 1),
(18730, 2, 3123, 1),
(18731, 2, 3130, 1),
(18732, 2, 3131, 1),
(18844, 6, 1, 1),
(18845, 6, 2, 1),
(18846, 6, 3, 1),
(18847, 6, 4, 1),
(18848, 6, 5, 1),
(18849, 6, 6, 1),
(18850, 6, 7, 1),
(18851, 6, 8, 1),
(18852, 6, 9, 1),
(18853, 6, 10, 1),
(18854, 6, 11, 1),
(18855, 6, 12, 1),
(18856, 6, 13, 1),
(18857, 6, 14, 1),
(18858, 6, 15, 1),
(18859, 6, 16, 1),
(18860, 6, 17, 1),
(18861, 6, 100, 1),
(18862, 6, 101, 1),
(18863, 6, 102, 1),
(18864, 6, 103, 1),
(18865, 6, 104, 1),
(18866, 6, 105, 1),
(18867, 6, 106, 1),
(18868, 6, 107, 1),
(18869, 6, 108, 1),
(18870, 6, 109, 1),
(18871, 6, 110, 1),
(18872, 6, 111, 1),
(18873, 6, 112, 1),
(18874, 6, 113, 1),
(18875, 6, 114, 1),
(18876, 6, 115, 1),
(18877, 6, 116, 1),
(18878, 6, 117, 1),
(18879, 6, 118, 1),
(18880, 6, 150, 1),
(18881, 6, 151, 1),
(18882, 6, 152, 1),
(18883, 6, 153, 1),
(18884, 6, 154, 1),
(18885, 6, 155, 1),
(18886, 6, 156, 1),
(18887, 6, 157, 1),
(18888, 6, 158, 1),
(18889, 6, 159, 1),
(18890, 6, 160, 1),
(18891, 6, 161, 1),
(18892, 6, 162, 1),
(18893, 6, 163, 1),
(18894, 6, 164, 1),
(18895, 6, 165, 1),
(18896, 6, 166, 1),
(18897, 6, 167, 1),
(18898, 6, 200, 1),
(18899, 6, 201, 1),
(18900, 6, 202, 1),
(18901, 6, 203, 1),
(18902, 6, 204, 1),
(18903, 6, 205, 1),
(18904, 6, 206, 1),
(18905, 6, 207, 1),
(18906, 6, 208, 1),
(18907, 6, 250, 1),
(18908, 6, 251, 1),
(18909, 6, 252, 1),
(18910, 6, 253, 1),
(18911, 6, 254, 1),
(18912, 6, 300, 1),
(18913, 6, 301, 1),
(18914, 6, 302, 1),
(18915, 6, 303, 1),
(18916, 6, 304, 1),
(18917, 6, 350, 1),
(18918, 6, 351, 1),
(18919, 6, 352, 1),
(18920, 6, 353, 1),
(18921, 6, 354, 1),
(18922, 6, 355, 1),
(18923, 6, 356, 1),
(18924, 6, 357, 1),
(18925, 6, 700, 1),
(18926, 6, 701, 1),
(18927, 6, 702, 1),
(18928, 6, 703, 1),
(18929, 6, 704, 1),
(18930, 6, 705, 1),
(18931, 6, 706, 1),
(18932, 6, 707, 1),
(18933, 6, 708, 1),
(18934, 6, 3030, 1),
(18935, 6, 3031, 1),
(18936, 6, 3032, 1),
(18937, 6, 3033, 1),
(18938, 6, 3034, 1),
(18939, 6, 3035, 1),
(18940, 6, 3040, 1),
(18941, 6, 3041, 1),
(18942, 6, 3042, 1),
(18943, 6, 3043, 1),
(18944, 6, 3044, 1),
(18945, 6, 3045, 1),
(18946, 6, 3046, 1),
(18947, 6, 3050, 1),
(18948, 6, 3051, 1),
(18949, 6, 3052, 1),
(18950, 6, 3053, 1),
(18951, 6, 3054, 1),
(18952, 6, 3055, 1),
(18953, 6, 3056, 1),
(18954, 6, 3060, 1),
(18955, 6, 3061, 1),
(18956, 6, 3062, 1),
(18957, 6, 3063, 1),
(18958, 6, 3064, 1),
(18959, 6, 3070, 1),
(18960, 6, 3071, 1),
(18961, 6, 3072, 1),
(18962, 6, 3080, 1),
(18963, 6, 3081, 1),
(18964, 6, 3082, 1),
(18965, 6, 3083, 1),
(18966, 6, 3084, 1),
(18967, 6, 3090, 1),
(18968, 6, 3091, 1),
(18969, 6, 3092, 1),
(18970, 6, 3093, 1),
(18971, 6, 3100, 1),
(18972, 6, 3101, 1),
(18973, 6, 3102, 1),
(18974, 6, 3103, 1),
(18975, 6, 3104, 1),
(18976, 6, 3110, 1),
(18977, 6, 3111, 1),
(18978, 6, 3120, 1),
(18979, 6, 3121, 1),
(18980, 6, 3122, 1),
(18981, 6, 3123, 1),
(18982, 6, 3130, 1),
(18983, 6, 3131, 1),
(18984, 9, 1, 1),
(18985, 9, 2, 1),
(18986, 9, 3, 1),
(18987, 9, 4, 1),
(18988, 9, 5, 1),
(18989, 9, 6, 1),
(18990, 9, 7, 1),
(18991, 9, 8, 1),
(18992, 9, 9, 1),
(18993, 9, 10, 1),
(18994, 9, 11, 1),
(18995, 9, 12, 1),
(18996, 9, 13, 1),
(18997, 9, 14, 1),
(18998, 9, 15, 1),
(18999, 9, 16, 1),
(19000, 9, 17, 1),
(19001, 9, 25, 1),
(19002, 9, 26, 1),
(19003, 9, 50, 1),
(19004, 9, 51, 1),
(19005, 9, 52, 1),
(19006, 9, 53, 1),
(19007, 9, 54, 1),
(19008, 9, 100, 1),
(19009, 9, 101, 1),
(19010, 9, 102, 1),
(19011, 9, 103, 1),
(19012, 9, 104, 1),
(19013, 9, 105, 1),
(19014, 9, 106, 1),
(19015, 9, 107, 1),
(19016, 9, 108, 1),
(19017, 9, 109, 1),
(19018, 9, 110, 1),
(19019, 9, 111, 1),
(19020, 9, 112, 1),
(19021, 9, 113, 1),
(19022, 9, 114, 1),
(19023, 9, 115, 1),
(19024, 9, 116, 1),
(19025, 9, 117, 1),
(19026, 9, 118, 1),
(19027, 9, 150, 1),
(19028, 9, 151, 1),
(19029, 9, 152, 1),
(19030, 9, 153, 1),
(19031, 9, 154, 1),
(19032, 9, 155, 1),
(19033, 9, 156, 1),
(19034, 9, 157, 1),
(19035, 9, 158, 1),
(19036, 9, 159, 1),
(19037, 9, 160, 1),
(19038, 9, 161, 1),
(19039, 9, 162, 1),
(19040, 9, 163, 1),
(19041, 9, 164, 1),
(19042, 9, 165, 1),
(19043, 9, 166, 1),
(19044, 9, 167, 1),
(19045, 9, 200, 1),
(19046, 9, 201, 1),
(19047, 9, 202, 1),
(19048, 9, 203, 1),
(19049, 9, 204, 1),
(19050, 9, 205, 1),
(19051, 9, 206, 1),
(19052, 9, 207, 1),
(19053, 9, 208, 1),
(19054, 9, 250, 1),
(19055, 9, 251, 1),
(19056, 9, 252, 1),
(19057, 9, 253, 1),
(19058, 9, 254, 1),
(19059, 9, 300, 1),
(19060, 9, 301, 1),
(19061, 9, 302, 1),
(19062, 9, 303, 1),
(19063, 9, 304, 1),
(19064, 9, 350, 1),
(19065, 9, 351, 1),
(19066, 9, 352, 1),
(19067, 9, 353, 1),
(19068, 9, 354, 1),
(19069, 9, 355, 1),
(19070, 9, 356, 1),
(19071, 9, 357, 1),
(19072, 9, 400, 1),
(19073, 9, 401, 1),
(19074, 9, 402, 1),
(19075, 9, 403, 1),
(19076, 9, 404, 1),
(19077, 9, 405, 1),
(19078, 9, 450, 1),
(19079, 9, 451, 1),
(19080, 9, 452, 1),
(19081, 9, 453, 1),
(19082, 9, 454, 1),
(19083, 9, 455, 1),
(19084, 9, 456, 1),
(19085, 9, 457, 1),
(19086, 9, 458, 1),
(19087, 9, 459, 1),
(19088, 9, 460, 1),
(19089, 9, 461, 1),
(19090, 9, 500, 1),
(19091, 9, 501, 1),
(19092, 9, 502, 1),
(19093, 9, 503, 1),
(19094, 9, 504, 1),
(19095, 9, 505, 1),
(19096, 9, 550, 1),
(19097, 9, 551, 1),
(19098, 9, 552, 1),
(19099, 9, 553, 1),
(19100, 9, 554, 1),
(19101, 9, 555, 1),
(19102, 9, 600, 1),
(19103, 9, 601, 1),
(19104, 9, 602, 1),
(19105, 9, 603, 1),
(19106, 9, 700, 1),
(19107, 9, 701, 1),
(19108, 9, 702, 1),
(19109, 9, 703, 1),
(19110, 9, 704, 1),
(19111, 9, 705, 1),
(19112, 9, 706, 1),
(19113, 9, 707, 1),
(19114, 9, 708, 1),
(19115, 9, 750, 1),
(19116, 9, 751, 1),
(19117, 9, 752, 1),
(19118, 9, 753, 1),
(19119, 9, 754, 1),
(19120, 9, 800, 1),
(19121, 9, 801, 1),
(19122, 9, 802, 1),
(19123, 9, 803, 1),
(19124, 9, 850, 1),
(19125, 9, 851, 1),
(19126, 9, 852, 1),
(19127, 9, 853, 1),
(19128, 9, 854, 1),
(19129, 9, 900, 1),
(19130, 9, 901, 1),
(19131, 9, 902, 1),
(19132, 9, 903, 1),
(19133, 9, 904, 1),
(19134, 9, 950, 1),
(19135, 9, 951, 1),
(19136, 9, 952, 1),
(19137, 9, 953, 1),
(19138, 9, 954, 1),
(19139, 9, 955, 1),
(19140, 9, 956, 1),
(19141, 9, 957, 1),
(19142, 9, 958, 1),
(19143, 9, 959, 1),
(19144, 9, 1000, 1),
(19145, 9, 1001, 1),
(19146, 9, 1002, 1),
(19147, 9, 1003, 1),
(19148, 9, 1004, 1),
(19149, 9, 1050, 1),
(19150, 9, 1051, 1),
(19151, 9, 1052, 1),
(19152, 9, 1053, 1),
(19153, 9, 1054, 1),
(19154, 9, 1055, 1),
(19155, 9, 1056, 1),
(19156, 9, 1057, 1),
(19157, 9, 1058, 1),
(19158, 9, 1059, 1),
(19159, 9, 1060, 1),
(19160, 9, 1075, 1),
(19161, 9, 1076, 1),
(19162, 9, 1077, 1),
(19163, 9, 1078, 1),
(19164, 9, 1079, 1),
(19165, 9, 1080, 1),
(19166, 9, 1081, 1),
(19167, 9, 1082, 1),
(19168, 9, 1083, 1),
(19169, 9, 1100, 1),
(19170, 9, 1101, 1),
(19171, 9, 1102, 1),
(19172, 9, 1103, 1),
(19173, 9, 1104, 1),
(19174, 9, 1150, 1),
(19175, 9, 1151, 1),
(19176, 9, 1152, 1),
(19177, 9, 1153, 1),
(19178, 9, 1154, 1),
(19179, 9, 1200, 1),
(19180, 9, 1201, 1),
(19181, 9, 1202, 1),
(19182, 9, 1203, 1),
(19183, 9, 1204, 1),
(19184, 9, 1230, 1),
(19185, 9, 1231, 1),
(19186, 9, 1232, 1),
(19187, 9, 1233, 1),
(19188, 9, 1234, 1),
(19189, 9, 1235, 1),
(19190, 9, 1250, 1),
(19191, 9, 1251, 1),
(19192, 9, 1252, 1),
(19193, 9, 1253, 1),
(19194, 9, 1300, 1),
(19195, 9, 1301, 1),
(19196, 9, 1302, 1),
(19197, 9, 1303, 1),
(19198, 9, 1304, 1),
(19199, 9, 1305, 1),
(19200, 9, 1350, 1),
(19201, 9, 1351, 1),
(19202, 9, 1352, 1),
(19203, 9, 1353, 1),
(19204, 9, 1354, 1),
(19205, 9, 1355, 1),
(19206, 9, 1400, 1),
(19207, 9, 1401, 1),
(19208, 9, 1402, 1),
(19209, 9, 1403, 1),
(19210, 9, 1404, 1),
(19211, 9, 1405, 1),
(19212, 9, 1406, 1),
(19213, 9, 1407, 1),
(19214, 9, 1408, 1),
(19215, 9, 1409, 1),
(19216, 9, 1450, 1),
(19217, 9, 1451, 1),
(19218, 9, 1452, 1),
(19219, 9, 1453, 1),
(19220, 9, 1454, 1),
(19221, 9, 1455, 1),
(19222, 9, 1456, 1),
(19223, 9, 1457, 1),
(19224, 9, 1500, 1),
(19225, 9, 1501, 1),
(19226, 9, 1502, 1),
(19227, 9, 1503, 1),
(19228, 9, 1504, 1),
(19229, 9, 1550, 1),
(19230, 9, 1551, 1),
(19231, 9, 1552, 1),
(19232, 9, 1553, 1),
(19233, 9, 1554, 1),
(19234, 9, 1600, 1),
(19235, 9, 1601, 1),
(19236, 9, 1602, 1),
(19237, 9, 1603, 1),
(19238, 9, 1604, 1),
(19239, 9, 1605, 1),
(19240, 9, 1650, 1),
(19241, 9, 1651, 1),
(19242, 9, 1652, 1),
(19243, 9, 1675, 1),
(19244, 9, 1676, 1),
(19245, 9, 1677, 1),
(19246, 9, 1678, 1),
(19247, 9, 1725, 1),
(19248, 9, 1726, 1),
(19249, 9, 1727, 1),
(19250, 9, 1728, 1),
(19251, 9, 1729, 1),
(19252, 9, 1730, 1),
(19253, 9, 1731, 1),
(19254, 9, 1732, 1),
(19255, 9, 1750, 1),
(19256, 9, 1751, 1),
(19257, 9, 1752, 1),
(19258, 9, 1753, 1),
(19259, 9, 1754, 1),
(19260, 9, 1775, 1),
(19261, 9, 1776, 1),
(19262, 9, 1777, 1),
(19263, 9, 1778, 1),
(19264, 9, 1779, 1),
(19265, 9, 1780, 1),
(19266, 9, 1781, 1),
(19267, 9, 1800, 1),
(19268, 9, 1801, 1),
(19269, 9, 1802, 1),
(19270, 9, 1803, 1),
(19271, 9, 1804, 1),
(19272, 9, 1805, 1),
(19273, 9, 1806, 1),
(19274, 9, 1807, 1),
(19275, 9, 1808, 1),
(19276, 9, 1809, 1),
(19277, 9, 1810, 1),
(19278, 9, 1811, 1),
(19279, 9, 1812, 1),
(19280, 9, 1813, 1),
(19281, 9, 1814, 1),
(19282, 9, 1815, 1),
(19283, 9, 1816, 1),
(19284, 9, 1817, 1),
(19285, 9, 1818, 1),
(19286, 9, 1819, 1),
(19287, 9, 1820, 1),
(19288, 9, 1821, 1),
(19289, 9, 1822, 1),
(19290, 9, 1823, 1),
(19291, 9, 1824, 1),
(19292, 9, 1825, 1),
(19293, 9, 1826, 1),
(19294, 9, 1827, 1),
(19295, 9, 1828, 1),
(19296, 9, 1829, 1),
(19297, 9, 1830, 1),
(19298, 9, 1831, 1),
(19299, 9, 1832, 1),
(19300, 9, 1833, 1),
(19301, 9, 1834, 1),
(19302, 9, 1835, 1),
(19303, 9, 1836, 1),
(19304, 9, 1837, 1),
(19305, 9, 1838, 1),
(19306, 9, 1850, 1),
(19307, 9, 1851, 1),
(19308, 9, 1852, 1),
(19309, 9, 1853, 1),
(19310, 9, 1875, 1),
(19311, 9, 1876, 1),
(19312, 9, 1877, 1),
(19313, 9, 1900, 1),
(19314, 9, 1901, 1),
(19315, 9, 1902, 1),
(19316, 9, 1903, 1),
(19317, 9, 1904, 1),
(19318, 9, 1905, 1),
(19319, 9, 1925, 1),
(19320, 9, 1926, 1),
(19321, 9, 1927, 1),
(19322, 9, 1928, 1),
(19323, 9, 1929, 1),
(19324, 9, 1930, 1),
(19325, 9, 1931, 1),
(19326, 9, 1932, 1),
(19327, 9, 1933, 1),
(19328, 9, 1934, 1),
(19329, 9, 1950, 1),
(19330, 9, 1951, 1),
(19331, 9, 1952, 1);

INSERT INTO `cschool`.`permissions` (`id`, `role_id`, `section_id`, `allow`) VALUES 
(19332, 9, 1953, 1),
(19333, 9, 1954, 1),
(19334, 9, 1975, 1),
(19335, 9, 1976, 1),
(19336, 9, 1977, 1),
(19337, 9, 1978, 1),
(19338, 9, 1979, 1),
(19339, 9, 2000, 1),
(19340, 9, 2001, 1),
(19341, 9, 2015, 1),
(19342, 9, 2016, 1),
(19343, 9, 2017, 1),
(19344, 9, 2018, 1),
(19345, 9, 2019, 1),
(19346, 9, 2020, 1),
(19347, 9, 2021, 1),
(19348, 9, 2030, 1),
(19349, 9, 2031, 1),
(19350, 9, 2032, 1),
(19351, 9, 2050, 1),
(19352, 9, 2051, 1),
(19353, 9, 2052, 1),
(19354, 9, 2053, 1),
(19355, 9, 2054, 1),
(19356, 9, 2055, 1),
(19357, 9, 2070, 1),
(19358, 9, 2071, 1),
(19359, 9, 2072, 1),
(19360, 9, 2073, 1),
(19361, 9, 2074, 1),
(19362, 9, 2075, 1),
(19363, 9, 2076, 1),
(19364, 9, 2077, 1),
(19365, 9, 2078, 1),
(19366, 9, 2079, 1),
(19367, 9, 2080, 1),
(19368, 9, 2081, 1),
(19369, 9, 2090, 1),
(19370, 9, 2091, 1),
(19371, 9, 2092, 1),
(19372, 9, 2093, 1),
(19373, 9, 3000, 1),
(19374, 9, 3001, 1),
(19375, 9, 3010, 1),
(19376, 9, 3011, 1),
(19377, 9, 3012, 1),
(19378, 9, 3013, 1),
(19379, 9, 3020, 1),
(19380, 9, 3021, 1),
(19381, 9, 3022, 1),
(19382, 9, 3023, 1),
(19383, 9, 3024, 1),
(19384, 9, 3025, 1),
(19385, 9, 3030, 1),
(19386, 9, 3031, 1),
(19387, 9, 3032, 1),
(19388, 9, 3033, 1),
(19389, 9, 3034, 1),
(19390, 9, 3035, 1),
(19391, 9, 3040, 1),
(19392, 9, 3041, 1),
(19393, 9, 3042, 1),
(19394, 9, 3043, 1),
(19395, 9, 3044, 1),
(19396, 9, 3045, 1),
(19397, 9, 3046, 1),
(19398, 9, 3050, 1),
(19399, 9, 3051, 1),
(19400, 9, 3052, 1),
(19401, 9, 3053, 1),
(19402, 9, 3054, 1),
(19403, 9, 3055, 1),
(19404, 9, 3056, 1),
(19405, 9, 3060, 1),
(19406, 9, 3061, 1),
(19407, 9, 3062, 1),
(19408, 9, 3063, 1),
(19409, 9, 3064, 1),
(19410, 9, 3070, 1),
(19411, 9, 3071, 1),
(19412, 9, 3072, 1),
(19413, 9, 3080, 1),
(19414, 9, 3081, 1),
(19415, 9, 3082, 1),
(19416, 9, 3083, 1),
(19417, 9, 3084, 1),
(19418, 9, 3090, 1),
(19419, 9, 3091, 1),
(19420, 9, 3092, 1),
(19421, 9, 3093, 1),
(19422, 9, 3100, 1),
(19423, 9, 3101, 1),
(19424, 9, 3102, 1),
(19425, 9, 3103, 1),
(19426, 9, 3104, 1),
(19427, 9, 3110, 1),
(19428, 9, 3111, 1),
(19429, 9, 3120, 1),
(19430, 9, 3121, 1),
(19431, 9, 3122, 1),
(19432, 9, 3123, 1),
(19433, 9, 3130, 1),
(19434, 9, 3131, 1),
(19473, 11, 100020, 1),
(19474, 11, 100021, 1),
(19475, 11, 100022, 1),
(19476, 11, 100023, 1),
(19477, 11, 100024, 1),
(19478, 11, 100025, 1),
(19479, 11, 100026, 1),
(19480, 11, 100027, 1),
(19481, 11, 100028, 1),
(19482, 11, 100029, 1),
(19483, 11, 100030, 1),
(19484, 11, 100031, 1),
(19485, 11, 100032, 1),
(19486, 11, 100033, 1),
(19487, 11, 100034, 1),
(19488, 11, 100035, 1),
(19489, 11, 100060, 1),
(19490, 11, 100061, 1),
(19491, 11, 100062, 1),
(19492, 11, 100063, 1),
(19493, 11, 100090, 1),
(19494, 11, 100091, 1),
(19495, 11, 100092, 1),
(19496, 11, 100093, 1),
(19497, 11, 100220, 1),
(19498, 11, 100221, 1),
(19499, 11, 100222, 1),
(19500, 11, 100223, 1),
(19501, 11, 100224, 1),
(19502, 11, 100225, 1),
(19503, 2, 100304, 1),
(19504, 2, 100305, 1),
(19505, 2, 100315, 1),
(19506, 2, 100307, 1),
(19507, 2, 100308, 1),
(19508, 2, 100309, 1),
(19509, 2, 100310, 1),
(19510, 2, 100311, 1),
(19511, 2, 100312, 1),
(19512, 2, 100313, 1),
(19513, 2, 100314, 1),
(19514, 2, 100317, 1),
(19515, 2, 100306, 1);

INSERT INTO `cschool`.`prerequisites` (`id`, `webinar_id`, `prerequisite_id`, `required`, `order`, `created_at`, `updated_at`) VALUES 
(27, 2006, 2002, 0, NULL, 1625694442, NULL),
(30, 2007, 2006, 0, NULL, 1626207537, NULL),
(31, 2026, 2024, 0, NULL, 1728325643, NULL),
(32, 2027, 2024, 0, NULL, 1728325959, NULL),
(33, 2029, 2024, 0, NULL, 1728326819, NULL);

INSERT INTO `cschool`.`product_badge_contents` (`id`, `product_badge_id`, `targetable_id`, `targetable_type`) VALUES 
(2, 1, 1, 'App\\Models\\Bundle'),
(7, 1, 2009, 'App\\Models\\Webinar'),
(9, 1, 2027, 'App\\Models\\Webinar'),
(11, 1, 2029, 'App\\Models\\Webinar'),
(18, 1, 2033, 'App\\Models\\Webinar'),
(21, 1, 1996, 'App\\Models\\Webinar');

INSERT INTO `cschool`.`product_badge_translations` (`id`, `product_badge_id`, `locale`, `title`) VALUES 
(1, 1, 'en', 'Bestseller'),
(2, 1, 'ar', ''),
(3, 1, 'es', 'Nueva');

INSERT INTO `cschool`.`product_badges` (`id`, `icon`, `color`, `background`, `start_at`, `end_at`, `enable`, `created_at`) VALUES (1, NULL, '#ffffff', 'rgb(28, 28, 28)', 1709316000, 1806451200, 1, 1709533982);

INSERT INTO `cschool`.`product_categories` (`id`, `parent_id`, `icon`, `order`) VALUES 
(1, NULL, '/store/1/default_images/categories_icons/feather.png', NULL),
(2, NULL, '/store/1/default_images/categories_icons/pie-chart.png', NULL),
(3, NULL, '/store/1/default_images/categories_icons/umbrella.png', NULL);

INSERT INTO `cschool`.`product_category_translations` (`id`, `product_category_id`, `locale`, `title`) VALUES 
(1, 1, 'en', 'Design Tools'),
(2, 2, 'en', 'Science Tools'),
(3, 3, 'en', 'e-book');

INSERT INTO `cschool`.`product_discounts` (`id`, `creator_id`, `product_id`, `name`, `percent`, `count`, `status`, `start_date`, `end_date`, `created_at`) VALUES (1, 1, 1, 'Special Offer', 20, 5, 'active', 1656043200, 1702659600, 1656131175);

INSERT INTO `cschool`.`product_file_translations` (`id`, `product_file_id`, `locale`, `title`, `description`) VALUES 
(2, 2, 'en', 'Sherlock Holmes eBook', 'Sherlock Holmes is a fictional detective created by British author Sir Arthur Conan Doyle. Referring to himself as a "consulting detective" in the stories, Holmes is known for his proficiency with observation, deduction, forensic science and logical reasoning that borders on the fantastic, which he employs when investigating cases for a wide variety of clients, including Scotland Yard.'),
(3, 3, 'en', 'Setup file', 'Business software is any software or set of computer programs used by business users to perform various business functions. These business applications are used to increase productivity, measure productivity, and perform other business functions accurately.'),
(4, 4, 'en', 'Documentation', 'Documentation for business software.'),
(5, 5, 'en', 'Where the Crawdads Sing e-book', 'Where the Crawdads Sing is at once an exquisite ode to the natural world, a heartbreaking coming-of-age story, and a surprising tale of possible murder. Owens reminds us that we are forever shaped by the children we once were, and that we are all subject to the beautiful and violent secrets that nature keeps.');

INSERT INTO `cschool`.`product_files` (`id`, `creator_id`, `product_id`, `path`, `file_type`, `volume`, `online_viewer`, `order`, `status`, `created_at`) VALUES 
(2, 1016, 4, '/store/1016/store_product/sherlock_holmes_ebook.pdf', 'pdf', '1', 0, NULL, 'active', 1655670253),
(3, 1015, 5, '/store/1015/business_software.zip', 'archive', '5', 0, NULL, 'active', 1655672771),
(4, 1015, 5, '/store/1015/Documentation.pdf', 'pdf', '2', 0, NULL, 'active', 1655672886),
(5, 1, 6, '/store/1/Where-the-Crawdads-Sing.pdf', 'pdf', '3', 1, NULL, 'active', 1656322274);

INSERT INTO `cschool`.`product_filter_option_translations` (`id`, `product_filter_option_id`, `locale`, `title`) VALUES 
(1, 1, 'en', 'Brushes'),
(2, 2, 'en', 'Novel'),
(3, 3, 'en', 'Laguage learning'),
(4, 4, 'en', 'Scientific');

INSERT INTO `cschool`.`product_filter_options` (`id`, `filter_id`, `order`) VALUES 
(1, 1, 1),
(2, 2, 1),
(3, 2, 2),
(4, 2, 3);

INSERT INTO `cschool`.`product_filter_translations` (`id`, `product_filter_id`, `locale`, `title`) VALUES 
(1, 1, 'en', 'Paint Tools'),
(2, 2, 'en', 'Type');

INSERT INTO `cschool`.`product_filters` (`id`, `category_id`) VALUES 
(1, 1),
(2, 3);

INSERT INTO `cschool`.`product_media` (`id`, `creator_id`, `product_id`, `type`, `path`, `order`, `created_at`) VALUES 
(1, 1015, 1, 'thumbnail', '/store/1015/store product/paint_brushes.jpg', NULL, 1656136002),
(4, 1015, 1, 'video', '/store/1015/store product/paint_brushes_video.mp4', NULL, 1656136002),
(7, 934, 2, 'thumbnail', '/store/934/store_product/microscope_4.jpg', NULL, 1656135835),
(20, 934, 2, 'video', '/store/934/store_product/microscope_video.mp4', NULL, 1656135835),
(31, 1016, 4, 'thumbnail', '/store/1016/store_product/sherlock_holmes_ebook.jpg', NULL, 1655670958),
(33, 1016, 4, 'image', '/store/1016/store_product/sherlock_holmes_ebook_1.jpg', NULL, 1655670958),
(34, 1015, 5, 'thumbnail', '/store/1015/store product/business_software_1.jpg', NULL, 1656130921),
(39, 1015, 5, 'image', '/store/1015/store product/business_software_2.jpg', NULL, 1656130921),
(40, 1015, 5, 'image', '/store/1015/store product/business_software.jpg', NULL, 1656130921),
(62, 934, 2, 'image', '/store/934/store_product/microscope_1.jpg', NULL, 1656135835),
(63, 934, 2, 'image', '/store/934/store_product/microscope_2.jpg', NULL, 1656135835),
(64, 934, 2, 'image', '/store/934/store_product/microscope.jpg', NULL, 1656135835),
(74, 1015, 1, 'image', '/store/1015/store product/paint_brushes_1.jpg', NULL, 1656136002),
(75, 1015, 1, 'image', '/store/1015/store product/paint_brushes_2.jpg', NULL, 1656136002),
(76, 1015, 1, 'image', '/store/1015/store product/paint_brushes_3.jpg', NULL, 1656136002),
(77, 1, 6, 'thumbnail', '/store/1/default_images/Where the Crawdads Sing e-book.jpg', NULL, 1656322425),
(78, 1, 6, 'image', '/store/1/default_images/Where the Crawdads Sing e-book_1.jpg', NULL, 1656322425),
(79, 1, 6, 'image', '/store/1/default_images/Where the Crawdads Sing e-book_2.jpg', NULL, 1656322425);

INSERT INTO `cschool`.`product_orders` (`id`, `product_id`, `seller_id`, `buyer_id`, `sale_id`, `installment_order_id`, `gift_id`, `specifications`, `quantity`, `discount_id`, `message_to_seller`, `tracking_code`, `status`, `created_at`) VALUES 
(1, 4, 1016, 995, 193, NULL, NULL, NULL, 1, NULL, NULL, NULL, 'success', 1656103830),
(2, 1, 1015, 923, 194, NULL, NULL, '{"Size":"Small"}', 1, NULL, 'Please deliver faster.
Regards.', NULL, 'waiting_delivery', 1656104034),
(3, 2, 934, 930, 196, NULL, NULL, NULL, 1, NULL, NULL, NULL, 'waiting_delivery', 1656130623),
(4, 5, 1015, 996, 197, NULL, NULL, NULL, 1, NULL, NULL, NULL, 'success', 1656130950),
(5, 1, 1015, 1017, 200, NULL, NULL, '{"Size":"Medium"}', 1, 1, NULL, '43956044000324128', 'success', 1656148501),
(6, 1, 1015, 995, 201, NULL, NULL, '{"Size":"Small"}', 2, 1, 'Please deliver fast.
Regards.', '596324000328246', 'shipped', 1656148667),
(7, 6, 1, 995, 202, NULL, NULL, NULL, 1, NULL, NULL, NULL, 'success', 1656322618),
(42, 2, 934, 1046, NULL, NULL, NULL, NULL, 1, NULL, NULL, NULL, 'pending', 1709199800),
(43, 6, 1, 1016, NULL, NULL, NULL, NULL, 1, NULL, NULL, NULL, 'pending', 1729427981),
(44, 6, 1, 1047, NULL, NULL, NULL, NULL, 1, NULL, NULL, NULL, 'pending', 1734536263);

INSERT INTO `cschool`.`product_reviews` (`id`, `product_id`, `creator_id`, `product_quality`, `purchase_worth`, `delivery_quality`, `seller_quality`, `rates`, `description`, `created_at`, `status`) VALUES 
(1, 4, 995, 5, 5, 5, 5, '5', 'It was a perfect book.
Thank you.', 1656103893, 'active'),
(2, 1, 923, 4, 4, 4, 5, '4.25', 'The brushes were soft.
I like them.
Thank you', 1656104234, 'active'),
(3, 2, 930, 5, 5, 5, 5, '5', 'I am pleasantly surprised for the wholesomeness and great quality of this microscope. Images are sharp and clean. I am happy I got it. It is fun and unpretentious, unlike my lab microscopes.', 1656130849, 'active'),
(4, 5, 996, 2, 3, 3, 2, '2.5', 'I don''t like anything about this product.', 1656131043, 'active'),
(5, 6, 995, 5, 5, 5, 5, '5', 'Wow! I just finished reading Where the Crawdads Sing. And I will say it again, Wow! This books is so filled with emotion. Kya, the main character, is trying to survive by herself from a young age. She has been abandoned by those who should teach her, guide her, protect her. She has to fend for herself. Two men come into her life and teach her about the good and bad in life.
I only keep few book''s that I know I will read again. This is staying in my library.', 1656322965, 'active');

INSERT INTO `cschool`.`product_selected_filter_options` (`id`, `product_id`, `filter_option_id`) VALUES 
(9, 4, 2),
(13, 2, 1),
(15, 1, 1),
(16, 6, 2);

INSERT INTO `cschool`.`product_selected_specification_multi_values` (`id`, `selected_specification_id`, `specification_multi_value_id`) VALUES 
(2, 1, 1),
(3, 1, 2),
(4, 1, 3),
(5, 2, 4),
(6, 3, 6),
(7, 3, 7),
(8, 3, 8),
(9, 5, 11),
(10, 6, 11);

INSERT INTO `cschool`.`product_selected_specification_translations` (`id`, `product_selected_specification_id`, `locale`, `value`) VALUES 
(1, 4, 'en', 'Model: M82EZ
Total magnification: 40X-100X-250X-400X-1000X-2500X
Eyepieces: widefield WF10X and WF25X
Objectives: achromatic DIN 4X, 10X, 40X(S), 100X(S, Oil)
Viewing head: 45 Inclined 360 swiveling binocular
Sliding adjustable interpupillary distance: 2-3/16" ~ 2-15/16"(55~75mm)
Ocular diopter adjustable on both eyetubes
Nosepiece: revolving quadruple
Stage: mechanical double layer size: 4-1/2"x 4-15/16" (115mm x 125mm)
Condenser and diaphragm: NA1.25 Abbe condenser with iris diaphragm
Transmitted (lower) illuminator: LED light, intensity adjustable
Focus adjustment: Coaxial coarse and fine knobs on both sides
All metal mechanical components
Power supply: AC/DC adapter, 100V-240V (UL approved)
Dimension: 9-1/16" x 7-1/8" x 13" (23cm x 18cm x 33cm)
Net weight: 7lbs 2 oz (3.25 kg)
Package weight: 4kg'),
(2, 7, 'en', 'Publisher  :  Penguin Publishing Group (March 30, 2021)
Language  :  English
Paperback  :  400 pages
ISBN-10  :  0735219109
ISBN-13  :  978-0735219106
Item Weight  :  11.2 ounces
Dimensions  :  5.5 x 0.79 x 8.22 inches');

INSERT INTO `cschool`.`product_selected_specifications` (`id`, `creator_id`, `product_id`, `product_specification_id`, `type`, `allow_selection`, `order`, `status`, `created_at`) VALUES 
(1, 1015, 1, 1, 'multi_value', 1, NULL, 'active', 1655623901),
(2, 1015, 1, 2, 'multi_value', 0, NULL, 'active', 1655623917),
(3, 1015, 1, 3, 'multi_value', 0, NULL, 'active', 1655623943),
(4, 934, 2, 4, 'textarea', 0, NULL, 'active', 1655626896),
(5, 1016, 4, 5, 'multi_value', 0, NULL, 'active', 1655670877),
(6, 1, 6, 5, 'multi_value', 0, NULL, 'active', 1656322503),
(7, 1, 6, 4, 'textarea', 0, NULL, 'active', 1656322546);

INSERT INTO `cschool`.`product_specification_categories` (`id`, `specification_id`, `category_id`) VALUES 
(1, 1, 1),
(2, 2, 1),
(3, 3, 1),
(5, 5, 3),
(6, 4, 1),
(7, 4, 3);

INSERT INTO `cschool`.`product_specification_multi_value_translations` (`id`, `product_specification_multi_value_id`, `locale`, `title`) VALUES 
(1, 1, 'en', 'Small'),
(2, 2, 'en', 'Medium'),
(3, 3, 'en', 'Large'),
(4, 4, 'en', 'Basic'),
(5, 5, 'en', 'Advanced'),
(6, 6, 'en', '3-5'),
(7, 7, 'en', '5-8'),
(8, 8, 'en', '8-13'),
(9, 9, 'en', '13-18'),
(10, 10, 'en', '+18'),
(11, 11, 'en', 'Novel'),
(12, 12, 'en', 'Language learning'),
(13, 13, 'en', 'Scientific'),
(14, 14, 'en', 'literature');

INSERT INTO `cschool`.`product_specification_multi_values` (`id`, `specification_id`) VALUES 
(1, 1),
(2, 1),
(3, 1),
(4, 2),
(5, 2),
(6, 3),
(7, 3),
(8, 3),
(9, 3),
(10, 3),
(11, 5),
(12, 5),
(13, 5),
(14, 5);

INSERT INTO `cschool`.`product_specification_translations` (`id`, `product_specification_id`, `locale`, `title`) VALUES 
(1, 1, 'en', 'Size'),
(2, 2, 'en', 'Skill Level'),
(3, 3, 'en', 'Age Range'),
(4, 4, 'en', 'Main Features'),
(5, 5, 'en', 'E-book type');

INSERT INTO `cschool`.`product_specifications` (`id`, `input_type`) VALUES 
(1, 'multi_value'),
(2, 'multi_value'),
(3, 'multi_value'),
(4, 'textarea'),
(5, 'multi_value');

INSERT INTO `cschool`.`product_translations` (`id`, `product_id`, `locale`, `title`, `seo_description`, `summary`, `description`) VALUES 
(1, 1, 'en', 'Painting tools', 'Here are some of Manfredini''s favorite must-have paint products for a flawless finish and a handful of appealing painter accessories that you can skip altogether', 'When it comes to painting supplies, if it sounds too good to be true, then it usually is. There''s really no substitute for quality painting tools, adequate preparation, and careful work. "One of the easiest things to remember about paint tools is that you get what you pay for," says Lou Manfredini, home expert for Ace Hardware. "The biggest mistake I see homeowners make is that they buy cheap tools that don''t give them good results, or they buy cheap paintthen they end up with a poor finished product."', '<p>Here are some of Manfredini''s favorite must-have paint products for a flawless finish and a handful of appealing painter accessories that you can skip altogether. Keep in mind that you may not need some of these products if your walls are in good shape and don''t need a lot of repairs. (Just make sure you purchase some highly-rated paint first because a quality tool won''t work miracles on low-quality paint).</p><p><br></p><h3 style="color: rgba(0, 0, 0, 0.95); font-variant-numeric: normal; font-variant-east-asian: normal; font-stretch: normal; font-size: 24px; line-height: 32px; font-family: Sophia, "Helvetica Neue", sans-serif; letter-spacing: 0.5px; margin-top: 32px; margin-bottom: 16px;">Paint Key</h3><div class="paragraph" style="color: rgba(0, 0, 0, 0.95); font-family: Lora, serif; font-size: medium;"><p style="font-variant-numeric: normal; font-variant-east-asian: normal; font-stretch: normal; font-size: 18px; line-height: 28px; letter-spacing: 0px; margin-bottom: 16px; max-width: 712px; overflow-wrap: anywhere;">You don''t need a special tool to open your paint cans; a standard flat-head screwdriver works just fine.</p></div><h3 style="color: rgba(0, 0, 0, 0.95); font-variant-numeric: normal; font-variant-east-asian: normal; font-stretch: normal; font-size: 24px; line-height: 32px; font-family: Sophia, "Helvetica Neue", sans-serif; letter-spacing: 0.5px; margin-top: 32px; margin-bottom: 16px;">Plastic Tube for Paint Roller</h3><div class="paragraph" style="color: rgba(0, 0, 0, 0.95); font-family: Lora, serif; font-size: medium;"><p style="font-variant-numeric: normal; font-variant-east-asian: normal; font-stretch: normal; font-size: 18px; line-height: 28px; letter-spacing: 0px; margin-bottom: 16px; max-width: 712px; overflow-wrap: anywhere;">If you''re done painting for the day but want to pick it back up tomorrow, cover the roller in plastic wrap, then throw it into a plastic bag with an air-tight seal.</p></div><h3 style="color: rgba(0, 0, 0, 0.95); font-variant-numeric: normal; font-variant-east-asian: normal; font-stretch: normal; font-size: 24px; line-height: 32px; font-family: Sophia, "Helvetica Neue", sans-serif; letter-spacing: 0.5px; margin-top: 32px; margin-bottom: 16px;">Paint Tray Liners</h3><div class="paragraph" style="color: rgba(0, 0, 0, 0.95); font-family: Lora, serif; font-size: medium;"><p style="font-variant-numeric: normal; font-variant-east-asian: normal; font-stretch: normal; font-size: 18px; line-height: 28px; letter-spacing: 0px; margin-bottom: 16px; max-width: 712px; overflow-wrap: anywhere;">These aren''t necessary if you get a quality hard plastic paint tray. Plus, it''s less wasteful if you don''t throw away a plastic liner each time you paint.</p></div><div class="div-sm-inContent" style="color: rgba(0, 0, 0, 0.95); font-family: Lora, serif; font-size: medium;"><div id="div-gpt-native" class="tablet-ad desktop-ad ads-in-content" data-tier="1" data-google-query-id="CL7-utP6uPgCFWLFuwgdOBYNvQ"><div id="google_ads_iframe_3865/ddm.realsimple.com/ntv1_0__container__" style="border: 0pt none;"></div></div></div><h3 style="color: rgba(0, 0, 0, 0.95); font-variant-numeric: normal; font-variant-east-asian: normal; font-stretch: normal; font-size: 24px; line-height: 32px; font-family: Sophia, "Helvetica Neue", sans-serif; letter-spacing: 0.5px; margin-top: 32px; margin-bottom: 16px;">Paint Pads</h3><div class="paragraph" style="color: rgba(0, 0, 0, 0.95); font-family: Lora, serif; font-size: medium;"><p style="font-variant-numeric: normal; font-variant-east-asian: normal; font-stretch: normal; font-size: 18px; line-height: 28px; letter-spacing: 0px; margin-bottom: 16px; max-width: 712px; overflow-wrap: anywhere;">Skip these, unless you''re using them to paint behind hard-to-reach areas like a toilet tank or radiator.</p></div><h3 style="color: rgba(0, 0, 0, 0.95); font-variant-numeric: normal; font-variant-east-asian: normal; font-stretch: normal; font-size: 24px; line-height: 32px; font-family: Sophia, "Helvetica Neue", sans-serif; letter-spacing: 0.5px; margin-top: 32px; margin-bottom: 16px;">Fillable Paint Products</h3><div class="paragraph" style="color: rgba(0, 0, 0, 0.95); font-family: Lora, serif; font-size: medium;"><p style="font-variant-numeric: normal; font-variant-east-asian: normal; font-stretch: normal; font-size: 18px; line-height: 28px; letter-spacing: 0px; margin-bottom: 16px; max-width: 712px; overflow-wrap: anywhere;">"Any gadget that sucks paint up into its handle is a nightmare to use and to clean. In the time it takes to refill it, you could already be painting," says Manfredini. The exception here is the touch-up tool that Manfredini recommended specifically.</p></div>'),
(2, 2, 'en', 'Advanced microscope', 'A microscope is a laboratory instrument used to examine objects that are too small to be seen by the naked eye.', 'There are many types of microscopes, and they may be grouped in different ways. One way is to describe the method an instrument uses to interact with a sample and produce images, either by sending a beam of light or electrons through a sample in its optical path, by detecting photon emissions from a sample, or by scanning across and a short distance from the surface of a sample using a probe.', '<p>This OMAX binocular biological compound microscope offers six magnifications between 40X and 2500X. The lab microscope comes with a 45 inclined 360 swiveling binocular sliding viewing head, two pairs of widefield eyepieces with an adjustable diopter on oculars, four achromatic objectives, stain-resistant double layer mechanical stage with scales, coarse and fine focusing on both sides, NA 1.25 Abbe condenser with iris diaphragm and variable intensity LED transmitted illumination system. This type of microscope is perfect for home school, teaching, demonstration, clinical examination, laboratories, and advanced applications. It is easy to mount an electronic eyepiece (digital microscope camera) for capturing images and live video on a computer. It can also be added a darkfield condenser to switch a brightfield microscope to a darkfield microscope.</p><p><br></p>'),
(4, 4, 'en', 'Sherlock Holmes e-book', 'Sherlock Holmes is a fictional detective created by British author Sir Arthur Conan Doyle.', 'Sherlock Holmes is a fictional detective created by British author Sir Arthur Conan Doyle. Referring to himself as a "consulting detective" in the stories, Holmes is known for his proficiency with observation, deduction, forensic science and logical reasoning that borders on the fantastic, which he employs when investigating cases for a wide variety of clients, including Scotland Yard.', '<p><font color="#202122" face="sans-serif"><span style="font-size: 14px;">Though not the first fictional detective, Sherlock Holmes is arguably the best known.[1] By the 1990s there were already over 25,000 stage adaptations, films, television productions and publications featuring the detective,[2] and Guinness World Records lists him as the most portrayed literary human character in film and television history.[3] Holmes''s popularity and fame are such that many have believed him to be not a fictional character but a real individual;[4][5][6] numerous literary and fan societies have been founded on this pretence. Avid readers of the Holmes stories helped create the modern practice of fandom.[7] The character and stories have had a profound and lasting effect on mystery writing and popular culture as a whole, with the original tales as well as thousands written by authors other than Conan Doyle being adapted into stage and radio plays, television, films, video games, and other media for over one hundred years.</span></font><br></p>'),
(5, 5, 'en', 'Business Software', 'Business software is any software or set of computer programs used by business users to perform various business functions.', 'Business software is any software or set of computer programs used by business users to perform various business functions.', '<p>Business software (or a business application) is any software or set of computer programs used by business users to perform various business functions. These business applications are used to increase productivity, measure productivity, and perform other business functions accurately.</p><p>Much business software is developed to meet the needs of a specific business, and therefore is not easily transferable to a different business environment, unless its nature and operation are identical. Due to the unique requirements of each business, off-the-shelf software is unlikely to completely address a company''s needs. However, where an on-the-shelf solution is necessary, due to time or monetary considerations, some level of customization is likely to be required. Exceptions do exist, depending on the business in question, and thorough research is always required before committing to bespoke or off-the-shelf solutions.</p><p><br></p><p>Some business applications are interactive, i.e., they have a graphical user interface or user interface and users can query/modify/input data and view results instantaneously. They can also run reports instantaneously. Some business applications run in batch mode: they are set up to run based on a predetermined event/time and a business user does not need to initiate them or monitor them.</p><p><br></p><p>Some business applications are built in-house and some are bought from vendors (off-the-shelf software products). These business applications are installed on either desktops or big servers. Prior to the introduction of COBOL (a universal compiler) in 1965, businesses developed their own unique machine language. RCA''s language consisted of a 12-position instruction. For example, to read a record into memory, the first two digits would be the instruction (action) code. The next four positions of the instruction (an ''A'' address) would be the exact leftmost memory location where you want the readable character to be placed. Four positions (a ''B'' address) of the instruction would note the very rightmost memory location where you want the last character of the record to be located. A two-digit ''B'' address also allows a modification of any instruction. Instruction codes and memory designations excluded the use of 8''s or 9''s. The first RCA business application was implemented in 1962 on a 4k RCA 301. The RCA 301, mid-frame 501, and large frame 601 began their marketing in early 1960.</p><p><br></p><p>Many kinds of users are found within the business environment, and can be categorized by using a small, medium, and large matrix:</p><p><br></p><p>The small business market generally consists of home accounting software, and office suites such as LibreOffice, Microsoft Office or Google Workspace (formerly G Suite and Google Apps for Work).</p><p>The medium size, or small and medium-sized enterprise (SME), has a broader range of software applications, ranging from accounting, groupware, customer relationship management, human resource management systems, outsourcing relationship management, loan origination software, shopping cart software, field service software, and other productivity-enhancing applications.</p><p>The last segment covers enterprise level software applications, such as those in the fields of enterprise resource planning, enterprise content management (ECM), business process management (BPM) and product lifecycle management. These applications are extensive in scope and often come with modules that either add native functions or incorporate the functionality of third-party computer programs.</p><p>Technologies that previously only existed in peer-to-peer software applications, like Kazaa and Napster, are starting to appear within business applications.</p>'),
(6, 6, 'en', 'Where the Crawdads Sing e-book', 'The #1 New York Times bestselling worldwide sensation with more than 12 million copies sold', 'SOON TO BE A MAJOR MOTION PICTUREThe #1 New York Times bestselling worldwide sensation with more than 12 million copies sold, hailed by The New York Times Book Review as a painfully beautiful first novel that is at once a murder mystery, a coming-of-age narrative and a celebration of nature.

For years, rumors of the Marsh Girl have haunted Barkley Cove, a quiet town on the North Carolina coast. So in late 1969, when handsome Chase Andrews is found dead, the locals immediately suspect Kya Clark, the so-called Marsh Girl. But Kya is not what they say. Sensitive and intelligent, she has survived for years alone in the marsh that she calls home, finding friends in the gulls and lessons in the sand. Then the time comes when she yearns to be touched and loved. When two young men from town become intrigued by her wild beauty, Kya opens herself to a new lifeuntil the unthinkable happens.

Where the Crawdads Sing is at once an exquisite ode to the natural world, a heartbreaking coming-of-age story, and a surprising tale of possible murder. Owens reminds us that we are forever shaped by the children we once were and that we are all subject to the beautiful and violent secrets that nature keeps.', '<div>A painfully beautiful first novel that is at once a murder mystery, a coming-of-age narrative and a celebration of nature....Owens here surveys the desolate marshlands of the North Carolina coast through the eyes of an abandoned child. And in her isolation that child makes us open our own eyes to the secret wondersand dangersof her private world.The New York Times Book Review</div><div><br></div><div>Steeped in the rhythms and shadows of the coastal marshes of North Carolinas Outer Banks, this fierce and hauntingly beautiful novel centers on...Kyas heartbreaking story of learning to trust human connections, intertwine[d] with a gripping murder mystery, revealing savage truths. An astonishing debut.People</div><div><br></div><div>This lush mystery is perfect for fans of Barbara Kingsolver.Bustle</div><div><br></div><div>A lush debut novel, Owens delivers her mystery wrapped in gorgeous, lyrical prose. Its clear shes from this placethe land of the southern coasts, but also the emotional terrainyou can feel it in the pages. A magnificent achievement, ambitious, credible and very timely.Alexandra Fuller, New York Times bestselling author of Dont Lets Go to the Dogs Tonight</div><div><br></div><div>Heart-wrenching...A fresh exploration of isolation and nature from a female perspective along with a compelling love story.Entertainment Weekly</div><div><br></div><div>This wonderful novel has a bit of everythingmystery, romance, and fascinating characters, all told in a story that takes place in North Carolina.Nicholas Sparks, New York Times bestselling author of Every Breath</div><div><br></div><div>Delia Owens gorgeous novel is both a coming-of-age tale and an engrossing whodunit.Real Simple</div><div><br></div><div>Evocative...Kya makes for an unforgettable heroine.Publishers Weekly</div><div><br></div><div>The New Southern novel...A lyrical debut.Southern Living</div><div><br></div><div>A nature-infused romance with a killer twist.Refinery29</div><div><br></div><div>Anyone who liked The Great Alone will want to read Where the Crawdads Sing....This astonishing debut is a beautiful and haunting novel that packs a powerful punch. Its the first novel in a long time that made me cry.Kristin Hannah, author ofThe Great AloneandThe Nightingale</div><div><br></div><div>Both a coming-of-age story and a mysterious account of a murder investigation told from the perspective of a young girl...Through Kyas story, Owens explores how isolation affects human behavior, and the deep effect that rejection can have on our lives.Vanity Fair</div><div><br></div><div>Lyrical...Its appeal ris[es] from Kyas deep connection to the place where makes her home, and to all of its creatures.Booklist</div><div><br></div><div>This beautiful, evocative novel is likely to stay with you for many days afterward....absorbing.AARP</div><div><br></div><div>This haunting tale captivates every bit as much for its crime drama elements as for the humanity at its core. Mystery & Suspense Magazine</div><div><br></div><div>Compelling, original...A mystery, a courtroom drama, a romance and a coming-of-age story, Where the Crawdads Sing is a moving, beautiful tale. Readers will remember Kya for a long, long time.ShelfAwareness</div><div><br></div><div>With prose luminous as a low-country moon, Owens weaves a compelling tale of a forgotten girl in the unforgiving coastal marshes of North Carolina. It is a murder mystery/love story/courtroom drama that readers will love, but the novel delves so much deeper into the bone and sinew of our very nature, asking often unanswerable questions, old and intractable as the marsh itself. A stunning debut!Christopher Scotton, author of The Secret Wisdom of the Earth</div><div><br></div><div>A compelling mystery with prose so luminous it can cut through the murkiest of pluff mud.Augusta Chronicle</div><div><br></div><div>Carries the rhythm of an old time ballad. It is clear Owens knows this land intimately, from the black mud sucking at footsteps to the taste of saltwater and the cry of seagulls.David Joy, author of The Line That Held Us</div>');

INSERT INTO `cschool`.`products` (`id`, `creator_id`, `type`, `slug`, `category_id`, `price`, `point`, `unlimited_inventory`, `ordering`, `inventory`, `inventory_warning`, `inventory_updated_at`, `delivery_fee`, `delivery_estimated_time`, `message_for_reviewer`, `tax`, `commission_type`, `commission`, `status`, `updated_at`, `created_at`) VALUES 
(1, 1015, 'physical', 'Painting-tools', 1, 25.00, NULL, 0, 1, 28, 5, NULL, 5.00, 4, 'Thank you.', NULL, 'percent', NULL, 'active', 1656136002, 1655622663),
(2, 934, 'physical', 'Advanced-microscope', 1, 290.00, NULL, 0, 1, 11, 3, NULL, 10.00, 7, 'Please review ASAP.
Regards.', NULL, 'percent', NULL, 'active', 1656135835, 1655626642),
(4, 1016, 'virtual', 'Sherlock-Holmes-e-book', 3, 5.00, NULL, 1, 1, NULL, NULL, 1655670958, NULL, NULL, 'Thank you for your review.', NULL, 'percent', NULL, 'active', 1655670958, 1655669205),
(5, 1015, 'virtual', 'Business-Software', 3, 75.00, NULL, 0, 1, 100, 10, NULL, NULL, NULL, 'Thank you.', NULL, 'percent', NULL, 'active', 1656130921, 1655671880),
(6, 1, 'virtual', 'Where-the-Crawdads-Sing-e-book', 3, 20.00, NULL, 1, 1, 0, NULL, NULL, NULL, NULL, NULL, NULL, 'percent', NULL, 'active', 1656322425, 1656321480);

INSERT INTO `cschool`.`promotion_translations` (`id`, `promotion_id`, `locale`, `title`, `description`) VALUES 
(1, 2, 'en', 'Gold', 'One of your classes will be displayed at the top of the category list and homepage slider'),
(2, 3, 'en', 'Bronze', 'One of your classes will be displayed at the top of the category list'),
(3, 4, 'en', 'Silver', 'One of your classes will be displayed at the homepage slider'),
(4, 2, 'es', 'Oro', 'Una de sus clases se mostrar en la parte superior de la lista de categoras y el control deslizante de la pgina de inicio.'),
(5, 2, 'ar', '', '            '),
(6, 4, 'ar', '', '         '),
(7, 4, 'es', 'Plata', 'Una de sus clases se mostrar en el control deslizante de la pgina de inicio.'),
(8, 3, 'ar', '', '       '),
(9, 3, 'es', 'Bronce', 'Una de sus clases se mostrar en la parte superior de la lista de categoras.');

INSERT INTO `cschool`.`promotions` (`id`, `days`, `price`, `icon`, `is_popular`, `created_at`) VALUES 
(2, 15, 150.00, '/store/1/default_images/subscribe_packages/gold.png', 1, 1635446032),
(3, 15, 50.00, '/store/1/default_images/subscribe_packages/bronze.png', 0, 1646415095),
(4, 15, 90.00, '/store/1/default_images/subscribe_packages/silver.png', 0, 1635446095);

INSERT INTO `cschool`.`purchase_notification_histories` (`id`, `user_id`, `purchase_notification_id`, `display_type`, `count_view`, `session_ended`) VALUES 
(1, 996, 1, 'per_session', 34, 0),
(2, 995, 1, 'per_session', 26, 0),
(3, 1015, 1, 'per_session', 4, 0);

INSERT INTO `cschool`.`purchase_notification_roles_groups_contents` (`id`, `purchase_notification_id`, `role_id`, `group_id`, `webinar_id`, `bundle_id`, `product_id`) VALUES 
(82, 1, 1, NULL, NULL, NULL, NULL),
(83, 1, 3, NULL, NULL, NULL, NULL),
(84, 1, 4, NULL, NULL, NULL, NULL),
(85, 1, NULL, NULL, 2009, NULL, NULL),
(86, 1, NULL, NULL, 2008, NULL, NULL),
(87, 1, NULL, NULL, 2004, NULL, NULL),
(88, 1, NULL, NULL, 2006, NULL, NULL),
(89, 1, NULL, NULL, 2005, NULL, NULL),
(90, 1, NULL, NULL, NULL, 2, NULL);

INSERT INTO `cschool`.`purchase_notification_translations` (`id`, `purchase_notification_id`, `locale`, `title`, `popup_title`, `popup_subtitle`, `users`, `times`) VALUES (1, 1, 'en', 'Test Purchase Notifications', '[user] has Purchased', '[user] purchase [content] for [price]', 'Jack Anderson, Cameron Schofield,Jade Harrison,Jessica Wray,James Kong', '10 mins ago,25 mins ago,1 hrs ago,5 mins ago,30 mins ago,2 hrs ago,2 mins ago,45 mins ago');

INSERT INTO `cschool`.`purchase_notifications` (`id`, `start_at`, `end_at`, `popup_duration`, `popup_delay`, `maximum_purchase_amount`, `maximum_community_age`, `display_type`, `display_time`, `display_for_logged_out_users`, `enable`, `created_at`) VALUES (1, 1709269200, 1868673600, 12, 15, NULL, NULL, 'per_session', 99999, 1, 0, 1709375811);

INSERT INTO `cschool`.`quiz_question_translations` (`id`, `quizzes_question_id`, `locale`, `title`, `correct`) VALUES 
(6, 46, 'en', 'What is the number of things we should do before the meeting?', NULL),
(7, 47, 'en', 'What should we do during the meeting?', 'Start the meeting promptly on schedule and do not wait for others to arrive. A large amount of professional time is wasted by leaders who wait for more people to arrive before starting a meeting. It may require a change in the culture, but once people know that you start your meetings on time, they will arrive on time.'),
(8, 48, 'en', 'What should we do before the meeting?', 'Make sure people come to the meeting prepared. Yes, this will require effort beyond simply scheduling the call, but youll reap enormous benefits if you distribute agendas and other relevant materials to attendees ahead of time. Work smart and leverage technology to help you prep meeting content.'),
(9, 49, 'en', 'What should we do after the meeting?', 'Preserve content so it doesn''t need to be repeated. Many of our survey respondents reported that they have a huge problem with content persistence (meaning that they have trouble making sure that files, video, web pages, whiteboards, annotations, etc., exist after a meeting ends). The key here is to stop conceiving of meetings as events with a definite beginning and an end. Instead, recognize that meetings are often segments of larger projects and look for technology that can preserve and instantly restore your sessions exactly where you left off.'),
(10, 50, 'en', 'What is the number of things we should do after the meeting?', NULL),
(11, 51, 'en', 'Which photo belongs to France?', NULL),
(12, 52, 'en', 'Which image is about a teacher''s job?', NULL),
(13, 53, 'en', 'Which image is about a fireman''s job?', NULL),
(14, 54, 'en', 'Which animal lives in water?', NULL),
(15, 55, 'en', 'Which image is autumn?', NULL),
(16, 56, 'en', 'Which photo belongs to France?', NULL),
(17, 57, 'en', 'Which image is about a teacher''s job?', NULL),
(18, 58, 'en', 'Which image is about a fireman''s job?', NULL),
(19, 59, 'en', 'Which animal lives in water?', NULL),
(20, 60, 'en', 'Which image is autumn?', NULL),
(21, 61, 'en', 'Where is the French capital?', ''),
(22, 62, 'en', 'How many months is each year?', NULL),
(23, 63, 'en', 'How many centimeters is one meter unit?', NULL),
(24, 64, 'en', 'How many meters is one kilometer unit?', NULL),
(25, 65, 'en', 'Please explain about Ubuntu versions of Linux?', 'Ubuntu is probably the most well-known Linux distribution. Ubuntu is based on Debian, but it has its own software repositories. Much of the software in these repositories is synced from Debians repositories.

The Ubuntu project has a focus on providing a solid desktop (and server) experience, and it isnt afraid to build its own custom technology to do it. Ubuntu used to use the GNOME 2 desktop environment, but it now uses its own Unity desktop environment. Ubuntu is even building its own Mir graphical server while other distributions are working on the Wayland.'),
(26, 66, 'en', 'Which photo belongs to France?', NULL),
(27, 67, 'en', 'Which image is about a teacher''s job?', NULL),
(28, 68, 'en', 'Which image is about a fireman''s job?', NULL),
(29, 69, 'en', 'Which animal lives in water?', NULL),
(30, 70, 'en', 'Which image is autumn?', NULL),
(31, 71, 'en', 'Which photo belongs to France?', NULL),
(32, 72, 'en', 'Which image is about a teacher''s job?', NULL),
(33, 73, 'en', 'Which image is about a fireman''s job?', NULL),
(34, 74, 'en', 'Which animal lives in water?', NULL),
(35, 75, 'en', 'Which image is autumn?', NULL),
(36, 76, 'en', 'Please watch the video and select the correct answer', NULL),
(59, 80, 'en', '    ', NULL);

INSERT INTO `cschool`.`quiz_translations` (`id`, `quiz_id`, `locale`, `title`) VALUES 
(2, 30, 'en', 'First Quiz'),
(3, 31, 'en', 'Placement Quiz'),
(4, 32, 'en', 'Midterm Quiz'),
(5, 33, 'en', 'Midterm Quiz'),
(6, 34, 'en', 'Final Quiz'),
(7, 35, 'en', 'Entrance Quiz'),
(23, 46, 'en', 'html quiz'),
(25, 48, 'en', ''),
(26, 49, 'en', 'New Quiz For Test'),
(27, 50, 'en', '    ');

INSERT INTO `cschool`.`quizzes` (`id`, `webinar_id`, `creator_id`, `chapter_id`, `time`, `attempt`, `pass_mark`, `certificate`, `status`, `total_mark`, `display_limited_questions`, `display_number_of_questions`, `display_questions_randomly`, `expiry_days`, `created_at`, `updated_at`) VALUES 
(30, 1999, 929, NULL, 20, 5, 60, 1, 'active', 100, 0, NULL, 0, NULL, 1625039490, NULL),
(31, 2001, 3, NULL, 5, 10, 70, 1, 'active', 100, 0, NULL, 0, NULL, 1625079329, 1625950841),
(32, 2003, 3, NULL, 10, 3, 60, 1, 'active', 100, 0, NULL, 0, NULL, 1625950930, 1626242500),
(33, 1998, 1015, NULL, 10, 4, 60, 1, 'active', 100, 0, NULL, 0, NULL, 1625951048, 1625951430),
(34, 1996, 1016, 22, 5, 3, 70, 1, 'active', 100, 0, NULL, 1, NULL, 1625951477, 1729408530),
(35, 2009, 1015, NULL, 10, 3, 75, 1, 'active', 100, 0, NULL, 0, NULL, 1646173391, 1728326249),
(46, 2005, 1016, NULL, 30, 10, 10, 1, 'active', NULL, 0, NULL, 1, 1, 1728401209, NULL),
(48, 2049, 1016, 53, 20, 3, 10, 1, 'active', NULL, 0, NULL, 1, 1, 1729583177, NULL),
(49, 2049, 1016, NULL, 10, 2, 80, 1, 'active', NULL, 0, NULL, 1, 25, 1729681565, NULL),
(50, 2050, 1016, 56, 15, 5, 10, 1, 'active', 10, 0, NULL, 1, 120, 1729755589, 1729755667);

INSERT INTO `cschool`.`quizzes_questions` (`id`, `quiz_id`, `creator_id`, `grade`, `type`, `image`, `video`, `order`, `created_at`, `updated_at`) VALUES 
(46, 30, 929, '20', 'multiple', NULL, NULL, NULL, 1625039743, NULL),
(47, 30, 929, '20', 'descriptive', NULL, NULL, NULL, 1625040028, 1625040475),
(48, 30, 929, '20', 'descriptive', NULL, NULL, NULL, 1625040598, NULL),
(49, 30, 929, '20', 'descriptive', NULL, NULL, NULL, 1625040865, NULL),
(50, 30, 929, '20', 'multiple', NULL, NULL, NULL, 1625040978, NULL),
(51, 31, 3, '20', 'multiple', NULL, NULL, NULL, 1625086333, NULL),
(52, 31, 3, '20', 'multiple', NULL, NULL, NULL, 1625086927, NULL),
(53, 31, 3, '20', 'multiple', NULL, NULL, NULL, 1625088072, NULL),
(54, 31, 3, '20', 'multiple', NULL, NULL, NULL, 1625733114, NULL),
(55, 31, 3, '20', 'multiple', NULL, NULL, NULL, 1625733218, NULL),
(56, 33, 1015, '20', 'multiple', NULL, NULL, NULL, 1625951156, NULL),
(57, 33, 1015, '20', 'multiple', NULL, NULL, NULL, 1625951217, NULL),
(58, 33, 1015, '20', 'multiple', NULL, NULL, NULL, 1625951303, NULL),
(59, 33, 1015, '20', 'multiple', NULL, NULL, NULL, 1625951366, NULL),
(60, 33, 1015, '20', 'multiple', NULL, NULL, NULL, 1625951427, NULL),
(61, 34, 1015, '20', 'multiple', NULL, NULL, NULL, 1625951934, 1625951971),
(62, 34, 1015, '20', 'multiple', NULL, NULL, NULL, 1625952052, NULL),
(63, 34, 1015, '20', 'multiple', NULL, NULL, NULL, 1625952097, NULL),
(64, 34, 1015, '20', 'multiple', NULL, NULL, NULL, 1625952140, NULL),
(65, 34, 1015, '20', 'descriptive', NULL, NULL, NULL, 1625952278, NULL),
(66, 32, 3, '20', 'multiple', NULL, NULL, NULL, 1626061979, NULL),
(67, 32, 3, '20', 'multiple', NULL, NULL, NULL, 1626062031, NULL),
(68, 32, 3, '20', 'multiple', NULL, NULL, NULL, 1626062079, NULL),
(69, 32, 3, '20', 'multiple', NULL, NULL, NULL, 1626062130, NULL),
(70, 32, 3, '20', 'multiple', NULL, NULL, NULL, 1626062181, NULL),
(71, 35, 1015, '20', 'multiple', NULL, NULL, NULL, 1646173476, NULL),
(72, 35, 1015, '20', 'multiple', NULL, NULL, NULL, 1646173553, NULL),
(73, 35, 1015, '20', 'multiple', NULL, NULL, NULL, 1646173606, NULL),
(74, 35, 1015, '20', 'multiple', NULL, NULL, NULL, 1646173664, NULL),
(75, 35, 1015, '10', 'multiple', NULL, NULL, NULL, 1646173719, 1656191827),
(76, 35, 1015, '10', 'multiple', NULL, '/store/1015/Learn Linux In 5 Days.mp4', NULL, 1656191784, NULL),
(80, 50, 1016, '10', 'multiple', NULL, NULL, 1, 1729756220, NULL);

INSERT INTO `cschool`.`quizzes_questions_answer_translations` (`id`, `quizzes_questions_answer_id`, `locale`, `title`) VALUES 
(37, 107, 'en', '5'),
(38, 108, 'en', '2'),
(39, 109, 'en', '7'),
(40, 110, 'en', '9'),
(41, 111, 'en', '4'),
(42, 112, 'en', '6'),
(43, 113, 'en', '2'),
(44, 114, 'en', '5'),
(45, 115, 'en', NULL),
(46, 116, 'en', NULL),
(47, 117, 'en', NULL),
(48, 118, 'en', NULL),
(49, 119, 'en', NULL),
(50, 120, 'en', NULL),
(51, 121, 'en', NULL),
(52, 122, 'en', NULL),
(53, 123, 'en', NULL),
(54, 124, 'en', NULL),
(55, 125, 'en', NULL),
(56, 126, 'en', NULL),
(57, 127, 'en', NULL),
(58, 128, 'en', NULL),
(59, 129, 'en', NULL),
(60, 130, 'en', NULL),
(61, 131, 'en', NULL),
(62, 132, 'en', NULL),
(63, 133, 'en', NULL),
(64, 134, 'en', NULL),
(65, 135, 'en', NULL),
(66, 136, 'en', NULL),
(67, 137, 'en', NULL),
(68, 138, 'en', NULL),
(69, 139, 'en', NULL),
(70, 140, 'en', NULL),
(71, 141, 'en', NULL),
(72, 142, 'en', NULL),
(73, 143, 'en', NULL),
(74, 144, 'en', NULL),
(75, 145, 'en', NULL),
(76, 146, 'en', NULL),
(77, 147, 'en', NULL),
(78, 148, 'en', NULL),
(79, 149, 'en', NULL),
(80, 150, 'en', NULL),
(81, 151, 'en', NULL),
(82, 152, 'en', NULL),
(83, 153, 'en', NULL),
(84, 154, 'en', NULL),
(85, 155, 'en', 'Paris'),
(86, 156, 'en', 'Berlin'),
(87, 157, 'en', 'New York'),
(88, 158, 'en', 'London'),
(89, 159, 'en', '6'),
(90, 160, 'en', '3'),
(91, 161, 'en', '15'),
(92, 162, 'en', '12'),
(93, 163, 'en', '50'),
(94, 164, 'en', '1000'),
(95, 165, 'en', '10'),
(96, 166, 'en', '100'),
(97, 167, 'en', '100'),
(98, 168, 'en', '10'),
(99, 169, 'en', '1000'),
(100, 170, 'en', '500'),
(101, 171, 'en', NULL),
(102, 172, 'en', NULL),
(103, 173, 'en', NULL),
(104, 174, 'en', NULL),
(105, 175, 'en', NULL),
(106, 176, 'en', NULL),
(107, 177, 'en', NULL),
(108, 178, 'en', NULL),
(109, 179, 'en', NULL),
(110, 180, 'en', NULL),
(111, 181, 'en', NULL),
(112, 182, 'en', NULL),
(113, 183, 'en', NULL),
(114, 184, 'en', NULL),
(115, 185, 'en', NULL),
(116, 186, 'en', NULL),
(117, 187, 'en', NULL),
(118, 188, 'en', NULL),
(119, 189, 'en', NULL),
(120, 190, 'en', NULL),
(121, 191, 'en', NULL),
(122, 192, 'en', NULL),
(123, 193, 'en', NULL),
(124, 194, 'en', NULL),
(125, 195, 'en', NULL),
(126, 196, 'en', NULL),
(127, 197, 'en', NULL),
(128, 198, 'en', NULL),
(129, 199, 'en', NULL),
(130, 200, 'en', NULL),
(131, 201, 'en', NULL),
(132, 202, 'en', NULL),
(133, 203, 'en', NULL),
(134, 204, 'en', NULL),
(135, 205, 'en', NULL),
(136, 206, 'en', NULL),
(137, 207, 'en', NULL),
(138, 208, 'en', NULL),
(139, 209, 'en', NULL),
(140, 210, 'en', NULL),
(141, 211, 'en', 'Latest version of Linux was 15 in 2020'),
(142, 212, 'en', 'Latest version of Linux was 12 in 2019'),
(143, 213, 'en', 'Latest version of Linux was 13 in 2020'),
(144, 214, 'en', 'Latest version of Linux was 10 in 2019'),
(146, 216, 'en', ''),
(147, 217, 'en', ''),
(148, 218, 'en', '');

INSERT INTO `cschool`.`quizzes_questions_answers` (`id`, `creator_id`, `question_id`, `image`, `correct`, `created_at`, `updated_at`) VALUES 
(107, 929, 46, NULL, 1, 1625039743, NULL),
(108, 929, 46, NULL, 0, 1625039743, NULL),
(109, 929, 46, NULL, 0, 1625039743, NULL),
(110, 929, 46, NULL, 0, 1625039743, NULL),
(111, 929, 50, NULL, 0, 1625040978, NULL),
(112, 929, 50, NULL, 1, 1625040978, NULL),
(113, 929, 50, NULL, 0, 1625040978, NULL),
(114, 929, 50, NULL, 0, 1625040978, NULL),
(115, 3, 51, '/store/3/quiz/q1 (4).jpg', 0, 1625086333, NULL),
(116, 3, 51, '/store/3/quiz/q1 (1).jpg', 1, 1625086333, NULL),
(117, 3, 51, '/store/3/quiz/q1 (3).jpg', 0, 1625086333, NULL),
(118, 3, 51, '/store/3/quiz/q1 (2).jpg', 0, 1625086333, NULL),
(119, 3, 52, '/store/3/quiz/q2 (4).jpg', 0, 1625086927, NULL),
(120, 3, 52, '/store/3/quiz/q2 (3).jpg', 0, 1625086927, NULL),
(121, 3, 52, '/store/3/quiz/q2 (2).jpg', 0, 1625086927, NULL),
(122, 3, 52, '/store/3/quiz/q2 (1).jpg', 1, 1625086927, NULL),
(123, 3, 53, '/store/3/quiz/q3 (1).jpg', 1, 1625088072, NULL),
(124, 3, 53, '/store/3/quiz/q3 (2).jpg', 0, 1625088072, NULL),
(125, 3, 53, '/store/3/quiz/q3 (3).jpg', 0, 1625088072, NULL),
(126, 3, 53, '/store/3/quiz/q3 (4).jpg', 0, 1625088072, NULL),
(127, 3, 54, '/store/3/quiz/q4 (1).jpg', 0, 1625733114, NULL),
(128, 3, 54, '/store/3/quiz/q4 (2).jpg', 0, 1625733114, NULL),
(129, 3, 54, '/store/3/quiz/q4 (3).jpg', 1, 1625733114, NULL),
(130, 3, 54, '/store/3/quiz/q4 (4).jpg', 0, 1625733114, NULL),
(131, 3, 55, '/store/3/quiz/q5 (1).jpg', 0, 1625733218, NULL),
(132, 3, 55, '/store/3/quiz/q5 (2).jpg', 1, 1625733218, NULL),
(133, 3, 55, '/store/3/quiz/q5 (3).jpg', 0, 1625733218, NULL),
(134, 3, 55, '/store/3/quiz/q5 (4).jpg', 0, 1625733218, NULL),
(135, 1015, 56, '/store/1015/quiz/q1 (1).jpg', 1, 1625951156, NULL),
(136, 1015, 56, '/store/1015/quiz/q1 (2).jpg', 0, 1625951156, NULL),
(137, 1015, 56, '/store/1015/quiz/q1 (3).jpg', 0, 1625951156, NULL),
(138, 1015, 56, '/store/1015/quiz/q1 (4).jpg', 0, 1625951156, NULL),
(139, 1015, 57, '/store/1015/quiz/q2 (1).jpg', 1, 1625951217, NULL),
(140, 1015, 57, '/store/1015/quiz/q2 (2).jpg', 0, 1625951217, NULL),
(141, 1015, 57, '/store/1015/quiz/q2 (3).jpg', 0, 1625951217, NULL),
(142, 1015, 57, '/store/1015/quiz/q2 (4).jpg', 0, 1625951217, NULL),
(143, 1015, 58, '/store/1015/quiz/q3 (1).jpg', 1, 1625951303, NULL),
(144, 1015, 58, '/store/1015/quiz/q3 (2).jpg', 0, 1625951303, NULL),
(145, 1015, 58, '/store/1015/quiz/q3 (3).jpg', 0, 1625951303, NULL),
(146, 1015, 58, '/store/1015/quiz/q3 (4).jpg', 0, 1625951303, NULL),
(147, 1015, 59, '/store/1015/quiz/q4 (1).jpg', 0, 1625951366, NULL),
(148, 1015, 59, '/store/1015/quiz/q4 (2).jpg', 0, 1625951366, NULL),
(149, 1015, 59, '/store/1015/quiz/q4 (3).jpg', 1, 1625951366, NULL),
(150, 1015, 59, '/store/1015/quiz/q4 (4).jpg', 0, 1625951366, NULL),
(151, 1015, 60, '/store/1015/quiz/q5 (1).jpg', 0, 1625951427, NULL),
(152, 1015, 60, '/store/1015/quiz/q5 (2).jpg', 1, 1625951427, NULL),
(153, 1015, 60, '/store/1015/quiz/q5 (3).jpg', 0, 1625951427, NULL),
(154, 1015, 60, '/store/1015/quiz/q5 (4).jpg', 0, 1625951427, NULL),
(155, 1015, 61, NULL, 1, 1625951971, NULL),
(156, 1015, 61, NULL, 0, 1625951971, NULL),
(157, 1015, 61, NULL, 0, 1625951971, NULL),
(158, 1015, 61, NULL, 0, 1625951971, NULL),
(159, 1015, 62, NULL, 0, 1625952052, NULL),
(160, 1015, 62, NULL, 0, 1625952052, NULL),
(161, 1015, 62, NULL, 0, 1625952052, NULL),
(162, 1015, 62, NULL, 1, 1625952052, NULL),
(163, 1015, 63, NULL, 0, 1625952097, NULL),
(164, 1015, 63, NULL, 0, 1625952097, NULL),
(165, 1015, 63, NULL, 0, 1625952097, NULL),
(166, 1015, 63, NULL, 1, 1625952097, NULL),
(167, 1015, 64, NULL, 0, 1625952140, NULL),
(168, 1015, 64, NULL, 0, 1625952140, NULL),
(169, 1015, 64, NULL, 1, 1625952140, NULL),
(170, 1015, 64, NULL, 0, 1625952140, NULL),
(171, 3, 66, '/store/3/quiz/q1 (3).jpg', 0, 1626061979, NULL),
(172, 3, 66, '/store/3/quiz/q1 (2).jpg', 0, 1626061979, NULL),
(173, 3, 66, '/store/3/quiz/q1 (4).jpg', 0, 1626061979, NULL),
(174, 3, 66, '/store/3/quiz/q1 (1).jpg', 1, 1626061979, NULL),
(175, 3, 67, '/store/3/quiz/q2 (1).jpg', 1, 1626062031, NULL),
(176, 3, 67, '/store/3/quiz/q2 (2).jpg', 0, 1626062031, NULL),
(177, 3, 67, '/store/3/quiz/q2 (3).jpg', 0, 1626062031, NULL),
(178, 3, 67, '/store/3/quiz/q2 (4).jpg', 0, 1626062031, NULL),
(179, 3, 68, '/store/3/quiz/q3 (1).jpg', 1, 1626062079, NULL),
(180, 3, 68, '/store/3/quiz/q3 (2).jpg', 0, 1626062079, NULL),
(181, 3, 68, '/store/3/quiz/q3 (3).jpg', 0, 1626062079, NULL),
(182, 3, 68, '/store/3/quiz/q3 (4).jpg', 0, 1626062079, NULL),
(183, 3, 69, '/store/3/quiz/q4 (4).jpg', 0, 1626062130, NULL),
(184, 3, 69, '/store/3/quiz/q4 (2).jpg', 0, 1626062130, NULL),
(185, 3, 69, '/store/3/quiz/q4 (1).jpg', 0, 1626062130, NULL),
(186, 3, 69, '/store/3/quiz/q4 (3).jpg', 1, 1626062130, NULL),
(187, 3, 70, '/store/3/quiz/q5 (1).jpg', 0, 1626062181, NULL),
(188, 3, 70, '/store/3/quiz/q5 (2).jpg', 1, 1626062181, NULL),
(189, 3, 70, '/store/3/quiz/q5 (3).jpg', 0, 1626062181, NULL),
(190, 3, 70, '/store/3/quiz/q5 (4).jpg', 0, 1626062181, NULL),
(191, 1015, 71, '/store/1015/quiz/q1 (1).jpg', 1, 1646173476, NULL),
(192, 1015, 71, '/store/1015/quiz/q1 (2).jpg', 0, 1646173476, NULL),
(193, 1015, 71, '/store/1015/quiz/q1 (3).jpg', 0, 1646173476, NULL),
(194, 1015, 71, '/store/1015/quiz/q1 (4).jpg', 0, 1646173476, NULL),
(195, 1015, 72, '/store/1015/quiz/q2 (1).jpg', 1, 1646173553, NULL),
(196, 1015, 72, '/store/1015/quiz/q2 (2).jpg', 0, 1646173553, NULL),
(197, 1015, 72, '/store/1015/quiz/q2 (3).jpg', 0, 1646173553, NULL),
(198, 1015, 72, '/store/1015/quiz/q2 (4).jpg', 0, 1646173553, NULL),
(199, 1015, 73, '/store/1015/quiz/q3 (1).jpg', 1, 1646173606, NULL),
(200, 1015, 73, '/store/1015/quiz/q3 (2).jpg', 0, 1646173606, NULL),
(201, 1015, 73, '/store/1015/quiz/q3 (3).jpg', 0, 1646173606, NULL),
(202, 1015, 73, '/store/1015/quiz/q3 (4).jpg', 0, 1646173606, NULL),
(203, 1015, 74, '/store/1015/quiz/q4 (1).jpg', 0, 1646173664, NULL),
(204, 1015, 74, '/store/1015/quiz/q4 (2).jpg', 0, 1646173664, NULL),
(205, 1015, 74, '/store/1015/quiz/q4 (3).jpg', 1, 1646173664, NULL),
(206, 1015, 74, '/store/1015/quiz/q4 (4).jpg', 0, 1646173664, NULL),
(207, 1015, 75, '/store/1015/quiz/q5 (1).jpg', 0, 1656191827, NULL),
(208, 1015, 75, '/store/1015/quiz/q5 (2).jpg', 1, 1656191827, NULL),
(209, 1015, 75, '/store/1015/quiz/q5 (3).jpg', 0, 1656191827, NULL),
(210, 1015, 75, '/store/1015/quiz/q5 (4).jpg', 0, 1656191827, NULL),
(211, 1015, 76, NULL, 1, 1656191784, NULL),
(212, 1015, 76, NULL, 0, 1656191784, NULL),
(213, 1015, 76, NULL, 0, 1656191784, NULL),
(214, 1015, 76, NULL, 0, 1656191784, NULL),
(216, 1016, 80, NULL, 1, 1729756220, NULL),
(217, 1016, 80, NULL, 0, 1729756220, NULL),
(218, 1016, 80, NULL, 0, 1729756220, NULL);

INSERT INTO `cschool`.`quizzes_results` (`id`, `quiz_id`, `user_id`, `results`, `user_grade`, `status`, `created_at`) VALUES 
(24, 33, 995, '{"56":{"answer":"135","status":true,"grade":"20"},"57":{"answer":"142","status":false,"grade":"20"},"58":{"answer":"145","status":false,"grade":"20"},"59":{"answer":"148","status":false,"grade":"20"},"60":{"answer":"152","status":true,"grade":"20"},"attempt_number":"1"}', 40, 'failed', 1625997180),
(25, 30, 995, '{"46":{"answer":"107","status":true,"grade":"20"},"47":{"answer":"Look for technologies that improve collaboration and enhance the meeting experience. Meeting attendees may be calling in from around the block\\u2014or around the world. Whatever the case, your goal is to make people feel like they are together in the same room.","status":false,"grade":"20"},"48":{"answer":"Make sure people come to the meeting prepared. Yes, this will require effort beyond simply scheduling the call, but you\\u2019ll reap enormous benefits if you distribute agendas and other relevant materials to attendees ahead of time. Work smart and leverage technology to help you prep meeting content.","status":false,"grade":"20"},"49":{"answer":"Preserve content so it doesn''t need to be repeated. Many of our survey respondents reported that they have a huge problem with content persistence (meaning that they have trouble making sure that files, video, web pages, whiteboards, annotations, etc., exist after a meeting ends).","status":false,"grade":"20"},"50":{"answer":"112","status":true,"grade":"20"},"attempt_number":"1"}', 40, 'waiting', 1625997328),
(29, 33, 996, '{"56":{"answer":"135","status":true,"grade":"20"},"57":{"answer":"142","status":false,"grade":"20"},"58":{"answer":"143","status":true,"grade":"20"},"59":{"answer":"149","status":true,"grade":"20"},"60":{"answer":"152","status":true,"grade":"20"},"attempt_number":"1"}', 80, 'passed', 1626237574),
(30, 34, 979, '{"61":{"answer":"155","status":true,"grade":"20"},"62":{"answer":"162","status":true,"grade":"20"},"63":{"answer":"166","status":true,"grade":"20"},"64":{"answer":"169","status":true,"grade":"20"},"65":{"answer":"Ubuntu is a Linux distribution based on Debian and composed mostly of free and open-source software. Ubuntu is officially released in three editions: Desktop, Server, and Core for Internet of things devices and robots. All the editions can run on the computer alone, or in a virtual machine. Wikipedia","status":true,"grade":"10"},"attempt_number":"1"}', 90, 'passed', 1626237968),
(31, 34, 929, '{"61":{"answer":"155","status":true,"grade":"20"},"62":{"answer":"162","status":true,"grade":"20"},"63":{"answer":"166","status":true,"grade":"20"},"64":{"answer":"169","status":true,"grade":"20"},"65":{"answer":"Ubuntu is a Linux distribution based on Debian and composed mostly of free and open-source software. Ubuntu is officially released in three editions: Desktop, Server, and Core for Internet of things devices and robots. All the editions can run on the computer alone, or in a virtual machine.","status":false,"grade":"20"},"attempt_number":"1"}', 80, 'waiting', 1626243488),
(58, 32, 996, '', 0, 'waiting', 1728571486),
(59, 48, 1050, '', 0, 'waiting', 1729664575),
(60, 50, 1052, '{"attempt_number":"1"}', 0, 'failed', 1729755893),
(61, 50, 1052, '{"attempt_number":"2"}', 0, 'failed', 1729755911),
(62, 50, 1052, '{"80":{"answer":"216","status":true,"grade":"10"},"attempt_number":"3"}', 10, 'passed', 1729756241);

INSERT INTO `cschool`.`regions` (`id`, `country_id`, `province_id`, `city_id`, `geo_center`, `type`, `title`, `created_at`) VALUES 
(16, NULL, NULL, NULL, ST_GeomFromText('POINT(48.3124279040718 2.57080078125)'), 'country', 'France', 1646175250),
(17, NULL, NULL, NULL, ST_GeomFromText('POINT(23.1605633090483 78.4423828125)'), 'country', 'India', 1646045215),
(18, NULL, NULL, NULL, ST_GeomFromText('POINT(39.9771200984396 -97.97607421875)'), 'country', 'United States', 1646208799),
(19, NULL, NULL, NULL, ST_GeomFromText('POINT(16.1302620120348 18.8525390625)'), 'country', 'Chad', 1646045318),
(20, NULL, NULL, NULL, ST_GeomFromText('POINT(24.206889622398 44.7802734375)'), 'country', 'Saudi Arabia', 1646045651),
(21, 16, NULL, NULL, ST_GeomFromText('POINT(48.0046250211339 -3.1365966796875)'), 'province', 'Brittany', 1646175600),
(22, 16, NULL, NULL, ST_GeomFromText('POINT(48.8574870026455 2.33734130859375)'), 'province', 'le-de-France', 1646176998),
(23, 16, 22, NULL, ST_GeomFromText('POINT(48.8599716625836 2.35021591186523)'), 'city', 'Paris', 1646177038),
(24, 16, 22, 23, ST_GeomFromText('POINT(48.8691751235273 2.29403972625732)'), 'district', 'Chaillot', 1646177131),
(25, 16, 22, 23, ST_GeomFromText('POINT(48.8126855105147 2.24812030792236)'), 'district', 'Le val', 1646177195),
(26, 16, 22, 23, ST_GeomFromText('POINT(48.85579284561 2.39785194396973)'), 'district', 'Charonne', 1646177249),
(27, 17, NULL, NULL, ST_GeomFromText('POINT(28.6905876542507 77.16522216796881)'), 'province', 'Delhi', 1646177430),
(28, 17, NULL, NULL, ST_GeomFromText('POINT(19.0776929918683 72.8929138183594)'), 'province', 'Maharashtra', 1646177529),
(29, 17, 27, NULL, ST_GeomFromText('POINT(28.6176788400956 77.20247268676761)'), 'city', 'New Delhi', 1646177585),
(30, 17, 28, NULL, ST_GeomFromText('POINT(18.9420107255774 72.8336906433106)'), 'city', 'Mumbai', 1646177660),
(31, 20, NULL, NULL, ST_GeomFromText('POINT(24.5721041480168 39.6194458007813)'), 'province', 'Medina', 1646207588),
(32, 20, 31, NULL, ST_GeomFromText('POINT(24.4727753948268 39.6106052398682)'), 'city', 'Medina', 1646207641),
(33, 20, NULL, NULL, ST_GeomFromText('POINT(24.8266249565622 46.7303466796875)'), 'province', 'Riyadh', 1646207846),
(34, 20, 33, NULL, ST_GeomFromText('POINT(24.6357830712388 46.7147254943848)'), 'city', 'Riyadh', 1646207899),
(35, 17, 27, 29, ST_GeomFromText('POINT(28.5762308047837 77.2483491897583)'), 'district', 'Jal vihar', 1646208038),
(36, 17, 27, 29, ST_GeomFromText('POINT(28.5594962414671 77.21813678741459)'), 'district', 'Anand lok', 1646208100),
(37, 17, 28, 30, ST_GeomFromText('POINT(18.967987183782 72.8219747543335)'), 'district', 'Tardeo', 1646208151),
(38, 17, 28, 30, ST_GeomFromText('POINT(18.9282902770691 72.8313946723938)'), 'district', 'Kala ghoda', 1646208227),
(39, 17, 28, 30, ST_GeomFromText('POINT(19.0023186028352 72.81931400299069)'), 'district', 'Nehru nagar', 1646208287),
(40, 20, 31, 32, ST_GeomFromText('POINT(24.4800793567216 39.595091342926)'), 'district', 'Al fath', 1646208357),
(41, 20, 31, 32, ST_GeomFromText('POINT(24.4848442798423 39.6717381477356)'), 'district', 'Al mabuth', 1646208449),
(42, 20, 33, 34, ST_GeomFromText('POINT(24.6417903152432 46.6650724411011)'), 'district', 'Al rafiah', 1646208501),
(43, 20, 33, 34, ST_GeomFromText('POINT(24.6574702010578 46.7273426055908)'), 'district', 'Al malaz', 1646208541),
(44, 20, 33, 34, ST_GeomFromText('POINT(24.6055084089282 46.6861438751221)'), 'district', 'Sultanah', 1646208741),
(45, 18, NULL, NULL, ST_GeomFromText('POINT(37.1428034437168 -119.734497070313)'), 'province', 'California', 1646208923),
(46, 18, NULL, NULL, ST_GeomFromText('POINT(42.8356955064145 -75.4595947265625)'), 'province', 'New York', 1646209125),
(47, 18, 45, NULL, ST_GeomFromText('POINT(37.7818407155205 -122.419109344482)'), 'city', 'San Francisco', 1646209213),
(48, 18, 45, NULL, ST_GeomFromText('POINT(36.9756782317665 -122.030210494995)'), 'city', 'Santa Cruz', 1646209310),
(49, 18, 46, NULL, ST_GeomFromText('POINT(40.7329499227693 -73.98897171020511)'), 'city', 'New York', 1646209459),
(50, 18, 46, NULL, ST_GeomFromText('POINT(42.6521419048153 -73.7555980682373)'), 'city', 'Albany', 1646209552),
(51, 18, 45, 47, ST_GeomFromText('POINT(37.7552441348857 -122.495412826538)'), 'district', 'Sunset district', 1646209607),
(52, 18, 45, 47, ST_GeomFromText('POINT(37.7430282148491 -122.414388656616)'), 'district', 'Bernal heights', 1646209668),
(53, 18, 45, 48, ST_GeomFromText('POINT(36.9653235546129 -122.046132087708)'), 'district', 'Westside', 1646209704),
(54, 18, 45, 48, ST_GeomFromText('POINT(36.9695067394715 -122.008109092712)'), 'district', 'Seabright', 1646209756),
(55, 18, 46, 49, ST_GeomFromText('POINT(40.7145413417262 -74.0024042129517)'), 'district', 'Civic center', 1646209822),
(56, 18, 46, 49, ST_GeomFromText('POINT(40.7672816488767 -73.9595317840576)'), 'district', 'Lenox hill', 1646209902),
(57, 18, 46, 50, ST_GeomFromText('POINT(42.6596535430602 -73.78894329071051)'), 'district', 'Pine hills', 1646209945),
(58, 18, 46, 50, ST_GeomFromText('POINT(42.6624622839337 -73.7551903724671)'), 'district', 'Arbor hill', 1646209990),
(59, 19, NULL, NULL, ST_GeomFromText('POINT(12.1386904189348 15.0361633300781)'), 'province', 'N''Djamna', 1646210607),
(60, 19, 59, NULL, ST_GeomFromText('POINT(12.120564888387 15.0503253936768)'), 'city', 'N''Djamna', 1646210643),
(61, 19, NULL, NULL, ST_GeomFromText('POINT(8.65705699850899 16.0647583007813)'), 'province', 'Logone Occidental', 1646210813),
(62, 19, 61, NULL, ST_GeomFromText('POINT(8.5672720450456 16.0737705230713)'), 'city', 'Moundou', 1646210881),
(63, 19, 59, 60, ST_GeomFromText('POINT(12.0958081237255 15.0750875473022)'), 'district', 'Moursal', 1646210978),
(64, 19, 59, 60, ST_GeomFromText('POINT(12.1130122204284 15.0506258010864)'), 'district', 'Blabline', 1646211027),
(65, 19, 61, 62, ST_GeomFromText('POINT(8.568630009955561 16.0867094993591)'), 'district', 'Bornou', 1646211077),
(66, 19, 61, 62, ST_GeomFromText('POINT(8.55012732127553 16.0601449012756)'), 'district', 'Dokapti', 1646211168),
(67, 16, 21, NULL, ST_GeomFromText('POINT(48.1125890314035 -1.68065071105957)'), 'city', 'Rennes', 1646295560),
(68, 16, 21, 67, ST_GeomFromText('POINT(48.1100101746508 -1.70815944671631)'), 'district', 'Moulin du comte', 1646295696);

INSERT INTO `cschool`.`registration_packages` (`id`, `days`, `price`, `icon`, `role`, `instructors_count`, `students_count`, `courses_capacity`, `courses_count`, `meeting_count`, `product_count`, `ai_content_access`, `status`, `created_at`) VALUES 
(1, 30, 99.00, '/store/1/default_images/registertion_packages/bronze_instructor.png', 'instructors', NULL, NULL, 40, 10, 30, NULL, 0, 'active', 1646040584),
(2, 90, 199.00, '/store/1/default_images/registertion_packages/silver_instructor.png', 'instructors', NULL, NULL, 60, 20, 50, NULL, 0, 'active', 1646041075),
(3, 180, 400.00, '/store/1/default_images/registertion_packages/gold_instructor.png', 'instructors', NULL, NULL, 100, 40, 75, NULL, 0, 'active', 1646041329),
(4, 30, 200.00, '/store/1/default_images/registertion_packages/bronze_organization.png', 'organizations', 5, 50, 40, 10, 30, NULL, 0, 'active', 1646041807),
(5, 90, 400.00, '/store/1/default_images/registertion_packages/silver_organization.png', 'organizations', 10, 100, 70, 20, 50, NULL, 0, 'active', 1646041992),
(6, 180, 600.00, '/store/1/default_images/registertion_packages/gold_organization.png', 'organizations', 30, 300, 150, 50, 100, NULL, 0, 'active', 1646042364);

INSERT INTO `cschool`.`registration_packages_translations` (`id`, `registration_package_id`, `locale`, `title`, `description`) VALUES 
(1, 1, 'en', 'Basic', 'Suggested for starter instructors.'),
(2, 2, 'en', 'Pro', 'Suggested for professional instructors.'),
(3, 3, 'en', 'Premium', 'Suggested for expert instructors.'),
(4, 4, 'en', 'Basic', 'Suggested for small organizations'),
(5, 5, 'en', 'Pro', 'Suggested for medium organizations'),
(6, 6, 'en', 'Premium', 'Suggested for big organizations');

INSERT INTO `cschool`.`related_courses` (`id`, `creator_id`, `targetable_id`, `targetable_type`, `course_id`, `order`) VALUES 
(1, NULL, 2026, 'App\\Models\\Webinar', 1997, NULL),
(3, NULL, 2029, 'App\\Models\\Webinar', 2024, NULL),
(4, NULL, 2033, 'App\\Models\\Webinar', 2007, NULL),
(5, NULL, 2049, 'App\\Models\\Webinar', 1996, NULL);

INSERT INTO `cschool`.`reserve_meetings` (`id`, `meeting_id`, `sale_id`, `meeting_time_id`, `day`, `date`, `start_at`, `end_at`, `user_id`, `paid_amount`, `meeting_type`, `student_count`, `discount`, `link`, `password`, `description`, `status`, `created_at`, `locked_at`, `reserved_at`) VALUES (1, 30, 186, 169, '2022-03-15', 1647302400, 1647354600, 1647358200, 995, 750.00, 'in_person', 5, NULL, NULL, NULL, 'We are the managers of a company and we want to get acquainted with the concepts of risk in resource management.', 'pending', 1646379271, NULL, 1646379290);

INSERT INTO `cschool`.`rewards` (`id`, `type`, `score`, `condition`, `status`, `created_at`) VALUES 
(3, 'charge_wallet', 50, '150', 'active', 1641205067),
(4, 'account_charge', 50, '100', 'active', 1641369989),
(5, 'badge', NULL, NULL, 'active', 1641300755),
(6, 'create_classes', 50, NULL, 'active', 1641369921),
(7, 'buy', 50, '10', 'active', 1641369938),
(8, 'pass_the_quiz', 50, NULL, 'active', 1641369947),
(9, 'certificate', 30, NULL, 'active', 1641369955),
(10, 'comment', 5, NULL, 'active', 1641369968),
(11, 'register', 5, NULL, 'active', 1641370008),
(12, 'review_courses', 15, NULL, 'active', 1641370016),
(13, 'instructor_meeting_reserve', 30, NULL, 'active', 1641370026),
(14, 'student_meeting_reserve', 30, NULL, 'active', 1641370036),
(15, 'newsletters', 10, NULL, 'active', 1641370050),
(16, 'referral', 5, NULL, 'active', 1641370059),
(18, 'learning_progress_100', 20, NULL, 'active', 1641372957),
(19, 'buy_store_product', 50, '26', 'active', 1648277874),
(20, 'pass_assignment', 50, NULL, 'active', 1649247227),
(21, 'make_topic', 1, NULL, 'active', 1650548269),
(22, 'send_post_in_topic', 1, NULL, 'active', 1650548278),
(23, 'create_blog_by_instructor', 5, NULL, 'active', 1650788324),
(24, 'comment_for_instructor_blog', 3, NULL, 'active', 1650788336);

INSERT INTO `cschool`.`rewards_accounting` (`id`, `user_id`, `item_id`, `type`, `score`, `status`, `created_at`) VALUES 
(1, 867, 2006, 'create_classes', 50, 'addiction', 1645726175),
(2, 929, 1999, 'create_classes', 50, 'addiction', 1645726209),
(3, 1015, 2008, 'create_classes', 50, 'addiction', 1646127156),
(4, 995, 2005, 'learning_progress_100', 20, 'addiction', 1646127296),
(5, 1015, 2009, 'create_classes', 50, 'addiction', 1646172007),
(6, 995, NULL, 'buy', 55, 'addiction', 1646172086),
(7, 996, NULL, 'buy', 50, 'addiction', 1646172123),
(8, 979, NULL, 'buy', 55, 'addiction', 1646172159),
(9, 929, NULL, 'buy', 55, 'addiction', 1646172296),
(10, 867, 2000, 'create_classes', 50, 'addiction', 1646172395),
(11, 979, 23, 'badge', 15, 'addiction', 1646245104),
(12, 1015, 23, 'badge', 15, 'addiction', 1646254479),
(13, 1015, 26, 'badge', 30, 'addiction', 1646254480),
(14, 1015, 29, 'badge', 50, 'addiction', 1646254480),
(15, 1015, 32, 'badge', 50, 'addiction', 1646254481),
(16, 1015, 35, 'badge', 20, 'addiction', 1646254481),
(17, 979, 33, 'review_courses', 15, 'addiction', 1646254639),
(18, 864, 23, 'badge', 15, 'addiction', 1646256513),
(19, 864, 24, 'badge', 10, 'addiction', 1646256514),
(20, 870, 23, 'badge', 15, 'addiction', 1646257010),
(21, 870, 24, 'badge', 10, 'addiction', 1646257010),
(22, 870, 29, 'badge', 50, 'addiction', 1646257011),
(23, 870, 31, 'badge', 20, 'addiction', 1646257011),
(24, 870, 35, 'badge', 20, 'addiction', 1646257011),
(25, 867, 23, 'badge', 15, 'addiction', 1646260042),
(26, 867, 26, 'badge', 30, 'addiction', 1646260043),
(27, 867, 29, 'badge', 50, 'addiction', 1646260043),
(28, 867, 31, 'badge', 20, 'addiction', 1646260043),
(29, 867, 35, 'badge', 20, 'addiction', 1646260044),
(30, 1016, 23, 'badge', 15, 'addiction', 1646263056),
(31, 1016, 24, 'badge', 10, 'addiction', 1646263057),
(32, 1016, 29, 'badge', 50, 'addiction', 1646263057),
(33, 1016, 31, 'badge', 20, 'addiction', 1646263057),
(34, 1016, 35, 'badge', 20, 'addiction', 1646263058),
(35, 934, 23, 'badge', 15, 'addiction', 1646263177),
(36, 934, 25, 'badge', 20, 'addiction', 1646263177),
(37, 934, 29, 'badge', 50, 'addiction', 1646263177),
(38, 934, 35, 'badge', 20, 'addiction', 1646263178),
(39, 929, 23, 'badge', 15, 'addiction', 1646263303),
(40, 929, 25, 'badge', 20, 'addiction', 1646263304),
(41, 929, 29, 'badge', 50, 'addiction', 1646263304),
(42, 929, 31, 'badge', 20, 'addiction', 1646263304),
(43, 3, 23, 'badge', 15, 'addiction', 1646263503),
(44, 3, 25, 'badge', 20, 'addiction', 1646263504),
(45, 3, 31, 'badge', 20, 'addiction', 1646263504),
(46, 4, 23, 'badge', 15, 'addiction', 1646263571),
(47, 4, 24, 'badge', 10, 'addiction', 1646263571),
(48, 4, 29, 'badge', 50, 'addiction', 1646263572),
(49, 4, 35, 'badge', 20, 'addiction', 1646263572),
(50, 859, 23, 'badge', 15, 'addiction', 1646263573),
(51, 863, 23, 'badge', 15, 'addiction', 1646263573),
(52, 863, 24, 'badge', 10, 'addiction', 1646263573),
(53, 863, 29, 'badge', 50, 'addiction', 1646263574),
(54, 863, 31, 'badge', 20, 'addiction', 1646263574),
(55, 863, 35, 'badge', 20, 'addiction', 1646263574),
(56, 868, 23, 'badge', 15, 'addiction', 1646287364),
(57, 996, 23, 'badge', 15, 'addiction', 1646290203),
(58, 995, 23, 'badge', 15, 'addiction', 1646302693),
(59, 923, 23, 'badge', 15, 'addiction', 1646326059),
(60, 923, 25, 'badge', 20, 'addiction', 1646326060),
(61, 923, 29, 'badge', 50, 'addiction', 1646326060),
(62, 923, 31, 'badge', 20, 'addiction', 1646326060),
(63, 923, 35, 'badge', 20, 'addiction', 1646326061),
(64, 995, 34, 'review_courses', 15, 'addiction', 1646352844),
(65, 995, NULL, 'buy', 4125, 'addiction', 1646379288),
(66, 995, NULL, 'student_meeting_reserve', 30, 'addiction', 1646379290),
(67, 1017, 22, 'badge', 10, 'addiction', 1646379365),
(68, 930, 23, 'badge', 15, 'addiction', 1646386699),
(69, 930, NULL, 'buy', 1095, 'addiction', 1646386787),
(70, 859, NULL, 'buy', 1100, 'addiction', 1646387655),
(71, 1017, 1017, 'newsletters', 10, 'addiction', 1646389129),
(72, 4, 2005, 'create_classes', 50, 'addiction', 1646396841),
(73, 929, 2004, 'create_classes', 50, 'addiction', 1646396863),
(74, 1015, 35, 'review_courses', 15, 'addiction', 1646413457),
(75, 1015, 66, 'comment', 5, 'addiction', 1646413662),
(76, 996, 996, 'newsletters', 10, 'addiction', 1646414262),
(77, 1, 23, 'badge', 15, 'addiction', 1655618081),
(78, 1017, 23, 'badge', 15, 'addiction', 1655697087),
(79, 1015, 1, 'make_topic', 1, 'addiction', 1655716308),
(80, 1015, 2, 'make_topic', 1, 'addiction', 1655716703),
(81, 929, 1, 'send_post_in_topic', 1, 'addiction', 1655718839),
(82, 979, 2, 'send_post_in_topic', 1, 'addiction', 1655786658),
(83, 930, 3, 'send_post_in_topic', 1, 'addiction', 1655786705),
(84, 1017, 3, 'make_topic', 1, 'addiction', 1655787049),
(85, 923, 4, 'send_post_in_topic', 1, 'addiction', 1655787619),
(86, 1017, 5, 'send_post_in_topic', 1, 'addiction', 1655787999),
(87, 870, 4, 'make_topic', 1, 'addiction', 1655788542),
(88, 3, 6, 'send_post_in_topic', 1, 'addiction', 1655788607),
(89, 996, 5, 'make_topic', 1, 'addiction', 1655789512),
(90, 930, 7, 'send_post_in_topic', 1, 'addiction', 1655789536),
(91, 859, 8, 'send_post_in_topic', 1, 'addiction', 1655789585),
(92, 923, 6, 'make_topic', 1, 'addiction', 1655790004),
(93, 3, 9, 'send_post_in_topic', 1, 'addiction', 1655790272),
(94, 3, 7, 'make_topic', 1, 'addiction', 1655790607),
(95, 934, 10, 'send_post_in_topic', 1, 'addiction', 1655790650),
(96, 930, 8, 'make_topic', 1, 'addiction', 1655790834),
(97, 929, 11, 'send_post_in_topic', 1, 'addiction', 1655790902),
(98, 870, 12, 'send_post_in_topic', 1, 'addiction', 1655790940),
(99, 995, 9, 'make_topic', 1, 'addiction', 1655791192),
(100, 996, 13, 'send_post_in_topic', 1, 'addiction', 1655791222),
(101, 1015, 14, 'send_post_in_topic', 1, 'addiction', 1655791289),
(102, 3, 15, 'send_post_in_topic', 1, 'addiction', 1655791331),
(103, 929, 26, 'badge', 30, 'addiction', 1655799442),
(104, 929, 2010, 'create_classes', 50, 'addiction', 1655804611),
(105, 996, 36, 'review_courses', 15, 'addiction', 1655877051),
(106, 930, 1, 'pass_assignment', 50, 'addiction', 1655877895),
(107, 995, 1, 'pass_assignment', 50, 'addiction', 1655878435),
(108, 1015, 22, 'badge', 10, 'addiction', 1655907547),
(109, 1019, 21, 'badge', 5, 'addiction', 1655970555),
(110, 930, NULL, 'buy', 275, 'addiction', 1656083262),
(111, 930, 37, 'review_courses', 15, 'addiction', 1656083388),
(112, 1016, 22, 'badge', 10, 'addiction', 1656083787),
(113, 995, 10, 'make_topic', 1, 'addiction', 1656101498),
(114, 995, 16, 'send_post_in_topic', 1, 'addiction', 1656101542),
(115, 1016, 17, 'send_post_in_topic', 1, 'addiction', 1656101670),
(116, 870, 18, 'send_post_in_topic', 1, 'addiction', 1656101717),
(117, 929, 19, 'send_post_in_topic', 1, 'addiction', 1656101751),
(118, 995, 4, 'buy_store_product', 10, 'addiction', 1656103844),
(119, 995, NULL, 'buy', 26, 'addiction', 1656103844),
(120, 995, 38, 'review_courses', 15, 'addiction', 1656103909),
(121, 923, 1, 'buy_store_product', 60, 'addiction', 1656104131),
(122, 923, NULL, 'buy', 156, 'addiction', 1656104131),
(123, 996, NULL, 'buy', 198, 'addiction', 1656130481),
(124, 864, 31, 'badge', 20, 'addiction', 1656130495),
(125, 996, 39, 'review_courses', 15, 'addiction', 1656130578),
(126, 930, 2, 'buy_store_product', 605, 'addiction', 1656130707),
(127, 930, NULL, 'buy', 1573, 'addiction', 1656130707),
(128, 996, 5, 'buy_store_product', 151, 'addiction', 1656130963),
(129, 996, NULL, 'buy', 394, 'addiction', 1656130963),
(130, 979, NULL, 'buy', 44, 'addiction', 1656139703),
(131, 979, NULL, 'buy', 138, 'addiction', 1656139705),
(132, 979, 41, 'review_courses', 15, 'addiction', 1656139797),
(133, 979, 40, 'review_courses', 15, 'addiction', 1656139799),
(134, 1015, 36, 'badge', 5, 'addiction', 1656148218),
(135, 1015, 38, 'badge', 10, 'addiction', 1656148220),
(136, 1017, 38, 'badge', 10, 'addiction', 1656148474),
(137, 1017, 1, 'buy_store_product', 50, 'addiction', 1656148574),
(138, 1017, NULL, 'buy', 130, 'addiction', 1656148574),
(139, 995, 38, 'badge', 10, 'addiction', 1656148637),
(140, 995, 1, 'buy_store_product', 100, 'addiction', 1656148838),
(141, 995, NULL, 'buy', 261, 'addiction', 1656148838),
(142, 1016, 36, 'badge', 5, 'addiction', 1656194232),
(143, 864, 29, 'badge', 50, 'addiction', 1656194599),
(144, 864, 35, 'badge', 20, 'addiction', 1656194599),
(145, 870, 38, 'badge', 10, 'addiction', 1656219366),
(146, 996, 38, 'badge', 10, 'addiction', 1656219590),
(147, 995, 6, 'buy_store_product', 33, 'addiction', 1656322658),
(148, 995, NULL, 'buy', 85, 'addiction', 1656322658),
(149, 923, 38, 'badge', 10, 'addiction', 1656530749),
(150, 995, 2007, 'learning_progress_100', 20, 'addiction', 1656664848),
(151, 995, 6, 'certificate', 30, 'addiction', 1656664855),
(188, 1019, 22, 'badge', 10, 'addiction', 1678904160),
(189, 930, 38, 'badge', 10, 'addiction', 1678908532),
(190, 870, 25, 'badge', 20, 'addiction', 1678911991),
(191, 3, 29, 'badge', 50, 'addiction', 1678912055),
(192, 3, 35, 'badge', 20, 'addiction', 1678912055),
(193, 3, 38, 'badge', 10, 'addiction', 1678912055),
(194, 870, 2022, 'create_classes', 50, 'addiction', 1678912167),
(195, 995, NULL, 'buy', 165, 'addiction', 1678915490),
(196, 979, NULL, 'buy', 165, 'addiction', 1678917767),
(197, 979, NULL, 'buy', 198, 'addiction', 1678919437),
(198, 995, 2004, 'learning_progress_100', 20, 'addiction', 1678919451),
(199, 930, NULL, 'buy', 165, 'addiction', 1678922511),
(200, 995, NULL, 'buy', 110, 'addiction', 1678922691),
(201, 1017, NULL, 'buy', 165, 'addiction', 1678923556),
(202, 979, NULL, 'buy', 165, 'addiction', 1678925790),
(203, 995, NULL, 'buy', 165, 'addiction', 1678925916),
(204, 995, NULL, 'buy', 110, 'addiction', 1678926039),
(205, 995, 1045, 'referral', 5, 'addiction', 1678958778),
(206, 1045, 1045, 'register', 5, 'addiction', 1678958778),
(207, 1045, NULL, 'buy', 550, 'addiction', 1678959222),
(208, 995, 1046, 'referral', 5, 'addiction', 1678959533),
(209, 1046, 1046, 'register', 5, 'addiction', 1678959533),
(210, 995, NULL, 'buy', 165, 'addiction', 1678961006),
(211, 930, NULL, 'buy', 198, 'addiction', 1678961218),
(212, 979, NULL, 'buy', 165, 'addiction', 1678961652),
(213, 1045, 21, 'badge', 5, 'addiction', 1679088389),
(214, 1045, NULL, 'buy', 165, 'addiction', 1679088431),
(215, 995, 42, 'review_courses', 15, 'addiction', 1679093427),
(216, 995, NULL, 'buy', 165, 'addiction', 1685783051),
(217, 930, NULL, 'buy', 165, 'addiction', 1685783153),
(218, 1046, 22, 'badge', 10, 'addiction', 1694849360),
(219, 1015, 1998, 'create_classes', 50, 'addiction', 1694966085);

INSERT INTO `cschool`.`roles` (`id`, `name`, `caption`, `users_count`, `is_admin`, `created_at`) VALUES 
(1, 'user', 'Student role', 0, 0, 1604418504),
(2, 'admin', 'Admin role', 0, 1, 1604418504),
(3, 'organization', 'Organization role', 0, 0, 1604418504),
(4, 'teacher', 'Instructor role', 0, 0, 1604418504),
(6, 'education', 'AFAQ LEO', 0, 1, 1613370817),
(9, 'AFAQ_Admin', 'AFAQ_Admin', 0, 1, 1728223446),
(11, 'parent', 'Parent', 0, 0, 1745304248);

INSERT INTO `cschool`.`sales` (`id`, `seller_id`, `buyer_id`, `order_id`, `webinar_id`, `bundle_id`, `meeting_id`, `meeting_time_id`, `subscribe_id`, `ticket_id`, `promotion_id`, `product_order_id`, `registration_package_id`, `installment_payment_id`, `gift_id`, `payment_method`, `type`, `amount`, `tax`, `commission`, `discount`, `total_amount`, `product_delivery_fee`, `manual_added`, `access_to_purchased_item`, `created_at`, `refund_at`) VALUES 
(141, 1015, 996, 307, NULL, NULL, 30, NULL, NULL, NULL, NULL, NULL, NULL, NULL, NULL, 'credit', 'meeting', 150.00, 15.00, 30.00, 0.00, 165.00, NULL, 0, 1, 1625944345, NULL),
(142, 934, 995, 308, NULL, NULL, 31, NULL, NULL, NULL, NULL, NULL, NULL, NULL, NULL, 'credit', 'meeting', 100.00, 10.00, 20.00, 0.00, 110.00, NULL, 0, 1, 1625952627, NULL),
(143, 4, 995, 309, 2005, NULL, NULL, NULL, NULL, NULL, NULL, NULL, NULL, NULL, NULL, 'credit', 'webinar', 10.00, 1.00, 2.00, 0.00, 11.00, NULL, 0, 1, 1625953196, NULL),
(144, 1015, 995, 310, NULL, NULL, 30, NULL, NULL, NULL, NULL, NULL, NULL, NULL, NULL, 'credit', 'meeting', 125.00, 12.50, 25.00, 0.00, 137.50, NULL, 0, 1, 1625996812, NULL),
(145, 1016, 995, NULL, 1995, NULL, NULL, NULL, NULL, NULL, NULL, NULL, NULL, NULL, NULL, 'credit', 'webinar', 0.00, NULL, NULL, NULL, NULL, NULL, 0, 1, 1625996905, NULL),
(146, 929, 995, 311, 1999, NULL, NULL, NULL, NULL, NULL, NULL, NULL, NULL, NULL, NULL, 'credit', 'webinar', 50.00, 5.00, 5.00, 0.00, 55.00, NULL, 0, 1, 1625996941, NULL),
(147, 1015, 995, 312, 1998, NULL, NULL, NULL, NULL, NULL, NULL, NULL, NULL, NULL, NULL, 'credit', 'webinar', 100.00, 5.00, 10.00, 50.00, 55.00, NULL, 0, 1, 1625996978, NULL),
(148, 3, 995, 313, 2001, NULL, NULL, NULL, NULL, NULL, NULL, NULL, NULL, NULL, NULL, 'credit', 'webinar', 20.00, 1.60, 1.60, 4.00, 17.60, NULL, 0, 1, 1625997104, NULL),
(149, 1015, 996, NULL, 1996, NULL, NULL, NULL, NULL, NULL, NULL, NULL, NULL, NULL, NULL, 'credit', 'webinar', 0.00, NULL, NULL, NULL, NULL, NULL, 0, 1, 1626060382, NULL),
(150, 934, 996, NULL, 1997, NULL, NULL, NULL, NULL, NULL, NULL, NULL, NULL, NULL, NULL, 'credit', 'webinar', 0.00, NULL, NULL, NULL, NULL, NULL, 0, 1, 1626060412, NULL),
(151, 867, 996, 314, 2006, NULL, NULL, NULL, NULL, NULL, NULL, NULL, NULL, NULL, NULL, 'credit', 'webinar', 25.00, 2.25, 4.50, 2.50, 24.75, NULL, 0, 1, 1626060487, NULL),
(152, 1015, 996, 315, 1998, NULL, NULL, NULL, NULL, NULL, NULL, NULL, NULL, NULL, NULL, 'credit', 'webinar', 100.00, 4.00, 8.00, 60.00, 44.00, NULL, 0, 1, 1626060552, NULL),
(153, 1015, 979, NULL, 1996, NULL, NULL, NULL, NULL, NULL, NULL, NULL, NULL, NULL, NULL, 'credit', 'webinar', 0.00, NULL, NULL, NULL, NULL, NULL, 0, 1, 1626060740, NULL),
(154, 1015, 930, NULL, 1996, NULL, NULL, NULL, NULL, NULL, NULL, NULL, NULL, NULL, NULL, 'credit', 'webinar', 0.00, NULL, NULL, NULL, NULL, NULL, 0, 1, 1626060773, NULL),
(155, 1015, 930, 316, 1998, NULL, NULL, NULL, NULL, NULL, NULL, NULL, NULL, NULL, NULL, 'credit', 'webinar', 100.00, 5.00, 10.00, 50.00, 55.00, NULL, 0, 1, 1626060835, NULL),
(156, 929, 979, 317, 2004, NULL, NULL, NULL, NULL, NULL, NULL, NULL, NULL, NULL, NULL, 'credit', 'webinar', 60.00, 6.00, 6.00, 0.00, 66.00, NULL, 0, 1, 1626061332, NULL),
(157, 863, 979, 318, 2002, NULL, NULL, NULL, NULL, NULL, NULL, NULL, NULL, NULL, NULL, 'credit', 'webinar', 20.00, 2.00, 4.00, 0.00, 22.00, NULL, 0, 1, 1626061373, NULL),
(158, 867, 979, 318, 2000, NULL, NULL, NULL, NULL, NULL, NULL, NULL, NULL, NULL, NULL, 'credit', 'webinar', 30.00, 3.00, 6.00, 0.00, 33.00, NULL, 0, 1, 1626061374, NULL),
(159, NULL, 995, 319, NULL, NULL, NULL, NULL, 3, NULL, NULL, NULL, NULL, NULL, NULL, 'credit', 'subscribe', 20.00, 2.00, 0.00, NULL, 22.00, NULL, 0, 1, 1626061450, NULL),
(160, 867, 995, NULL, 2006, NULL, NULL, NULL, NULL, NULL, NULL, NULL, NULL, NULL, NULL, 'subscribe', 'webinar', 0.00, NULL, NULL, NULL, 0.00, NULL, 0, 1, 1626061483, NULL),
(161, 929, 995, NULL, 2004, NULL, NULL, NULL, NULL, NULL, NULL, NULL, NULL, NULL, NULL, 'subscribe', 'webinar', 0.00, NULL, NULL, NULL, 0.00, NULL, 0, 0, 1626061490, NULL),
(162, 863, 995, NULL, 2002, NULL, NULL, NULL, NULL, NULL, NULL, NULL, NULL, NULL, NULL, 'subscribe', 'webinar', 0.00, NULL, NULL, NULL, 0.00, NULL, 0, 1, 1626061494, NULL),
(163, 1015, 995, NULL, 1996, NULL, NULL, NULL, NULL, NULL, NULL, NULL, NULL, NULL, NULL, 'credit', 'webinar', 0.00, NULL, NULL, NULL, NULL, NULL, 0, 1, 1626062834, NULL),
(164, 1016, 996, NULL, 1995, NULL, NULL, NULL, NULL, NULL, NULL, NULL, NULL, NULL, NULL, 'credit', 'webinar', 0.00, NULL, NULL, NULL, NULL, NULL, 0, 1, 1626129811, NULL),
(165, 1016, 1015, NULL, 1995, NULL, NULL, NULL, NULL, NULL, NULL, NULL, NULL, NULL, NULL, 'credit', 'webinar', 0.00, NULL, NULL, NULL, NULL, NULL, 0, 1, 1626132407, NULL),
(166, 863, 1015, 321, 2002, NULL, NULL, NULL, NULL, NULL, NULL, NULL, NULL, NULL, NULL, 'credit', 'webinar', 20.00, 1.60, 3.20, 4.00, 17.60, NULL, 0, 1, 1626132844, NULL),
(167, NULL, 929, 323, 2004, NULL, NULL, NULL, NULL, NULL, 3, NULL, NULL, NULL, NULL, 'credit', 'promotion', 50.00, 5.00, 0.00, NULL, 55.00, NULL, 0, 1, 1626241152, NULL),
(168, 864, 929, 324, 2003, NULL, NULL, NULL, NULL, NULL, NULL, NULL, NULL, NULL, NULL, 'credit', 'webinar', 40.00, 3.00, 6.00, 10.00, 33.00, NULL, 0, 1, 1626241212, NULL),
(169, 1015, 929, NULL, 1996, NULL, NULL, NULL, NULL, NULL, NULL, NULL, NULL, NULL, NULL, 'credit', 'webinar', 0.00, NULL, NULL, NULL, NULL, NULL, 0, 1, 1626243340, NULL),
(170, 870, 995, 325, NULL, NULL, 33, NULL, NULL, NULL, NULL, NULL, NULL, NULL, NULL, 'credit', 'meeting', 100.00, 10.00, 20.00, 0.00, 110.00, NULL, 0, 1, 1626247195, 1626247245),
(171, 867, 996, 327, 2000, NULL, NULL, NULL, NULL, NULL, NULL, NULL, NULL, NULL, NULL, 'credit', 'webinar', 30.00, 2.70, 5.40, 3.00, 29.70, NULL, 0, 1, 1626508956, NULL),
(172, 867, 995, NULL, 2007, NULL, NULL, NULL, NULL, NULL, NULL, NULL, NULL, NULL, NULL, 'credit', 'webinar', 0.00, NULL, NULL, NULL, 0.00, NULL, 0, 1, 1635408189, NULL),
(173, 867, 929, 328, 2000, NULL, NULL, NULL, NULL, NULL, NULL, NULL, NULL, NULL, NULL, 'credit', 'webinar', 30.00, 3.00, 6.00, 0.00, 33.00, NULL, 0, 1, 1635412196, NULL),
(174, 867, 1017, 330, 2000, NULL, NULL, NULL, NULL, NULL, NULL, NULL, NULL, NULL, NULL, 'credit', 'webinar', 30.00, 3.00, 6.00, 0.00, 33.00, NULL, 0, 1, 1639379284, NULL),
(175, 1016, 1017, NULL, 1995, NULL, NULL, NULL, NULL, NULL, NULL, NULL, NULL, NULL, NULL, 'credit', 'webinar', 0.00, NULL, NULL, NULL, 0.00, NULL, 0, 1, 1639379336, NULL),
(176, 1015, 1017, 331, 1998, NULL, NULL, NULL, NULL, NULL, NULL, NULL, NULL, NULL, NULL, 'credit', 'webinar', 100.00, 10.00, 20.00, 0.00, 110.00, NULL, 0, 1, 1639379350, NULL),
(177, 864, 1017, 332, 2003, NULL, NULL, NULL, NULL, NULL, NULL, NULL, NULL, NULL, NULL, 'credit', 'webinar', 40.00, 3.00, 6.00, 10.00, 33.00, NULL, 0, 1, 1639379388, NULL),
(178, 1015, 995, NULL, 2008, NULL, NULL, NULL, NULL, NULL, NULL, NULL, NULL, NULL, NULL, 'credit', 'webinar', 0.00, NULL, NULL, NULL, 0.00, NULL, 0, 1, 1646127212, NULL),
(179, 1015, 995, 333, 2009, NULL, NULL, NULL, NULL, NULL, NULL, NULL, NULL, NULL, NULL, 'credit', 'webinar', 10.00, 1.00, 2.00, 0.00, 11.00, NULL, 0, 1, 1646172086, NULL),
(180, 1015, 996, 334, 2009, NULL, NULL, NULL, NULL, NULL, NULL, NULL, NULL, NULL, NULL, 'credit', 'webinar', 10.00, 0.90, 1.80, 1.00, 9.90, NULL, 0, 1, 1646172123, NULL),
(181, 1015, 979, 335, 2009, NULL, NULL, NULL, NULL, NULL, NULL, NULL, NULL, NULL, NULL, 'credit', 'webinar', 10.00, 1.00, 2.00, 0.00, 11.00, NULL, 0, 1, 1646172159, NULL),
(182, 1015, 929, 336, 2009, NULL, NULL, NULL, NULL, NULL, NULL, NULL, NULL, NULL, NULL, 'credit', 'webinar', 10.00, 1.00, 2.00, 0.00, 11.00, NULL, 0, 1, 1646172296, NULL),
(183, 1015, 996, NULL, 2008, NULL, NULL, NULL, NULL, NULL, NULL, NULL, NULL, NULL, NULL, 'credit', 'webinar', 0.00, NULL, NULL, NULL, 0.00, NULL, 0, 1, 1646174000, NULL),
(184, 1015, 1017, NULL, 2008, NULL, NULL, NULL, NULL, NULL, NULL, NULL, NULL, NULL, NULL, 'credit', 'webinar', 0.00, NULL, NULL, NULL, 0.00, NULL, 0, 1, 1646174029, NULL),
(185, 1015, 1016, NULL, 2008, NULL, NULL, NULL, NULL, NULL, NULL, NULL, NULL, NULL, NULL, 'credit', 'webinar', 0.00, NULL, NULL, NULL, 0.00, NULL, 0, 1, 1646326504, NULL),
(186, 1015, 995, 337, NULL, NULL, 30, NULL, NULL, NULL, NULL, NULL, NULL, NULL, NULL, 'credit', 'meeting', 750.00, 75.00, 150.00, 0.00, 825.00, NULL, 0, 1, 1646379288, NULL),
(187, NULL, 930, 339, NULL, NULL, NULL, NULL, NULL, NULL, NULL, NULL, 2, NULL, NULL, 'credit', 'registration_package', 199.00, 19.90, 0.00, NULL, 218.90, NULL, 0, 1, 1646386787, NULL),
(188, NULL, 859, 340, NULL, NULL, NULL, NULL, NULL, NULL, NULL, NULL, 4, NULL, NULL, 'credit', 'registration_package', 200.00, 20.00, 0.00, NULL, 220.00, NULL, 0, 1, 1646387655, NULL),
(189, 929, 995, NULL, 2010, NULL, NULL, NULL, NULL, NULL, NULL, NULL, NULL, NULL, NULL, 'credit', 'webinar', 0.00, NULL, NULL, NULL, 0.00, NULL, 0, 1, 1655872666, NULL),
(190, 929, 996, NULL, 2010, NULL, NULL, NULL, NULL, NULL, NULL, NULL, NULL, NULL, NULL, 'credit', 'webinar', 0.00, NULL, NULL, NULL, 0.00, NULL, 0, 1, 1655875500, NULL),
(191, 929, 930, NULL, 2010, NULL, NULL, NULL, NULL, NULL, NULL, NULL, NULL, NULL, NULL, 'credit', 'webinar', 0.00, NULL, NULL, NULL, 0.00, NULL, 0, 1, 1655877104, NULL),
(192, 1015, 930, 341, NULL, 1, NULL, NULL, NULL, NULL, NULL, NULL, NULL, NULL, NULL, 'credit', 'bundle', 50.00, 5.00, 10.00, 0.00, 55.00, 0.00, 0, 1, 1656083262, NULL),
(193, 1016, 995, 342, NULL, NULL, NULL, NULL, NULL, NULL, NULL, 1, NULL, NULL, NULL, 'credit', 'product', 5.00, 0.25, 1.00, 0.00, 5.25, 0.00, 0, 1, 1656103844, NULL),
(194, 1015, 923, 343, NULL, NULL, NULL, NULL, NULL, NULL, NULL, 2, NULL, NULL, NULL, 'credit', 'product', 25.00, 1.25, 2.50, 0.00, 31.25, 5.00, 0, 1, 1656104131, NULL),
(195, 864, 996, 344, 2003, NULL, NULL, NULL, NULL, NULL, NULL, NULL, NULL, NULL, NULL, 'credit', 'webinar', 40.00, 3.60, 7.20, 4.00, 39.60, 0.00, 0, 1, 1656130481, NULL),
(196, 934, 930, 345, NULL, NULL, NULL, NULL, NULL, NULL, NULL, 3, NULL, NULL, NULL, 'credit', 'product', 290.00, 14.50, 29.00, 0.00, 314.50, 10.00, 0, 1, 1656130707, NULL),
(197, 1015, 996, 346, NULL, NULL, NULL, NULL, NULL, NULL, NULL, 4, NULL, NULL, NULL, 'credit', 'product', 75.00, 3.75, 15.00, 0.00, 78.75, 0.00, 0, 1, 1656130963, NULL),
(198, 934, 979, 347, NULL, 2, NULL, NULL, NULL, NULL, NULL, NULL, NULL, NULL, NULL, 'credit', 'bundle', 8.00, 0.80, 1.60, 0.00, 8.80, 0.00, 0, 1, 1656139703, NULL),
(199, 929, 979, 347, NULL, 3, NULL, NULL, NULL, NULL, NULL, NULL, NULL, NULL, NULL, 'credit', 'bundle', 25.00, 2.50, 5.00, 0.00, 27.50, 0.00, 0, 1, 1656139705, NULL),
(200, 1015, 1017, 348, NULL, NULL, NULL, NULL, NULL, NULL, NULL, 5, NULL, NULL, NULL, 'credit', 'product', 25.00, 1.00, 2.00, 5.00, 26.00, 5.00, 0, 1, 1656148574, NULL),
(201, 1015, 995, 350, NULL, NULL, NULL, NULL, NULL, NULL, NULL, 6, NULL, NULL, NULL, 'credit', 'product', 50.00, 2.25, 4.50, 5.00, 52.25, 5.00, 0, 1, 1656148838, NULL),
(202, 1, 995, 351, NULL, NULL, NULL, NULL, NULL, NULL, NULL, 7, NULL, NULL, NULL, 'credit', 'product', 20.00, 1.00, 4.00, 4.00, 17.00, 0.00, 0, 1, 1656322658, NULL),
(269, 929, 979, 696, NULL, NULL, NULL, NULL, NULL, NULL, NULL, NULL, NULL, NULL, 6, 'credit', 'gift', 60.00, 3.60, 3.60, 24.00, 39.60, 0.00, 0, 1, 1678919437, NULL),
(276, 870, 1045, 703, 2022, NULL, NULL, NULL, NULL, NULL, NULL, NULL, NULL, NULL, NULL, 'credit', 'webinar', 100.00, 10.00, 20.00, 0.00, 110.00, 0.00, 0, 1, 1678959222, NULL),
(278, 929, 930, 705, 2004, NULL, NULL, NULL, NULL, NULL, NULL, NULL, NULL, NULL, NULL, 'credit', 'webinar', 60.00, 3.60, 3.60, 24.00, 39.60, 0.00, 0, 1, 1678961218, NULL),
(280, 867, 1045, 707, 2000, NULL, NULL, NULL, NULL, NULL, NULL, NULL, NULL, NULL, NULL, 'credit', 'webinar', 30.00, 3.00, 6.00, 0.00, 33.00, 0.00, 0, 1, 1679088431, NULL),
(283, NULL, 859, 710, NULL, NULL, NULL, NULL, 4, NULL, NULL, NULL, NULL, NULL, NULL, 'credit', 'subscribe', 100.00, 10.00, 0.00, NULL, 110.00, NULL, 0, 1, 1728315228, NULL),
(284, 1016, 996, NULL, 2033, NULL, NULL, NULL, NULL, NULL, NULL, NULL, NULL, NULL, NULL, 'credit', 'webinar', 0.00, NULL, NULL, NULL, 0.00, NULL, 1, 1, 1728378322, NULL),
(285, 867, 996, NULL, 2007, NULL, NULL, NULL, NULL, NULL, NULL, NULL, NULL, NULL, NULL, 'credit', 'webinar', 0.00, NULL, NULL, NULL, 0.00, NULL, 0, 1, 1728814355, NULL),
(287, 934, 1016, NULL, 1997, NULL, NULL, NULL, NULL, NULL, NULL, NULL, NULL, NULL, NULL, 'credit', 'webinar', 0.00, NULL, NULL, NULL, 0.00, NULL, 1, 1, 1729338004, NULL),
(288, 929, 996, NULL, 2010, NULL, NULL, NULL, NULL, NULL, NULL, NULL, NULL, NULL, NULL, 'credit', 'webinar', 0.00, NULL, NULL, NULL, 0.00, NULL, 0, 1, 1729341618, NULL),
(289, 1016, 1050, NULL, 2049, NULL, NULL, NULL, NULL, NULL, NULL, NULL, NULL, NULL, NULL, 'credit', 'webinar', 0.00, NULL, NULL, NULL, 0.00, NULL, 0, 1, 1729664550, NULL),
(290, 1016, 1052, NULL, 2050, NULL, NULL, NULL, NULL, NULL, NULL, NULL, NULL, NULL, NULL, 'credit', 'webinar', 0.00, NULL, NULL, NULL, 0.00, NULL, 0, 1, 1729755261, NULL);

INSERT INTO `cschool`.`sales_log` (`id`, `sale_id`, `viewed_at`) VALUES 
(1, 173, 1635412221),
(2, 172, 1635412222),
(3, 171, 1635412222),
(4, 170, 1635412222),
(5, 169, 1635412222),
(6, 168, 1635412222),
(7, 167, 1635412222),
(8, 166, 1635412222),
(9, 165, 1635412222),
(10, 164, 1635412222),
(11, 163, 1635412231),
(12, 162, 1635412231),
(13, 161, 1635412231),
(14, 160, 1635412231),
(15, 159, 1635412231),
(16, 158, 1635412231),
(17, 157, 1635412231),
(18, 156, 1635412231),
(19, 155, 1635412231),
(20, 154, 1635412231),
(21, 153, 1635412234),
(22, 152, 1635412234),
(23, 151, 1635412234),
(24, 150, 1635412234),
(25, 149, 1635412234),
(26, 148, 1635412234),
(27, 147, 1635412234),
(28, 146, 1635412234),
(29, 145, 1635412234),
(30, 144, 1635412234),
(31, 143, 1635412235),
(32, 142, 1635412235),
(33, 141, 1635412235),
(34, 184, 1646260033),
(35, 183, 1646260033),
(36, 182, 1646260033),
(37, 181, 1646260033),
(38, 180, 1646260033),
(39, 179, 1646260033),
(40, 178, 1646260033),
(41, 177, 1646260033),
(42, 176, 1646260033),
(43, 175, 1646260033),
(44, 191, 1655970525),
(45, 190, 1655970525),
(46, 189, 1655970525),
(47, 185, 1655970525),
(48, 195, 1656233676),
(126, 199, 1678864379),
(127, 198, 1678864379),
(128, 192, 1678864379),
(129, 188, 1678864379),
(130, 187, 1678864379),
(131, 186, 1678864379),
(132, 174, 1678864399),
(133, 269, 1678925651),
(135, 278, 1679088169),
(137, 276, 1679088169),
(138, 280, 1679090268),
(141, 284, 1728502784),
(142, 283, 1728502784),
(143, 285, 1729320846),
(145, 287, 1729339568),
(146, 290, 1734547472),
(147, 289, 1734547472),
(148, 288, 1734547472);

INSERT INTO `cschool`.`sections` (`id`, `name`, `section_group_id`, `caption`, `type`) VALUES 
(1, 'admin_general_dashboard', NULL, 'General Dashboard', 'admin'),
(2, 'admin_general_dashboard_show', 1, 'General Dashboard page', 'admin'),
(3, 'admin_general_dashboard_quick_access_links', 1, 'Quick access links in General Dashboard', 'admin'),
(4, 'admin_general_dashboard_daily_sales_statistics', 1, 'Daily Sales Type Statistics Section', 'admin'),
(5, 'admin_general_dashboard_income_statistics', 1, 'Income Statistics Section', 'admin'),
(6, 'admin_general_dashboard_total_sales_statistics', 1, 'Total Sales Statistics Section', 'admin'),
(7, 'admin_general_dashboard_new_sales', 1, 'New Sales Section', 'admin'),
(8, 'admin_general_dashboard_new_comments', 1, 'New Comments Section', 'admin'),
(9, 'admin_general_dashboard_new_tickets', 1, 'New Tickets Section', 'admin'),
(10, 'admin_general_dashboard_new_reviews', 1, 'New Reviews Section', 'admin'),
(11, 'admin_general_dashboard_sales_statistics_chart', 1, 'Sales Statistics Chart', 'admin'),
(12, 'admin_general_dashboard_recent_comments', 1, 'Recent comments Section', 'admin'),
(13, 'admin_general_dashboard_recent_tickets', 1, 'Recent tickets Section', 'admin'),
(14, 'admin_general_dashboard_recent_webinars', 1, 'Recent webinars Section', 'admin'),
(15, 'admin_general_dashboard_recent_courses', 1, 'Recent courses Section', 'admin'),
(16, 'admin_general_dashboard_users_statistics_chart', 1, 'Users Statistics Chart', 'admin'),
(17, 'admin_clear_cache', 1, 'Clear cache', 'admin'),
(25, 'admin_marketing_dashboard', NULL, 'Marketing Dashboard', 'admin'),
(26, 'admin_marketing_dashboard_show', 25, 'Marketing Dashboard page', 'admin'),
(50, 'admin_roles', NULL, 'Roles', 'admin'),
(51, 'admin_roles_list', 50, 'Roles List', 'admin'),
(52, 'admin_roles_create', 50, 'Roles Create', 'admin'),
(53, 'admin_roles_edit', 50, 'Roles Edit', 'admin'),
(54, 'admin_roles_delete', 50, 'Roles Delete', 'admin'),
(100, 'admin_users', NULL, 'Users', 'admin'),
(101, 'admin_staffs_list', 100, 'Staffs list', 'admin'),
(102, 'admin_users_list', 100, 'Students list', 'admin'),
(103, 'admin_instructors_list', 100, 'Instructors list', 'admin'),
(104, 'admin_organizations_list', 100, 'Organizations list', 'admin'),
(105, 'admin_users_create', 100, 'Users Create', 'admin'),
(106, 'admin_users_edit', 100, 'Users Edit', 'admin'),
(107, 'admin_users_delete', 100, 'Users Delete', 'admin'),
(108, 'admin_users_export_excel', 100, 'List Export excel', 'admin'),
(109, 'admin_users_badges', 100, 'Users Badges', 'admin'),
(110, 'admin_users_badges_edit', 100, 'Badges edit', 'admin'),
(111, 'admin_users_badges_delete', 100, 'Badges delete', 'admin'),
(112, 'admin_users_impersonate', 100, 'users impersonate (login by users)', 'admin'),
(113, 'admin_become_instructors_list', 100, 'Lists of requests for become instructors', 'admin'),
(114, 'admin_become_instructors_reject', 100, 'Reject requests for become instructors', 'admin'),
(115, 'admin_become_instructors_delete', 100, 'Delete requests for become instructors', 'admin'),
(116, 'admin_update_user_registration_package', 100, 'Edit user registration package', 'admin'),
(117, 'admin_update_user_meeting_settings', 100, 'Edit user meeting settings', 'admin'),
(118, 'admin_update_user_role_in_edit_page', 100, 'Update User role in edit page', 'admin'),
(150, 'admin_webinars', NULL, 'Webinars', 'admin'),
(151, 'admin_webinars_list', 150, 'Webinars List', 'admin'),
(152, 'admin_webinars_create', 150, 'Webinars Create', 'admin'),
(153, 'admin_webinars_edit', 150, 'Webinars Edit', 'admin'),
(154, 'admin_webinars_delete', 150, 'Webinars Delete', 'admin'),
(155, 'admin_webinars_export_excel', 150, 'Export excel webinars list', 'admin'),
(156, 'admin_feature_webinars', 150, 'Feature webinars list', 'admin'),
(157, 'admin_feature_webinars_create', 150, 'create feature webinar', 'admin'),
(158, 'admin_feature_webinars_export_excel', 150, 'Feature webinar export excel', 'admin'),
(159, 'admin_webinar_students_lists', 150, 'Webinar students Lists', 'admin'),
(160, 'admin_webinar_students_delete', 150, 'Webinar students delete', 'admin'),
(161, 'admin_webinar_notification_to_students', 150, 'Send notification to course students', 'admin'),
(162, 'admin_webinar_statistics', 150, 'Course statistics', 'admin'),
(163, 'admin_agora_history_list', 150, 'Agora history lists', 'admin'),
(164, 'admin_agora_history_export', 150, 'Agora history export', 'admin'),
(165, 'admin_course_question_forum_list', 150, 'Forum Question Lists', 'admin'),
(166, 'admin_course_question_forum_answers', 150, 'Forum Answers Lists', 'admin'),
(167, 'admin_course_personal_notes', 150, 'Course Personal Notes', 'admin'),
(200, 'admin_categories', NULL, 'Categories', 'admin'),
(201, 'admin_categories_list', 200, 'Categories List', 'admin'),
(202, 'admin_categories_create', 200, 'Categories Create', 'admin'),
(203, 'admin_categories_edit', 200, 'Categories Edit', 'admin'),
(204, 'admin_categories_delete', 200, 'Categories Delete', 'admin'),
(205, 'admin_trending_categories', 200, 'Trends Categories List', 'admin'),
(206, 'admin_create_trending_categories', 200, 'Create Trend Categories', 'admin'),
(207, 'admin_edit_trending_categories', 200, 'Edit Trend Categories', 'admin'),
(208, 'admin_delete_trending_categories', 200, 'Delete Trend Categories', 'admin'),
(250, 'admin_tags', NULL, 'Tags', 'admin'),
(251, 'admin_tags_list', 250, 'Tags List', 'admin'),
(252, 'admin_tags_create', 250, 'Tags Create', 'admin'),
(253, 'admin_tags_edit', 250, 'Tags Edit', 'admin'),
(254, 'admin_tags_delete', 250, 'Tags Delete', 'admin'),
(300, 'admin_filters', NULL, 'Filters', 'admin'),
(301, 'admin_filters_list', 300, 'Filters List', 'admin'),
(302, 'admin_filters_create', 300, 'Filters Create', 'admin'),
(303, 'admin_filters_edit', 300, 'Filters Edit', 'admin'),
(304, 'admin_filters_delete', 300, 'Filters Delete', 'admin'),
(350, 'admin_quizzes', NULL, 'Quizzes', 'admin'),
(351, 'admin_quizzes_list', 350, 'Quizzes List', 'admin'),
(352, 'admin_quizzes_create', 350, 'Create Quiz', 'admin'),
(353, 'admin_quizzes_edit', 350, 'Edit Quiz', 'admin'),
(354, 'admin_quizzes_delete', 350, 'Delete Quiz', 'admin'),
(355, 'admin_quizzes_results', 350, 'Quizzes results', 'admin'),
(356, 'admin_quizzes_results_delete', 350, 'Quizzes results delete', 'admin'),
(357, 'admin_quizzes_lists_excel', 350, 'Quizzes export excel', 'admin'),
(400, 'admin_quiz_result', NULL, 'Quiz Result', 'admin'),
(401, 'admin_quiz_result_list', 400, 'Quiz Result List', 'admin'),
(402, 'admin_quiz_result_create', 400, 'Quiz Result Create', 'admin'),
(403, 'admin_quiz_result_edit', 400, 'Quiz Result Edit', 'admin'),
(404, 'admin_quiz_result_delete', 400, 'Quiz Result Delete', 'admin'),
(405, 'admin_quiz_result_export_excel', 400, 'quiz result export excel', 'admin'),
(450, 'admin_certificate', NULL, 'Certificate', 'admin'),
(451, 'admin_certificate_list', 450, 'Certificate List', 'admin'),
(452, 'admin_certificate_create', 450, 'Certificate Create', 'admin'),
(453, 'admin_certificate_edit', 450, 'Certificate Edit', 'admin'),
(454, 'admin_certificate_delete', 450, 'Certificate Delete', 'admin'),
(455, 'admin_certificate_template_list', 450, 'Certificate template lists', 'admin'),
(456, 'admin_certificate_template_create', 450, 'Certificate template create', 'admin'),
(457, 'admin_certificate_template_edit', 450, 'Certificate template edit', 'admin'),
(458, 'admin_certificate_template_delete', 450, 'Certificate template delete', 'admin'),
(459, 'admin_certificate_export_excel', 450, 'Certificates export excel', 'admin'),
(460, 'admin_course_certificate_list', 450, 'Course Competition Certificates', 'admin'),
(461, 'admin_certificate_settings', 450, 'Settings', 'admin'),
(500, 'admin_discount_codes', NULL, 'Discount codes', 'admin'),
(501, 'admin_discount_codes_list', 500, 'Discount codes list', 'admin'),
(502, 'admin_discount_codes_create', 500, 'Discount codes create', 'admin'),
(503, 'admin_discount_codes_edit', 500, 'Discount codes edit', 'admin'),
(504, 'admin_discount_codes_delete', 500, 'Discount codes delete', 'admin'),
(505, 'admin_discount_codes_export', 500, 'Discount codes export excel', 'admin'),
(550, 'admin_group', NULL, 'Groups', 'admin'),
(551, 'admin_group_list', 550, 'Groups List', 'admin'),
(552, 'admin_group_create', 550, 'Groups Create', 'admin'),
(553, 'admin_group_edit', 550, 'Groups Edit', 'admin'),
(554, 'admin_group_delete', 550, 'Groups Delete', 'admin'),
(555, 'admin_update_group_registration_package', 550, 'Update group registration package', 'admin'),
(600, 'admin_payment_channel', NULL, 'Payment Channels', 'admin'),
(601, 'admin_payment_channel_list', 600, 'Payment Channels List', 'admin'),
(602, 'admin_payment_channel_toggle_status', 600, 'active or inactive channel', 'admin'),
(603, 'admin_payment_channel_edit', 600, 'Payment Channels Edit', 'admin'),
(650, 'admin_settings', NULL, 'settings', 'admin'),
(651, 'admin_settings_general', 650, 'General settings', 'admin'),
(652, 'admin_settings_financial', 650, 'Financial settings', 'admin'),
(653, 'admin_settings_personalization', 650, 'Personalization settings', 'admin'),
(654, 'admin_settings_notifications', 650, 'Notifications settings', 'admin'),
(655, 'admin_settings_seo', 650, 'Seo settings', 'admin'),
(656, 'admin_settings_customization', 650, 'Customization settings', 'admin'),
(657, 'admin_settings_update_app', 650, 'Update App settings', 'admin'),
(658, 'admin_settings_home_sections', 650, 'Home sections settings', 'admin'),
(700, 'admin_blog', NULL, 'Blog', 'admin'),
(701, 'admin_blog_lists', 700, 'Blog lists', 'admin'),
(702, 'admin_blog_create', 700, 'Blog create', 'admin'),
(703, 'admin_blog_edit', 700, 'Blog edit', 'admin'),
(704, 'admin_blog_delete', 700, 'Blog delete', 'admin'),
(705, 'admin_blog_categories', 700, 'Blog categories list', 'admin'),
(706, 'admin_blog_categories_create', 700, 'Blog categories create', 'admin'),
(707, 'admin_blog_categories_edit', 700, 'Blog categories edit', 'admin'),
(708, 'admin_blog_categories_delete', 700, 'Blog categories delete', 'admin'),
(750, 'admin_sales', NULL, 'Sales', 'admin'),
(751, 'admin_sales_list', 750, 'Sales List', 'admin'),
(752, 'admin_sales_refund', 750, 'Sales Refund', 'admin'),
(753, 'admin_sales_invoice', 750, 'Sales invoice', 'admin'),
(754, 'admin_sales_export', 750, 'Sales Export Excel', 'admin'),
(800, 'admin_documents', NULL, 'Balances', 'admin'),
(801, 'admin_documents_list', 800, 'Balances List', 'admin'),
(802, 'admin_documents_create', 800, 'Balances Create', 'admin'),
(803, 'admin_documents_print', 800, 'Balances print', 'admin'),
(850, 'admin_payouts', NULL, 'Payout', 'admin'),
(851, 'admin_payouts_list', 850, 'Payout List', 'admin'),
(852, 'admin_payouts_reject', 850, 'Payout Reject', 'admin'),
(853, 'admin_payouts_payout', 850, 'Payout accept', 'admin'),
(854, 'admin_payouts_export_excel', 850, 'Payout export excel', 'admin'),
(900, 'admin_offline_payments', NULL, 'Offline Payments', 'admin'),
(901, 'admin_offline_payments_list', 900, 'Offline Payments List', 'admin'),
(902, 'admin_offline_payments_reject', 900, 'Offline Payments Reject', 'admin'),
(903, 'admin_offline_payments_approved', 900, 'Offline Payments Approved', 'admin'),
(904, 'admin_offline_payments_export_excel', 900, 'Offline Payments export excel', 'admin'),
(950, 'admin_supports', NULL, 'Supports', 'admin'),
(951, 'admin_supports_list', 950, 'Supports List', 'admin'),
(952, 'admin_support_send', 950, 'Send Support', 'admin'),
(953, 'admin_supports_reply', 950, 'Supports reply', 'admin'),
(954, 'admin_supports_delete', 950, 'Supports delete', 'admin'),
(955, 'admin_support_departments', 950, 'Support departments lists', 'admin'),
(956, 'admin_support_department_create', 950, 'Create support department', 'admin'),
(957, 'admin_support_departments_edit', 950, 'Edit support departments', 'admin'),
(958, 'admin_support_departments_delete', 950, 'Delete support department', 'admin'),
(959, 'admin_support_course_conversations', 950, 'Course conversations', 'admin'),
(1000, 'admin_subscribe', NULL, 'Subscribes', 'admin'),
(1001, 'admin_subscribe_list', 1000, 'Subscribes list', 'admin'),
(1002, 'admin_subscribe_create', 1000, 'Subscribes create', 'admin'),
(1003, 'admin_subscribe_edit', 1000, 'Subscribes edit', 'admin'),
(1004, 'admin_subscribe_delete', 1000, 'Subscribes delete', 'admin'),
(1050, 'admin_notifications', NULL, 'Notifications', 'admin'),
(1051, 'admin_notifications_list', 1050, 'Notifications list', 'admin'),
(1052, 'admin_notifications_send', 1050, 'Send Notifications', 'admin'),
(1053, 'admin_notifications_edit', 1050, 'Edit and details Notifications', 'admin'),
(1054, 'admin_notifications_delete', 1050, 'Delete Notifications', 'admin'),
(1055, 'admin_notifications_markAllRead', 1050, 'Mark All Read Notifications', 'admin'),
(1056, 'admin_notifications_templates', 1050, 'Notifications templates', 'admin'),
(1057, 'admin_notifications_template_create', 1050, 'Create notification template', 'admin'),
(1058, 'admin_notifications_template_edit', 1050, 'Edit notification template', 'admin'),
(1059, 'admin_notifications_template_delete', 1050, 'Delete notification template', 'admin'),
(1060, 'admin_notifications_posted_list', 1050, 'Notifications Posted list', 'admin'),
(1075, 'admin_noticeboards', NULL, 'Noticeboards', 'admin'),
(1076, 'admin_noticeboards_list', 1075, 'Noticeboards list', 'admin'),
(1077, 'admin_noticeboards_send', 1075, 'Send Noticeboards', 'admin'),
(1078, 'admin_noticeboards_edit', 1075, 'Edit Noticeboards', 'admin'),
(1079, 'admin_noticeboards_delete', 1075, 'Delete Noticeboards', 'admin'),
(1080, 'admin_course_noticeboards_list', 1075, 'Course Noticeboards list', 'admin'),
(1081, 'admin_course_noticeboards_send', 1075, 'Send Course Noticeboards', 'admin'),
(1082, 'admin_course_noticeboards_edit', 1075, 'Edit Course Noticeboards', 'admin'),
(1083, 'admin_course_noticeboards_delete', 1075, 'Delete Course Noticeboards', 'admin'),
(1100, 'admin_promotion', NULL, 'Promotions', 'admin'),
(1101, 'admin_promotion_list', 1100, 'Promotions list', 'admin'),
(1102, 'admin_promotion_create', 1100, 'Promotion create', 'admin'),
(1103, 'admin_promotion_edit', 1100, 'Promotion edit', 'admin'),
(1104, 'admin_promotion_delete', 1100, 'Promotion delete', 'admin'),
(1150, 'admin_testimonials', NULL, 'testimonials', 'admin'),
(1151, 'admin_testimonials_list', 1150, 'testimonials list', 'admin'),
(1152, 'admin_testimonials_create', 1150, 'testimonials create', 'admin'),
(1153, 'admin_testimonials_edit', 1150, 'testimonials edit', 'admin'),
(1154, 'admin_testimonials_delete', 1150, 'testimonials delete', 'admin'),
(1200, 'admin_advertising', NULL, 'advertising', 'admin'),
(1201, 'admin_advertising_banners', 1200, 'advertising banners list', 'admin'),
(1202, 'admin_advertising_banners_create', 1200, 'create advertising banner', 'admin'),
(1203, 'admin_advertising_banners_edit', 1200, 'edit advertising banner', 'admin'),
(1204, 'admin_advertising_banners_delete', 1200, 'delete advertising banner', 'admin'),
(1230, 'admin_newsletters', NULL, 'Newsletters', 'admin'),
(1231, 'admin_newsletters_lists', 1230, 'Newsletters lists', 'admin'),
(1232, 'admin_newsletters_send', 1230, 'Send Newsletters', 'admin'),
(1233, 'admin_newsletters_history', 1230, 'Newsletters histories', 'admin'),
(1234, 'admin_newsletters_delete', 1230, 'Delete newsletters item', 'admin'),
(1235, 'admin_newsletters_export_excel', 1230, 'Export excel newsletters item', 'admin'),
(1250, 'admin_contacts', NULL, 'Contacts', 'admin'),
(1251, 'admin_contacts_lists', 1250, 'Contacts lists', 'admin'),
(1252, 'admin_contacts_reply', 1250, 'Contacts reply', 'admin'),
(1253, 'admin_contacts_delete', 1250, 'Contacts delete', 'admin'),
(1300, 'admin_product_discount', NULL, 'product discount', 'admin'),
(1301, 'admin_product_discount_list', 1300, 'product discount list', 'admin'),
(1302, 'admin_product_discount_create', 1300, 'create product discount', 'admin'),
(1303, 'admin_product_discount_edit', 1300, 'edit product discount', 'admin'),
(1304, 'admin_product_discount_delete', 1300, 'delete product discount', 'admin'),
(1305, 'admin_product_discount_export', 1300, 'delete product export excel', 'admin'),
(1350, 'admin_pages', NULL, 'pages', 'admin'),
(1351, 'admin_pages_list', 1350, 'pages list', 'admin'),
(1352, 'admin_pages_create', 1350, 'pages create', 'admin'),
(1353, 'admin_pages_edit', 1350, 'pages edit', 'admin'),
(1354, 'admin_pages_toggle', 1350, 'pages toggle publish/draft', 'admin'),
(1355, 'admin_pages_delete', 1350, 'pages delete', 'admin'),
(1400, 'admin_comments', NULL, 'Comments', 'admin'),
(1401, 'admin_comments_edit', 1400, 'Comments edit', 'admin'),
(1402, 'admin_comments_reply', 1400, 'Comments reply', 'admin'),
(1403, 'admin_comments_delete', 1400, 'Comments delete', 'admin'),
(1404, 'admin_comments_status', 1400, 'Comments status (active or pending)', 'admin'),
(1405, 'admin_comments_reports', 1400, 'Reports', 'admin'),
(1406, 'admin_webinar_comments', 1400, 'Classes comments', 'admin'),
(1407, 'admin_blog_comments', 1400, 'Blog comments', 'admin'),
(1408, 'admin_product_comments', 1400, 'Product comments', 'admin'),
(1409, 'admin_bundle_comments', 1400, 'Bundle comments', 'admin'),
(1450, 'admin_reports', NULL, 'Reports', 'admin'),
(1451, 'admin_webinar_reports', 1450, 'Classes reports', 'admin'),
(1452, 'admin_webinar_comments_reports', 1450, 'Classes Comments reports', 'admin'),
(1453, 'admin_webinar_reports_delete', 1450, 'Classes reports delete', 'admin'),
(1454, 'admin_blog_comments_reports', 1450, 'Blog Comments reports', 'admin'),
(1455, 'admin_report_reasons', 1450, 'Reports reasons', 'admin'),
(1456, 'admin_product_comments_reports', 1450, 'Products Comments reports', 'admin'),
(1457, 'admin_forum_topic_post_reports', 1450, 'Forum Topic Posts Reports', 'admin'),
(1500, 'admin_additional_pages', NULL, 'Additional Pages', 'admin'),
(1501, 'admin_additional_pages_404', 1500, '404 error page settings', 'admin'),
(1502, 'admin_additional_pages_contact_us', 1500, 'Contact page settings', 'admin'),
(1503, 'admin_additional_pages_footer', 1500, 'Footer settings', 'admin'),
(1504, 'admin_additional_pages_navbar_links', 1500, 'Top Navbar links settings', 'admin'),
(1550, 'admin_appointments', NULL, 'Appointments', 'admin'),
(1551, 'admin_appointments_lists', 1550, 'Appointments lists', 'admin'),
(1552, 'admin_appointments_join', 1550, 'Appointments join', 'admin'),
(1553, 'admin_appointments_send_reminder', 1550, 'Appointments send reminder', 'admin'),
(1554, 'admin_appointments_cancel', 1550, 'Appointments cancel', 'admin'),
(1600, 'admin_reviews', NULL, 'Reviews', 'admin'),
(1601, 'admin_reviews_lists', 1600, 'Reviews lists', 'admin'),
(1602, 'admin_reviews_status_toggle', 1600, 'Reviews status toggle (publish or hidden)', 'admin'),
(1603, 'admin_reviews_detail_show', 1600, 'Review details page', 'admin'),
(1604, 'admin_reviews_reply', 1600, 'Review reply', 'admin'),
(1605, 'admin_reviews_delete', 1600, 'Review delete', 'admin'),
(1650, 'admin_consultants', NULL, 'Consultants', 'admin'),
(1651, 'admin_consultants_lists', 1650, 'Consultants lists', 'admin'),
(1652, 'admin_consultants_export_excel', 1650, 'Consultants export excel', 'admin'),
(1675, 'admin_referrals', NULL, 'Referrals', 'admin'),
(1676, 'admin_referrals_history', 1675, 'Referrals History', 'admin'),
(1677, 'admin_referrals_users', 1675, 'Referrals users', 'admin'),
(1678, 'admin_referrals_export', 1675, 'Export Referrals', 'admin'),
(1725, 'admin_regions', NULL, 'Regions', 'admin'),
(1726, 'admin_regions_countries', 1725, 'countries lists', 'admin'),
(1727, 'admin_regions_provinces', 1725, 'provinces lists', 'admin'),
(1728, 'admin_regions_cities', 1725, 'cities lists', 'admin'),
(1729, 'admin_regions_districts', 1725, 'districts lists', 'admin'),
(1730, 'admin_regions_create', 1725, 'create item', 'admin'),
(1731, 'admin_regions_edit', 1725, 'edit item', 'admin'),
(1732, 'admin_regions_delete', 1725, 'delete item', 'admin'),
(1750, 'admin_rewards', NULL, 'Rewards', 'admin'),
(1751, 'admin_rewards_history', 1750, 'Rewards history', 'admin'),
(1752, 'admin_rewards_settings', 1750, 'Rewards settings', 'admin'),
(1753, 'admin_rewards_items', 1750, 'Rewards items', 'admin'),
(1754, 'admin_rewards_item_delete', 1750, 'Reward item delete', 'admin'),
(1775, 'admin_registration_packages', NULL, 'Registration packages', 'admin'),
(1776, 'admin_registration_packages_lists', 1775, 'packages lists', 'admin'),
(1777, 'admin_registration_packages_new', 1775, 'New package', 'admin'),
(1778, 'admin_registration_packages_edit', 1775, 'Edit package', 'admin'),
(1779, 'admin_registration_packages_delete', 1775, 'Delete package', 'admin'),
(1780, 'admin_registration_packages_reports', 1775, 'Reports', 'admin'),
(1781, 'admin_registration_packages_settings', 1775, 'Settings', 'admin'),
(1800, 'admin_store', NULL, 'Store', 'admin'),
(1801, 'admin_store_products', 1800, 'Products lists', 'admin'),
(1802, 'admin_store_new_product', 1800, 'Create New Product', 'admin'),
(1803, 'admin_store_edit_product', 1800, 'Edit Product', 'admin'),
(1804, 'admin_store_delete_product', 1800, 'Delete Product', 'admin'),
(1805, 'admin_store_export_products', 1800, 'Export excel Products', 'admin'),
(1806, 'admin_store_categories_list', 1800, 'Store Categories Lists', 'admin'),
(1807, 'admin_store_categories_create', 1800, 'Create Store Category', 'admin'),
(1808, 'admin_store_categories_edit', 1800, 'Edit Store Category', 'admin'),
(1809, 'admin_store_categories_delete', 1800, 'Delete Store Category', 'admin'),
(1810, 'admin_store_filters_list', 1800, 'Store Filters Lists', 'admin'),
(1811, 'admin_store_filters_create', 1800, 'Create Store Filter', 'admin'),
(1812, 'admin_store_filters_edit', 1800, 'Edit Store Filter', 'admin'),
(1813, 'admin_store_filters_delete', 1800, 'Delete Store Filter', 'admin'),
(1814, 'admin_store_specifications', 1800, 'Store Specifications', 'admin'),
(1815, 'admin_store_specifications_create', 1800, 'Create New Store Specification', 'admin'),
(1816, 'admin_store_specifications_edit', 1800, 'Edit Store Specification', 'admin'),
(1817, 'admin_store_specifications_delete', 1800, 'Delete Store Specification', 'admin'),
(1818, 'admin_store_discounts', 1800, 'Store Discounts Lists', 'admin'),
(1819, 'admin_store_discounts_create', 1800, 'Create New Store discount', 'admin'),
(1820, 'admin_store_discounts_edit', 1800, 'Edit Store discount', 'admin'),
(1821, 'admin_store_discounts_delete', 1800, 'Delete Store discount', 'admin'),
(1822, 'admin_store_products_orders', 1800, 'Products Orders', 'admin'),
(1823, 'admin_store_products_orders_refund', 1800, 'Products Orders Refund', 'admin'),
(1824, 'admin_store_products_orders_invoice', 1800, 'Products Orders View Invoice', 'admin'),
(1825, 'admin_store_products_orders_export', 1800, 'Products Orders Export Excel', 'admin'),
(1826, 'admin_store_products_orders_tracking_code', 1800, 'Products Orders Tracking code', 'admin'),
(1827, 'admin_store_products_reviews', 1800, 'Reviews lists', 'admin'),
(1828, 'admin_store_products_reviews_status_toggle', 1800, 'Reviews status toggle (publish or hidden)', 'admin'),
(1829, 'admin_store_products_reviews_detail_show', 1800, 'Review details page', 'admin'),
(1830, 'admin_store_products_reviews_delete', 1800, 'Review delete', 'admin'),
(1831, 'admin_store_settings', 1800, 'Store settings', 'admin'),
(1832, 'admin_store_in_house_products', 1800, 'In-house products', 'admin'),
(1833, 'admin_store_in_house_orders', 1800, 'In-house Products Orders', 'admin'),
(1834, 'admin_store_products_sellers', 1800, 'Products Sellers', 'admin'),
(1835, 'admin_store_in_house_products_delete', 1800, 'In-house Products Delete', 'admin'),
(1836, 'admin_store_in_house_products_export', 1800, 'In-house Products Export Excel', 'admin'),
(1837, 'admin_store_in_house_orders', 1800, 'In-house Products Orders', 'admin'),
(1838, 'admin_store_products_sellers', 1800, 'Products Sellers', 'admin'),
(1850, 'admin_webinar_assignments', NULL, 'Webinar assignments', 'admin'),
(1851, 'admin_webinar_assignments_lists', 1850, 'Assignments lists', 'admin'),
(1852, 'admin_webinar_assignments_students', 1850, 'Assignment students', 'admin'),
(1853, 'admin_webinar_assignments_conversations', 1850, 'Assignment students conversations', 'admin'),
(1875, 'admin_users_not_access_content', NULL, 'Users do not have access to the content', 'admin'),
(1876, 'admin_users_not_access_content_lists', 1875, 'Users lists', 'admin'),
(1877, 'admin_users_not_access_content_toggle', 1875, 'Toggle active/inactive users to view content', 'admin'),
(1900, 'admin_bundles', NULL, 'Bundles', 'admin'),
(1901, 'admin_bundles_list', 1900, 'Bundles Lists', 'admin'),
(1902, 'admin_bundles_create', 1900, 'Create new Bundle', 'admin'),
(1903, 'admin_bundles_edit', 1900, 'Edit bundle', 'admin'),
(1904, 'admin_bundles_delete', 1900, 'Delete bundle', 'admin'),
(1905, 'admin_bundles_export_excel', 1900, 'Export excel', 'admin'),
(1925, 'admin_forum', NULL, 'Forums', 'admin'),
(1926, 'admin_forum_list', 1925, 'Forums Lists', 'admin'),
(1927, 'admin_forum_create', 1925, 'Forums create', 'admin'),
(1928, 'admin_forum_edit', 1925, 'Forums edit', 'admin'),
(1929, 'admin_forum_delete', 1925, 'Forums delete', 'admin'),
(1930, 'admin_forum_topics_lists', 1925, 'Forums topics lists', 'admin'),
(1931, 'admin_forum_topics_create', 1925, 'Forums topics create', 'admin'),
(1932, 'admin_forum_topics_delete', 1925, 'Forums topics delete', 'admin'),
(1933, 'admin_forum_topics_posts', 1925, 'Forums topic posts', 'admin'),
(1934, 'admin_forum_topics_create_posts', 1925, 'Forums topic store posts', 'admin'),
(1950, 'admin_featured_topics', NULL, 'Featured topics', 'admin'),
(1951, 'admin_featured_topics_list', 1950, 'Featured topics Lists', 'admin'),
(1952, 'admin_featured_topics_create', 1950, 'Featured topics create', 'admin'),
(1953, 'admin_featured_topics_edit', 1950, 'Featured topics edit', 'admin'),
(1954, 'admin_featured_topics_delete', 1950, 'Featured topics delete', 'admin'),
(1975, 'admin_recommended_topics', NULL, 'Recommended topics', 'admin'),
(1976, 'admin_recommended_topics_list', 1975, 'Recommended topics Lists', 'admin'),
(1977, 'admin_recommended_topics_create', 1975, 'Recommended topics create', 'admin'),
(1978, 'admin_recommended_topics_edit', 1975, 'Recommended topics edit', 'admin'),
(1979, 'admin_recommended_topics_delete', 1975, 'Recommended topics delete', 'admin'),
(2000, 'admin_advertising_modal', NULL, 'Advertising modal', 'admin'),
(2001, 'admin_advertising_modal_config', 2000, 'Set Advertising modal', 'admin'),
(2015, 'admin_enrollment', NULL, 'Enrollment', 'admin'),
(2016, 'admin_enrollment_history', 2015, 'Enrollment History', 'admin'),
(2017, 'admin_enrollment_add_student_to_items', 2015, 'Enrollment Add Student To Items', 'admin'),
(2018, 'admin_enrollment_block_access', 2015, 'Enrollment Block Access', 'admin'),
(2019, 'admin_enrollment_enable_access', 2015, 'Enrollment Enable Access', 'admin'),
(2020, 'admin_enrollment_export', 2015, 'Enrollment Export History', 'admin'),
(2021, 'admin_enrollment_export', 2015, 'Enrollment Export History', 'admin'),
(2030, 'admin_delete_account_requests', NULL, 'Delete Account Requests', 'admin'),
(2031, 'admin_delete_account_requests_lists', 2030, 'Delete Account Requests Lists', 'admin'),
(2032, 'admin_delete_account_requests_confirm', 2030, 'Delete Account Requests Confirm', 'admin'),
(2050, 'admin_upcoming_courses', NULL, 'Upcoming Course', 'admin'),
(2051, 'admin_upcoming_courses_list', 2050, 'Lists', 'admin'),
(2052, 'admin_upcoming_courses_create', 2050, 'Create', 'admin'),
(2053, 'admin_upcoming_courses_edit', 2050, 'Edit and Update', 'admin'),
(2054, 'admin_upcoming_courses_delete', 2050, 'Delete', 'admin'),
(2055, 'admin_upcoming_courses_followers', 2050, 'Followers', 'admin'),
(2070, 'admin_installments', NULL, 'Installments', 'admin'),
(2071, 'admin_installments_list', 2070, 'Lists', 'admin'),
(2072, 'admin_installments_create', 2070, 'Create', 'admin'),
(2073, 'admin_installments_edit', 2070, 'Edit and Update', 'admin'),
(2074, 'admin_installments_delete', 2070, 'Delete', 'admin'),
(2075, 'admin_installments_settings', 2070, 'Settings', 'admin'),
(2076, 'admin_installments_purchases', 2070, 'Purchases', 'admin'),
(2077, 'admin_installments_overdue_lists', 2070, 'Overdue Installments', 'admin'),
(2078, 'admin_installments_overdue_history', 2070, 'Overdue History', 'admin'),
(2079, 'admin_installments_verification_requests', 2070, 'Verification Requests', 'admin'),
(2080, 'admin_installments_verified_users', 2070, 'Verified Users', 'admin'),
(2081, 'admin_installments_orders', 2070, 'Approve/Reject/Refund Requests', 'admin'),
(2090, 'admin_registration_bonus', NULL, 'Registration Bonus', 'admin'),
(2091, 'admin_registration_bonus_history', 2090, 'History', 'admin'),
(2092, 'admin_registration_bonus_settings', 2090, 'Settings', 'admin'),
(2093, 'admin_registration_bonus_export_excel', 2090, 'Export Excel', 'admin'),
(3000, 'admin_floating_bar', NULL, 'Top/Bottom Floating Bar', 'admin'),
(3001, 'admin_floating_bar_create', 3000, 'Create/Edit', 'admin'),
(3010, 'admin_cashback', NULL, 'Cashback', 'admin'),
(3011, 'admin_cashback_rules', 3010, 'Rules', 'admin'),
(3012, 'admin_cashback_transactions', 3010, 'Transactions', 'admin'),
(3013, 'admin_cashback_history', 3010, 'History', 'admin'),
(3020, 'admin_waitlists', NULL, 'Waitlists', 'admin'),
(3021, 'admin_waitlists_lists', 3020, 'Lists', 'admin'),
(3022, 'admin_waitlists_users', 3020, 'Joined Users', 'admin'),
(3023, 'admin_waitlists_exports', 3020, 'Export excel lists', 'admin'),
(3024, 'admin_waitlists_clear_list', 3020, 'Clear lists', 'admin'),
(3025, 'admin_waitlists_disable', 3020, 'Disable', 'admin'),
(3030, 'admin_gift', NULL, 'Gifts', 'admin'),
(3031, 'admin_gift_history', 3030, 'History', 'admin'),
(3032, 'admin_gift_send_reminder', 3030, 'Send Reminder', 'admin'),
(3033, 'admin_gift_cancel', 3030, 'Cancel', 'admin'),
(3034, 'admin_gift_settings', 3030, 'Settings', 'admin'),
(3035, 'admin_gift_export', 3030, 'Export Excel', 'admin'),
(3040, 'admin_forms', NULL, 'Forms', 'admin'),
(3041, 'admin_forms_lists', 3040, 'Lists', 'admin'),
(3042, 'admin_forms_create', 3040, 'Create', 'admin'),
(3043, 'admin_forms_edit', 3040, 'Edit', 'admin'),
(3044, 'admin_forms_delete', 3040, 'Delete', 'admin'),
(3045, 'admin_forms_export', 3040, 'Export', 'admin'),
(3046, 'admin_forms_submissions', 3040, 'Submissions', 'admin'),
(3050, 'admin_ai_contents', NULL, 'AI Contents', 'admin'),
(3051, 'admin_ai_contents_lists', 3050, 'Generated Contents Lists', 'admin'),
(3052, 'admin_ai_contents_templates_lists', 3050, 'Template Lists', 'admin'),
(3053, 'admin_ai_contents_templates_create', 3050, 'Template Create', 'admin'),
(3054, 'admin_ai_contents_templates_edit', 3050, 'Template Edit', 'admin'),
(3055, 'admin_ai_contents_templates_delete', 3050, 'Template Delete', 'admin'),
(3056, 'admin_ai_contents_settings', 3050, 'Settings', 'admin'),
(3060, 'admin_purchase_notifications', NULL, 'Purchase Notifications', 'admin'),
(3061, 'admin_purchase_notifications_lists', 3060, 'Lists', 'admin'),
(3062, 'admin_purchase_notifications_create', 3060, 'Create', 'admin'),
(3063, 'admin_purchase_notifications_edit', 3060, 'Edit', 'admin'),
(3064, 'admin_purchase_notifications_delete', 3060, 'Delete', 'admin'),
(3070, 'admin_content_delete_requests', NULL, 'Content Delete Requests', 'admin'),
(3071, 'admin_content_delete_requests_lists', 3070, 'Lists', 'admin'),
(3072, 'admin_content_delete_requests_actions', 3070, 'Approve/Reject', 'admin'),
(3080, 'admin_user_login_history', NULL, 'User Login History', 'admin'),
(3081, 'admin_user_login_history_lists', 3080, 'Lists', 'admin'),
(3082, 'admin_user_login_history_delete', 3080, 'Delete', 'admin'),
(3083, 'admin_user_login_history_end_session', 3080, 'End Session', 'admin'),
(3084, 'admin_user_login_history_export', 3080, 'Export Excel', 'admin'),
(3090, 'admin_user_ip_restriction', NULL, 'User IP Restriction', 'admin'),
(3091, 'admin_user_ip_restriction_lists', 3090, 'Lists', 'admin'),
(3092, 'admin_user_ip_restriction_create', 3090, 'Create/Edit Restriction', 'admin'),
(3093, 'admin_user_ip_restriction_delete', 3090, 'Delete', 'admin'),
(3100, 'admin_product_badges', NULL, 'Product Badges', 'admin'),
(3101, 'admin_product_badges_lists', 3100, 'Lists', 'admin'),
(3102, 'admin_product_badges_create', 3100, 'Create', 'admin'),
(3103, 'admin_product_badges_edit', 3100, 'Edit', 'admin'),
(3104, 'admin_product_badges_delete', 3100, 'Delete', 'admin'),
(3110, 'admin_cart_discount', NULL, 'Cart Discount', 'admin'),
(3111, 'admin_cart_discount_controls', 3110, 'Controls', 'admin'),
(3120, 'admin_abandoned_cart', NULL, 'Abandoned Cart', 'admin'),
(3121, 'admin_abandoned_cart_rules', 3120, 'Rules (Create/Edit/Delete)', 'admin'),
(3122, 'admin_abandoned_cart_users', 3120, 'Users Cart', 'admin'),
(3123, 'admin_abandoned_cart_settings', 3120, 'Settings', 'admin'),
(3130, 'admin_translator', NULL, 'Translator', 'admin'),
(3131, 'admin_translator_actions', 3130, 'Actions (Create/Edit/Delete)', 'admin'),
(3200, 'admin_home_sections', NULL, 'New Home', 'admin'),
(3201, 'admin_new_home', 3200, 'New Home', 'admin'),
(3202, 'admin_new_home_hero', 3201, 'Hero Section', 'admin'),
(3203, 'admin_new_home_about', 3201, 'About Section', 'admin'),
(3204, 'admin_new_home_brands', 3201, 'Brands Section', 'admin'),
(3205, 'admin_new_home_funfacts', 3201, 'Fun Facts Section', 'admin'),
(3206, 'admin_new_home_services', 3201, 'Services Section', 'admin'),
(3207, 'admin_new_home_students', 3201, 'Students Section', 'admin'),
(3208, 'admin_new_home_pricing', 3201, 'Pricing Section', 'admin'),
(3209, 'admin_new_home_opportunity', 3201, 'Opportunity Section', 'admin'),
(3210, 'admin_home_opportunity', 3200, 'Opportunity Section', 'admin'),
(100001, 'panel_organization_instructors', NULL, 'Organization Instructors', 'panel'),
(100002, 'panel_organization_instructors_lists', 100001, 'Lists', 'panel'),
(100003, 'panel_organization_instructors_create', 100001, 'Create', 'panel'),
(100004, 'panel_organization_instructors_edit', 100001, 'Edit', 'panel'),
(100005, 'panel_organization_instructors_delete', 100001, 'Delete', 'panel'),
(100010, 'panel_organization_students', NULL, 'Organization Students', 'panel'),
(100011, 'panel_organization_students_lists', 100010, 'Lists', 'panel'),
(100012, 'panel_organization_students_create', 100010, 'Create', 'panel'),
(100013, 'panel_organization_students_edit', 100010, 'Edit', 'panel'),
(100014, 'panel_organization_students_delete', 100010, 'Delete', 'panel'),
(100020, 'panel_webinars', NULL, 'Webinars (Courses)', 'panel'),
(100021, 'panel_webinars_lists', 100020, 'Lists', 'panel'),
(100022, 'panel_webinars_create', 100020, 'Create/Edit', 'panel'),
(100023, 'panel_webinars_delete', 100020, 'Delete', 'panel'),
(100024, 'panel_webinars_learning_page', 100020, 'Learning Page', 'panel'),
(100025, 'panel_webinars_invited_lists', 100020, 'Invited Class Lists', 'panel'),
(100026, 'panel_webinars_organization_classes', 100020, 'My Organization classes', 'panel'),
(100027, 'panel_webinars_my_purchases', 100020, 'My Purchases', 'panel'),
(100028, 'panel_webinars_my_class_comments', 100020, 'My Class Comments', 'panel'),
(100029, 'panel_webinars_comments', 100020, 'My Comments', 'panel'),
(100030, 'panel_webinars_favorites', 100020, 'Favorites', 'panel'),
(100031, 'panel_webinars_personal_course_notes', 100020, 'Personal Course Notes', 'panel'),
(100032, 'panel_webinars_duplicate', 100020, 'Duplicate', 'panel'),
(100033, 'panel_webinars_export_students_list', 100020, 'Export Students List', 'panel'),
(100034, 'panel_webinars_invoice', 100020, 'Invoice', 'panel'),
(100035, 'panel_webinars_statistics', 100020, 'Statistics', 'panel'),
(100040, 'panel_upcoming_courses', NULL, 'Upcoming Courses', 'panel'),
(100041, 'panel_upcoming_courses_lists', 100040, 'Lists', 'panel'),
(100042, 'panel_upcoming_courses_create', 100040, 'Create/Edit', 'panel');

INSERT INTO `cschool`.`sections` (`id`, `name`, `section_group_id`, `caption`, `type`) VALUES 
(100043, 'panel_upcoming_courses_delete', 100040, 'Delete', 'panel'),
(100044, 'panel_upcoming_courses_followings', 100040, 'Followings', 'panel'),
(100045, 'panel_upcoming_courses_followers', 100040, 'Followers', 'panel'),
(100050, 'panel_bundles', NULL, 'Bundles', 'panel'),
(100051, 'panel_bundles_lists', 100050, 'Lists', 'panel'),
(100052, 'panel_bundles_create', 100050, 'Create/Edit', 'panel'),
(100053, 'panel_bundles_delete', 100050, 'Delete', 'panel'),
(100054, 'panel_bundles_export_students_list', 100050, 'Export Students List', 'panel'),
(100055, 'panel_bundles_courses', 100050, 'Courses', 'panel'),
(100060, 'panel_assignments', NULL, 'Assignments', 'panel'),
(100061, 'panel_assignments_lists', 100060, 'My Assignments Lists', 'panel'),
(100062, 'panel_assignments_my_courses_assignments', 100060, 'My Courses Assignments', 'panel'),
(100063, 'panel_assignments_students', 100060, 'Students Assignments', 'panel'),
(100070, 'panel_meetings', NULL, 'Meetings', 'panel'),
(100071, 'panel_meetings_my_reservation', 100070, 'My Reservation', 'panel'),
(100072, 'panel_meetings_requests', 100070, 'Requests', 'panel'),
(100073, 'panel_meetings_settings', 100070, 'Settings', 'panel'),
(100080, 'panel_quizzes', NULL, 'Quizzes', 'panel'),
(100081, 'panel_quizzes_lists', 100080, 'Lists', 'panel'),
(100082, 'panel_quizzes_create', 100080, 'Create/Edit', 'panel'),
(100083, 'panel_quizzes_delete', 100080, 'Delete', 'panel'),
(100084, 'panel_quizzes_results', 100080, 'Results', 'panel'),
(100085, 'panel_quizzes_my_results', 100080, 'My Results', 'panel'),
(100086, 'panel_quizzes_not_participated', 100080, 'Not Participated Lists', 'panel'),
(100090, 'panel_certificates', NULL, 'Certificates', 'panel'),
(100091, 'panel_certificates_lists', 100090, 'Lists', 'panel'),
(100092, 'panel_certificates_achievements', 100090, 'Achievements', 'panel'),
(100093, 'panel_certificates_course_certificates', 100090, 'Course Certificates', 'panel'),
(100100, 'panel_products', NULL, 'Products (Store)', 'panel'),
(100101, 'panel_products_lists', 100100, 'Lists', 'panel'),
(100102, 'panel_products_create', 100100, 'Create/Edit', 'panel'),
(100103, 'panel_products_delete', 100100, 'Delete', 'panel'),
(100104, 'panel_products_sales', 100100, 'Sales', 'panel'),
(100105, 'panel_products_purchases', 100100, 'Purchases', 'panel'),
(100106, 'panel_products_comments', 100100, 'Comments', 'panel'),
(100107, 'panel_products_my_comments', 100100, 'My Comments', 'panel'),
(100120, 'panel_financial', NULL, 'Financial', 'panel'),
(100121, 'panel_financial_sales_reports', 100120, 'Sales Reports', 'panel'),
(100122, 'panel_financial_summary', 100120, 'Summary', 'panel'),
(100123, 'panel_financial_payout', 100120, 'Payout', 'panel'),
(100124, 'panel_financial_charge_account', 100120, 'Charge Account', 'panel'),
(100125, 'panel_financial_subscribes', 100120, 'Subscribes', 'panel'),
(100126, 'panel_financial_registration_packages', 100120, 'Registration Packages', 'panel'),
(100127, 'panel_financial_installments', 100120, 'Installments', 'panel'),
(100140, 'panel_support', NULL, 'Support', 'panel'),
(100141, 'panel_support_lists', 100140, 'Lists', 'panel'),
(100142, 'panel_support_create', 100140, 'Create', 'panel'),
(100143, 'panel_support_tickets', 100140, 'Tickets', 'panel'),
(100160, 'panel_marketing', NULL, 'Marketing', 'panel'),
(100161, 'panel_marketing_special_offers', 100160, 'Special Offers', 'panel'),
(100162, 'panel_marketing_promotions', 100160, 'Promotions', 'panel'),
(100163, 'panel_marketing_affiliates', 100160, 'Affiliates', 'panel'),
(100164, 'panel_marketing_registration_bonus', 100160, 'Registration Bonus', 'panel'),
(100165, 'panel_marketing_coupons', 100160, 'Coupons', 'panel'),
(100166, 'panel_marketing_new_coupon', 100160, 'Create Coupons', 'panel'),
(100167, 'panel_marketing_delete_coupon', 100160, 'Delete Coupons', 'panel'),
(100180, 'panel_forums', NULL, 'Forums', 'panel'),
(100181, 'panel_forums_new_topic', 100180, 'New Topic', 'panel'),
(100182, 'panel_forums_my_topics', 100180, 'My Topics', 'panel'),
(100183, 'panel_forums_my_posts', 100180, 'My Posts', 'panel'),
(100184, 'panel_forums_bookmarks', 100180, 'Bookmarks', 'panel'),
(100200, 'panel_blog', NULL, 'Blog', 'panel'),
(100201, 'panel_blog_new_article', 100200, 'New/Edit Article', 'panel'),
(100202, 'panel_blog_my_articles', 100200, 'My Article', 'panel'),
(100203, 'panel_blog_delete_article', 100200, 'Delete Article', 'panel'),
(100204, 'panel_blog_comments', 100200, 'Comments', 'panel'),
(100220, 'panel_noticeboard', NULL, 'Noticeboard', 'panel'),
(100221, 'panel_noticeboard_history', 100220, 'Noticeboard History', 'panel'),
(100222, 'panel_noticeboard_create', 100220, 'Create/Edit Noticeboard', 'panel'),
(100223, 'panel_noticeboard_delete', 100220, 'Delete Noticeboard', 'panel'),
(100224, 'panel_noticeboard_course_notices', 100220, 'Course Notices', 'panel'),
(100225, 'panel_noticeboard_course_notices_create', 100220, 'Create/Edit Course Notices', 'panel'),
(100240, 'panel_rewards', NULL, 'Rewards', 'panel'),
(100241, 'panel_rewards_lists', 100240, 'Lists', 'panel'),
(100260, 'panel_ai_contents', NULL, 'AI Contents', 'panel'),
(100261, 'panel_ai_contents_lists', 100260, 'Lists', 'panel'),
(100280, 'panel_notifications', NULL, 'Notifications', 'panel'),
(100281, 'panel_notifications_lists', 100280, 'Lists', 'panel'),
(100300, 'panel_others', NULL, 'Others', 'panel'),
(100301, 'panel_others_profile_setting', 100300, 'Profile Settings', 'panel'),
(100302, 'panel_others_profile_url', 100300, 'Profile Url', 'panel'),
(100303, 'panel_others_logout', 100300, 'Logout', 'panel'),
(100304, 'admin_group_operations', NULL, 'Group Operations', 'admin'),
(100305, 'admin_group_operations_list', 100304, 'Group List', 'admin'),
(100306, 'admin_group_operations_add_student_to_group', 100304, 'Add student to group', 'admin'),
(100307, 'admin_group_operations_export', 100304, 'Export group operations', 'admin'),
(100308, 'admin_group_operations_store', 100304, 'Add new group', 'admin'),
(100309, 'admin_group_operations_add_group', 100304, 'Add new group', 'admin'),
(100310, 'admin_group_operations_add_student', 100304, 'Add new group', 'admin'),
(100311, 'admin_group_operations_send_notification_to_students', 100304, 'Send notification', 'admin'),
(100312, 'admin_group_operations_students_lists', 100304, 'Student list', 'admin'),
(100313, 'admin_group_operations_edit', 100304, 'Edit Group', 'admin'),
(100314, 'admin_group_operations_delete', 100304, 'Delete Group', 'admin'),
(100315, 'admin_group_operations_update', 100304, 'Update Group', 'admin'),
(100316, 'admin_delete_group_student', 100304, 'Update Group', 'admin'),
(100317, 'admin_group_operations_delete_group_student', 100304, 'delete Group student', 'admin');

INSERT INTO `cschool`.`session_translations` (`id`, `session_id`, `locale`, `title`, `description`) VALUES 
(1, 52, 'en', 'Day 1', 'In this lesson you will learn:What Linux is and Brief history of Linux'),
(2, 53, 'en', 'Day 2', 'In this lesson you will learn about the Linux directory structure. You''ll learn where different components of the operating system are located. You''ll also learn how applications can employ the same conventions for their directory structures.'),
(3, 54, 'en', 'Day 3', 'In this lesson you will learn various commands that can be used to view files as well as how to use the nano text editor.'),
(4, 55, 'en', 'Day 4', 'This lesson will cover how to delete, copy, move, and rename files in Linux.'),
(5, 56, 'en', 'Day 5', 'In this lesson you will learn how to display information about running programs and processes. You will also learn how to control the behavior of processes, including running processes in the background and terminating processes.'),
(6, 59, 'en', 'Introduction', 'Microsoft Excel is a spreadsheet developed by Microsoft for Windows, macOS, Android and iOS. It features calculation, graphing tools, pivot tables, and a macro programming language called Visual Basic for Applications (VBA).'),
(7, 60, 'en', 'Basic Excel Functions', 'Microsoft Excel has the basic features of all spreadsheets,[6] using a grid of cells arranged in numbered rows and letter-named columns to organize data manipulations like arithmetic operations.'),
(8, 61, 'en', 'Basic Charts', 'Excel supports charts, graphs, or histograms generated from specified groups of cells. It also supports Pivot Charts that allow for a chart to be linked directly to a Pivot table. This allows the chart to be refreshed with the Pivot Table.'),
(9, 62, 'en', 'The Key to Effective Time Management', 'If you have ever taken a time management course, you''ve probably faced the frustration of trying to manage your time better and not succeeding.

This is because time management is a Myth.

What this course will teach you, is the concept of "Task Management." In other words, it will teach you how to accomplish more high value tasks, so that you get a 10X greater return for all of the work you put in every hour.'),
(10, 63, 'en', '20/80 Time Management', 'If you have ever taken a time management course, you''ve probably faced the frustration of trying to manage your time better and not succeeding.

This is because time management is a Myth.

What this course will teach you, is the concept of "Task Management." In other words, it will teach you how to accomplish more high value tasks, so that you get a 10X greater return for all of the work you put in every hour.'),
(11, 64, 'en', 'Getting High Value Things Done', 'What this course will teach you, is the concept of "Task Management." In other words, it will teach you how to accomplish more high value tasks, so that you get a 10X greater return for all of the work you put in every hour.'),
(12, 65, 'en', 'Getting Started', 'A brief overview of what you''ll learn in this course.'),
(13, 66, 'en', 'Modules, Apps, and Controllers', 'AngularJS enables you to control the DOM via modules, apps, and controllers -- all without polluting the global namespace.
This lecture contains downloadable source code. Download the file below and unzip (or extract) it.'),
(14, 67, 'en', 'Data Binding and Directives', 'Our first visual AngularJS code. Now that we understand scope, let''s use it to output content to a page.

This lecture contains downloadable source code. Download the file below and unzip (or extract) it.'),
(15, 68, 'en', 'The Perfect Fitness Diet', 'My "Health & Fitness Masterclass" is designed for anyone who wants to boost their fitness, no matter if you''re a beginner, athlete or simply want to live a healthier life.'),
(16, 69, 'en', 'Setting Up Your Fitness Diet', 'My "Health & Fitness Masterclass" is designed for anyone who wants to boost their fitness, no matter if you''re a beginner, athlete or simply want to live a healthier life.'),
(17, 70, 'en', 'The Right Fitness Mindset', 'My "Health & Fitness Masterclass" is designed for anyone who wants to boost their fitness, no matter if you''re a beginner, athlete or simply want to live a healthier life.'),
(18, 71, 'en', 'Why Active Listening?', 'Most of us want to get better at talking. But the REAL power tool for influencing others, leading, collaborating, having an impact, and being an an-all-around-better person is Active Listening. While regular listening can look like being blank and silent, Active Listening is engaged, creative, and responsive.'),
(19, 72, 'en', 'Automatic Listening Habits', 'In this course, you will gain both the internal awareness and external skill-set that are the foundation of Active Listening. You will be able to have far more satisfying, interesting, successful conversations.'),
(20, 73, 'en', 'Helpful Habits', 'Most of us want to get better at talking. But the REAL power tool for influencing others, leading, collaborating, having an impact, and being an an-all-around-better person is Active Listening.'),
(21, 74, 'en', 'First sesions', 'Online Course Creation can be simple once you have mastered the art of speaking in front of a camera. Imagine yourself delivering an entire course filled with great lectures'),
(22, 75, 'en', 'Join to This Session', 'The skill you will learn in this class is not primarily theoretical or academic. It is a skill that requires physical habits.'),
(23, 76, 'en', 'Introduction Session', 'The skill you will learn in this class is not primarily theoretical or academic. It is a skill that requires physical habits.'),
(60, 105, 'en', 'See First content', 'Fisrt');

INSERT INTO `cschool`.`sessions` (`id`, `creator_id`, `webinar_id`, `chapter_id`, `reserve_meeting_id`, `date`, `duration`, `link`, `extra_time_to_join`, `zoom_start_link`, `zoom_id`, `session_api`, `api_secret`, `moderator_secret`, `agora_settings`, `check_previous_parts`, `access_after_day`, `order`, `status`, `created_at`, `updated_at`, `deleted_at`) VALUES 
(52, 1016, 1996, 22, NULL, 1696408200, 90, 'https://us05web.zoom.us/j/88274172998?pwd=Y2czMmNtendmNU1GMVdRNmFRdS9JQT09', NULL, 'https://us05web.zoom.us/s/88274172998?zak=eyJ0eXAiOiJKV1QiLCJzdiI6IjAwMDAwMSIsInptX3NrbSI6InptX28ybSIsImFsZyI6IkhTMjU2In0.eyJhdWQiOiJjbGllbnRzbSIsInVpZCI6Il84Z2M3Q2Y5Ul9lYmF2WUQyTjNYekEiLCJpc3MiOiJ3ZWIiLCJzdHkiOjEsIndjZCI6InVzMDUiLCJjbHQiOjAsInN0ayI6ImM0TXJjZ3FWYURaLXF0dUo4NFlHcE5idmQ5bzhOSkVmUERBem1fQXZYREUuQUcucEJrSHVjbnRXbTJhSXl5WUN0QmZXZHJuMEFZWUZERjhMbHpORFFTMXM1MU1ybXBvNElLYnQ5dVZkV2hOdkttODUxako1eEtiVWFiZG1QUUYuT0U2TGx2bmQwVmZGejFfV0dueWVaQS5paWJFODdIeFlfWVRGcXJwIiwiZXhwIjoxNjI0OTUxOTgwLCJpYXQiOjE2MjQ5NDQ3ODAsImFpZCI6Ikh4M2NFTjQ0UlZtbExHZ1hkT3dleVEiLCJjaWQiOiIifQ.hxHT3quR9dYW9yPaof6J1Y2WEh9LTu3xSBEzWR4UBLw', NULL, 'zoom', '', '', NULL, 0, NULL, NULL, 'active', 1624944778, 1635417703, NULL),
(53, 1016, 1996, 23, NULL, 1696581000, 90, 'https://us05web.zoom.us/j/89548965384?pwd=ZHVpZjZwdlg4c1NZcExmOUZ3Qk1hZz09', NULL, 'https://us05web.zoom.us/s/89548965384?zak=eyJ0eXAiOiJKV1QiLCJzdiI6IjAwMDAwMSIsInptX3NrbSI6InptX28ybSIsImFsZyI6IkhTMjU2In0.eyJhdWQiOiJjbGllbnRzbSIsInVpZCI6Il84Z2M3Q2Y5Ul9lYmF2WUQyTjNYekEiLCJpc3MiOiJ3ZWIiLCJzdHkiOjEsIndjZCI6InVzMDUiLCJjbHQiOjAsInN0ayI6IjdfLTFUQ0ZGWHRzMGZER3NSWWlwVVNKbEJYc0JIR1p6V0piLVgtQ2RaamcuQUcuektDUldmYVdHNTdFMEYzcUFoX3lsd3BlZHZQYzdQcVQ0cGNGcGRtWklGLWpOMkVZMVo0WDhTVENvbnk4LXZLODVuNU03LWFuMDQ4dXBWTlkuU0I5dEJ2OC1NZ0t1MDlVRlZGWnF3QS5KalNENDFPbU85QzV6czctIiwiZXhwIjoxNjI0OTUyMDYyLCJpYXQiOjE2MjQ5NDQ4NjIsImFpZCI6Ikh4M2NFTjQ0UlZtbExHZ1hkT3dleVEiLCJjaWQiOiIifQ.Qy2-SV5zcLoJuOFRHnWOg2bsoYWgBKOsHkUXJoyR0Z4', NULL, 'zoom', '', '', NULL, 0, NULL, NULL, 'active', 1624944860, 1635417710, NULL),
(54, 1016, 1996, 23, NULL, 1696761000, 90, 'https://us05web.zoom.us/j/85386163374?pwd=UnVlYmNHTk5Tak1XN0J2d05Xa1hpZz09', NULL, 'https://us05web.zoom.us/s/85386163374?zak=eyJ0eXAiOiJKV1QiLCJzdiI6IjAwMDAwMSIsInptX3NrbSI6InptX28ybSIsImFsZyI6IkhTMjU2In0.eyJhdWQiOiJjbGllbnRzbSIsInVpZCI6Il84Z2M3Q2Y5Ul9lYmF2WUQyTjNYekEiLCJpc3MiOiJ3ZWIiLCJzdHkiOjEsIndjZCI6InVzMDUiLCJjbHQiOjAsInN0ayI6IlB5TnU3WE9NcUIxNy1hcEhDTDhNZ0dFbm1ydmJLWTlkci1vU3ZPYU1mUGcuQUcuSEMzOVNhWmFieFlEdzdSa25JTGw2dWRtc29zQ2RmVFVDTG1oNUxYbDhJSHl4NkhwQ0haZ0czcF9IQzdHLUc1SmJ0RkNDTXRVQ01PUXVuRnguLXdnRERNM1NyMEJBSk41VGZvUTNHUS4xcGd1bjRoclRwSjF3LUhwIiwiZXhwIjoxNjI0OTUyMTQ5LCJpYXQiOjE2MjQ5NDQ5NDksImFpZCI6Ikh4M2NFTjQ0UlZtbExHZ1hkT3dleVEiLCJjaWQiOiIifQ.OHoObakmLvuWC1vtExvmnSq4gdcOiFLAdCXlHCf5dHo', NULL, 'zoom', '', '', NULL, 0, NULL, NULL, 'active', 1624944947, 1635417717, NULL),
(55, 1016, 1996, 23, NULL, 1696948200, 90, 'https://us05web.zoom.us/j/85322459249?pwd=M29NVUh3dlNTR2tIWmcrdVVRUE9NUT09', NULL, 'https://us05web.zoom.us/s/85322459249?zak=eyJ0eXAiOiJKV1QiLCJzdiI6IjAwMDAwMSIsInptX3NrbSI6InptX28ybSIsImFsZyI6IkhTMjU2In0.eyJhdWQiOiJjbGllbnRzbSIsInVpZCI6Il84Z2M3Q2Y5Ul9lYmF2WUQyTjNYekEiLCJpc3MiOiJ3ZWIiLCJzdHkiOjEsIndjZCI6InVzMDUiLCJjbHQiOjAsInN0ayI6InFORXdjalVERjhjV3haLXQtcHlJOUE4U0REOVRVVHhmMS02a3h6bkJDVlkuQUcud3RBSmt6SG9TNDNuRUt3NmlzQlhEaWtHbFdER1NuS2hTU3Zwa0pIRzVJY044bE5CbUhtalRoTkNHT1ZWMEhnNS1oY3JfaE9uLVVLemVTbG8ud0d5WDlQUVJjdlpmeFNpVUNsX0V6QS5zZ0pzQkJtNHEwaExxT21TIiwiZXhwIjoxNjI0OTUyMjAwLCJpYXQiOjE2MjQ5NDUwMDAsImFpZCI6Ikh4M2NFTjQ0UlZtbExHZ1hkT3dleVEiLCJjaWQiOiIifQ.Qv-bb4gviXtnXZsoTcOVEff252ll2GjBYSHeEL8KCIo', NULL, 'zoom', '', '', NULL, 0, NULL, NULL, 'active', 1624944997, 1635417726, NULL),
(56, 1016, 1996, 23, NULL, 1697286600, 90, 'https://us05web.zoom.us/j/84379684637?pwd=M2NTQUdmbXF4N0ZzOGluRm02Z3dvZz09', NULL, 'https://us05web.zoom.us/s/84379684637?zak=eyJ0eXAiOiJKV1QiLCJzdiI6IjAwMDAwMSIsInptX3NrbSI6InptX28ybSIsImFsZyI6IkhTMjU2In0.eyJhdWQiOiJjbGllbnRzbSIsInVpZCI6Il84Z2M3Q2Y5Ul9lYmF2WUQyTjNYekEiLCJpc3MiOiJ3ZWIiLCJzdHkiOjEsIndjZCI6InVzMDUiLCJjbHQiOjAsInN0ayI6Imc2QXNVaGx3elFNMFBpLTNGNklDdnJXRlA1eUxDbDJlNEVuSndvRjRQbUEuQUcuSnFvR0ZMZWNRVUdleS1nY29fUVhFWFpNR1lkOXExSjZSV21WRzh1UDNOTWwwcTB6Q25nSzRyWXpvd0FhYVpVMzUyaTBYOXNITnZoNmlVazQueDR4c3ZlZGd4aUtQWEFIb1E4bGM5QS5FdnVwSnJBYTFFQ20taS1lIiwiZXhwIjoxNjI0OTUyMjU4LCJpYXQiOjE2MjQ5NDUwNTgsImFpZCI6Ikh4M2NFTjQ0UlZtbExHZ1hkT3dleVEiLCJjaWQiOiIifQ.JhbjqEoYpVL0nquEuQT5RYfdMdi3z88XB3duM4XP2e8', NULL, 'zoom', '', '', NULL, 0, NULL, NULL, 'active', 1624945056, 1635417732, NULL),
(59, 1015, 1998, 21, NULL, 1679331600, 30, 'https://us05web.zoom.us/j/83490579533?pwd=MXdMN3hYZ0t3OWZSRVhOY0V2YU52dz09', NULL, 'https://us05web.zoom.us/s/83490579533?zak=eyJ0eXAiOiJKV1QiLCJzdiI6IjAwMDAwMSIsInptX3NrbSI6InptX28ybSIsImFsZyI6IkhTMjU2In0.eyJhdWQiOiJjbGllbnRzbSIsInVpZCI6Il84Z2M3Q2Y5Ul9lYmF2WUQyTjNYekEiLCJpc3MiOiJ3ZWIiLCJzdHkiOjEsIndjZCI6InVzMDUiLCJjbHQiOjAsInN0ayI6IjVvOENnMEtUZ2xZcVIwVllleXJyX3VCSnpXaGFIMGFGVEU3U2xWTU9uY1kuQUcuU05QbnRONE9DMmQyX1BWZWd2Z19YMzREdmE0M3paOTJqUkg0SzBWUlJKR3g2RWd3dThDb0NfNGlkbm00UG9CTVNBcEk4VDhXelNld1k2cEkubW9Ga21hV0Q2YTA0enBlMEtNcWpoZy5vR1p5Qkl3QWdiejdLX2xrIiwiZXhwIjoxNjI0OTczNTI0LCJpYXQiOjE2MjQ5NjYzMjQsImFpZCI6Ikh4M2NFTjQ0UlZtbExHZ1hkT3dleVEiLCJjaWQiOiIifQ.f1qRvBvbkkJRcP4lAVbuEmLWM2kM6RFOiql2zwBvAy8', NULL, 'zoom', '', '', NULL, 0, NULL, NULL, 'active', 1624966322, 1635417562, NULL),
(60, 1015, 1998, 21, NULL, 1679756400, 30, 'https://us05web.zoom.us/j/85729329911?pwd=dDBYeEJnalYzNmVhaEZaVXIvbVpvdz09', NULL, 'https://us05web.zoom.us/s/85729329911?zak=eyJ0eXAiOiJKV1QiLCJzdiI6IjAwMDAwMSIsInptX3NrbSI6InptX28ybSIsImFsZyI6IkhTMjU2In0.eyJhdWQiOiJjbGllbnRzbSIsInVpZCI6Il84Z2M3Q2Y5Ul9lYmF2WUQyTjNYekEiLCJpc3MiOiJ3ZWIiLCJzdHkiOjEsIndjZCI6InVzMDUiLCJjbHQiOjAsInN0ayI6Ik91cHVsNkE0VGNMZXBfYUhBcVY3MTl6dHVtYUN3MkRka2tabDBNN3gwTlkuQUcuZmhFV2FOZkdKamMwck9fa25LYVNFNmRXMmxZRXdLdmVnOW9SQVJWVVdhVVhFZjdONkprWGlvNGZZWExkRkNBOXJfZG1hT2F5Q2lPalNybkIuUU8yVFNkMzRHUUZPalhDOUx0aVAyZy5OM096dWNPaWNRakQ5N1o0IiwiZXhwIjoxNjI0OTczNjMwLCJpYXQiOjE2MjQ5NjY0MzAsImFpZCI6Ikh4M2NFTjQ0UlZtbExHZ1hkT3dleVEiLCJjaWQiOiIifQ.vMAyA5w2-w5cbz5_KRQWur8vMIIa78a8UMuHwLRNQEE', NULL, 'zoom', '', '', NULL, 0, NULL, NULL, 'active', 1624966428, 1635417571, NULL),
(61, 1015, 1998, 21, NULL, 1680017400, 30, 'https://us05web.zoom.us/j/82086275539?pwd=VC85S01VSDNPRHdqWUlsOGNVbk5lQT09', NULL, 'https://us05web.zoom.us/s/82086275539?zak=eyJ0eXAiOiJKV1QiLCJzdiI6IjAwMDAwMSIsInptX3NrbSI6InptX28ybSIsImFsZyI6IkhTMjU2In0.eyJhdWQiOiJjbGllbnRzbSIsInVpZCI6Il84Z2M3Q2Y5Ul9lYmF2WUQyTjNYekEiLCJpc3MiOiJ3ZWIiLCJzdHkiOjEsIndjZCI6InVzMDUiLCJjbHQiOjAsInN0ayI6Ik9fUzctZVRVSnB1QU5sdVRsa3Y4TnBpcXFvUkJiWVVQWDhKaFNxLWwzZEkuQUcuZ1VFUDdfSXVxczdVTjRLRnNNcFphRnJ3NXVLVFpfdE1aX25BaE9LN2JjenE5ZWpnVmFEMWV2bGMxY2pMc3pjeGZlQWVTZExBdjMwY2VfRE4uSmZNaHZnZVhybEY2ZUFWRWt2ZmRrUS5maGl1UTc5TU1FTmZEdE9OIiwiZXhwIjoxNjI0OTczODYxLCJpYXQiOjE2MjQ5NjY2NjEsImFpZCI6Ikh4M2NFTjQ0UlZtbExHZ1hkT3dleVEiLCJjaWQiOiIifQ.u0Pj01ZqbkYID18H5asvqoOLWsCA6MJFHL8-AhNQcxw', NULL, 'zoom', '', '', NULL, 0, NULL, NULL, 'active', 1624966659, 1635417581, NULL),
(62, 867, 2000, 19, NULL, 1690867800, 30, 'https://meet.google.com/', NULL, NULL, NULL, 'local', '12345', '', NULL, 0, NULL, NULL, 'active', 1625045297, 1635417342, NULL),
(63, 867, 2000, 19, NULL, 1691130600, 30, 'https://meet.google.com/', NULL, NULL, NULL, 'local', 'ABC547397', '', NULL, 0, NULL, NULL, 'active', 1625045392, 1635417351, NULL),
(64, 867, 2000, 19, NULL, 1691501400, 30, 'https://meet.google.com/', NULL, NULL, NULL, 'local', 'LM756114', '', NULL, 0, NULL, NULL, 'active', 1625045465, 1635417380, NULL),
(65, 3, 2001, 16, NULL, 1702362600, 20, 'https://meet.google.com/', NULL, NULL, NULL, 'local', '12345', '', NULL, 0, NULL, NULL, 'active', 1625078642, 1635417181, NULL),
(66, 3, 2001, 17, NULL, 1702650600, 20, 'https://meet.google.com/', NULL, NULL, NULL, 'local', '46546', '', NULL, 0, NULL, NULL, 'active', 1625078804, 1635417191, NULL),
(67, 3, 2001, 17, NULL, 1702895400, 20, 'https://meet.google.com/', NULL, NULL, NULL, 'local', 'D548755', '', NULL, 0, NULL, NULL, 'active', 1625079005, 1635417199, NULL),
(68, 863, 2002, 15, NULL, 1625200200, 20, 'https://meet.google.com/', NULL, NULL, NULL, 'local', '46546', '', NULL, 0, NULL, NULL, 'active', 1625122908, 1635417036, NULL),
(69, 863, 2002, 15, NULL, 1625211600, 20, 'https://meet.google.com/', NULL, NULL, NULL, 'local', '12345', '', NULL, 0, NULL, NULL, 'active', 1625122957, 1635417042, NULL),
(70, 863, 2002, 15, NULL, 1625220000, 20, 'https://meet.google.com/', NULL, NULL, NULL, 'local', 'A547397', '', NULL, 0, NULL, NULL, 'active', 1625123036, 1635417051, NULL),
(71, 864, 2003, 13, NULL, 1696505400, 20, 'https://meet.google.com/', NULL, NULL, NULL, 'local', '368967886', '', NULL, 0, NULL, NULL, 'active', 1625299964, 1635416803, NULL),
(72, 864, 2003, 13, NULL, 1696915800, 20, 'https://meet.google.com/', NULL, NULL, NULL, 'local', '55475666', '', NULL, 0, NULL, NULL, 'active', 1625300053, 1635416824, NULL),
(73, 864, 2003, 13, NULL, 1697319000, 35, 'https://meet.google.com/', NULL, NULL, NULL, 'local', 'RW346@654', '', NULL, 0, NULL, NULL, 'active', 1625300165, 1635416835, NULL),
(74, 1015, 2009, 30, NULL, 1646177400, 3, NULL, NULL, NULL, NULL, 'agora', NULL, NULL, '{"chat":true,"record":false}', 0, NULL, 2, 'active', 1646172799, NULL, NULL),
(75, 1015, 2009, 30, NULL, 1646233200, 9999999, NULL, NULL, NULL, NULL, 'agora', '12345', NULL, '{"chat":true,"record":false}', 0, NULL, 3, 'active', 1646172930, NULL, NULL),
(76, 1015, 2009, 30, NULL, 1646141400, 3, NULL, NULL, NULL, NULL, 'agora', NULL, NULL, '{"chat":true,"record":false}', 0, NULL, 1, 'active', 1646391211, NULL, NULL),
(105, 1016, 1996, 51, NULL, 1729413120, 60, 'https://us04web.zoom.us/j/6575161731?pwd=zV9mqA4vlIqWg9ylCOzbzi2QMM0Dha.1', 20, NULL, NULL, 'local', '123456', NULL, NULL, 0, NULL, NULL, 'active', 1729410902, 1729413100, NULL);

INSERT INTO `cschool`.`setting_translations` (`id`, `setting_id`, `locale`, `value`) VALUES 
(1, 1, 'en', '{"home":{"title":"Home","description":"Home Page Description","robot":"index"},"search":{"title":"Search","description":"Search Page Description","robot":"index"},"categories":{"title":"Category","description":"Categories Page Description","robot":"index"},"login":{"title":"Login","description":"Login Page Description","robot":"index"},"register":{"title":"Register","description":"Register Page Description","robot":"index"},"about":{"title":"about page title","description":"about page Description"},"contact":{"title":"Contact","description":"Contact Page Description","robot":"index"},"certificate_validation":{"title":"Certificate validation","description":"Certificate Validation Description","robot":"index"},"classes":{"title":"Courses","description":"Courses page Description","robot":"index"},"blog":{"title":"Blog","description":"Blog Page Description","robot":"index"},"instructors":{"title":"Instructors","description":"Instructors Page Description","robot":"index"},"organizations":{"title":"Organizations","description":"Organizations Page Description","robot":"index"},"instructor_finder_wizard":{"title":"Instructor finder wizard","description":"Tutor Finder Wizard Description","robot":"noindex"},"instructor_finder":{"title":"Instructor finder","description":"Tutor Finder Description","robot":"index"},"reward_courses":{"title":"Reward courses","description":"Reward Courses Description","robot":"index"},"products_lists":{"title":"Store Products","description":"Store Products Description","robot":"noindex"},"reward_products":{"title":"Reward Products","description":"Reward Products Description","robot":"noindex"},"forum":{"title":"Forums","description":"Forums Description","robot":"noindex"},"upcoming_courses_lists":{"title":"Upcoming Course","description":"Upcoming Courses Description","robot":"noindex"},"tags":{"title":"Tags","description":"Tags Page Description","robot":"noindex"}}'),
(2, 2, 'en', '{"Instagram":{"title":"Instagram","image":"\\/store\\/1\\/default_images\\/social\\/instagram.svg","link":"https:\\/\\/www.instagram.com\\/","order":"1"},"Whatsapp":{"title":"Whatsapp","image":"\\/store\\/1\\/default_images\\/social\\/whatsapp.svg","link":"https:\\/\\/web.whatsapp.com\\/","order":"2"},"Twitter":{"title":"Twitter","image":"\\/store\\/1\\/default_images\\/social\\/twitter.svg","link":"https:\\/\\/twitter.com\\/","order":"3"},"Facebook":{"title":"Facebook","image":"\\/store\\/1\\/default_images\\/social\\/facebook.svg","link":"https:\\/\\/www.facebook.com\\/","order":"4"}}'),
(4, 5, 'en', '{"site_name":"3CSchool","site_email":"mailer@lms.com","site_phone":"415-716-1166","site_language":"EN","register_method":"email","default_time_zone":"Africa\\/Cairo","date_format":"textual","time_format":"24_hours","user_languages":["AR","EN"],"rtl_languages":["AR"],"fav_icon":"\\/store\\/1\\/3C\\/new\\/3C.png","logo":"\\/store\\/1\\/3C\\/new\\/3C.png","footer_logo":"\\/store\\/1\\/3C\\/new\\/3C.png","rtl_layout":"0","preloading":"1","hero_section1":"0","hero_section2":"1","content_translate":"0","app_debugbar":"0"}'),
(5, 6, 'en', '{"tax":"10","minimum_payout":"50","price_display":"only_price","hide_disabled_payment_gateways":"0"}'),
(6, 8, 'en', '{"title":"Inspiring today\\u2019s minds... to build tomorrow\\u2019s leaders!","description":"Learning coding and AI is no longer optional \\u2014 it\\u2019s a must-have skill for a future full of opportunities\\r\\n                                    At 3C Coding School, we offer an interactive online learning experience for kids aged 6 to 18\\r\\n                                    .Our certified curriculum is project-based and delivered by top experts in coding and technology\\r\\n                                    Give your child the chance to explore the programming world in a fun, engaging, and effective way","hero_background":"\\/store\\/1\\/3C\\/hero\\/home-1\\/img-1.png","is_video_background":"0"}'),
(7, 12, 'en', '{"css":null,"js":null}'),
(8, 14, 'en', '{"admin_login":"\\/store\\/1\\/dashboard.png","admin_dashboard":"\\/store\\/1\\/3C\\/new\\/3C.png","login":"\\/store\\/1\\/default_images\\/front_login.jpg","register":"\\/store\\/1\\/3C\\/new\\/3C.png","remember_pass":"\\/store\\/1\\/default_images\\/password_recovery.jpg","verification":"\\/store\\/1\\/default_images\\/verification.jpg","search":"\\/store\\/1\\/default_images\\/search_cover.png","tags":"\\/store\\/1\\/default_images\\/search_cover.png","categories":"\\/store\\/1\\/default_images\\/category_cover.png","become_instructor":"\\/store\\/1\\/default_images\\/become_instructor.jpg","certificate_validation":"\\/store\\/1\\/default_images\\/certificate_validation.jpg","blog":"\\/store\\/1\\/default_images\\/blogs_cover.png","instructors":"\\/store\\/1\\/default_images\\/instructors_cover.png","organizations":"\\/store\\/1\\/default_images\\/organizations_cover.png","dashboard":"\\/store\\/1\\/dashboard.png","user_cover":"\\/store\\/1\\/default_images\\/default_cover.jpg","instructor_finder_wizard":"\\/store\\/1\\/default_images\\/instructor_finder_wizard.jpg","products_lists":"\\/store\\/1\\/default_images\\/category_cover.png","upcoming_courses_lists":"\\/store\\/1\\/default_images\\/category_cover.png","user_default_signature":"\\/store\\/1\\/default_images\\/default_signature.jpg"}'),
(9, 15, 'en', '{"title":"Ready to learn!","description":"Learning coding and AI is no longer optional \\u2014 it\\u2019s a must-have skill for a future full of opportunities\\r\\n                                    At 3C Coding School, we offer an interactive online learning experience for kids aged 6 to 18\\r\\n                                    .Our certified curriculum is project-based and delivered by top experts in coding and technology\\r\\n                                    Give your child the chance to explore the programming world in a fun, engaging, and effective way","hero_background":"\\/assets\\/default\\/img\\/home\\/world.png","hero_vector":"\\/store\\/1\\/animated-header.json","has_lottie":"1"}'),
(10, 20, 'en', '["Inappropriate Course Content","Inappropriate Behavior","Policy Violation","Spammy Content","Other"]'),
(11, 22, 'en', '{"new_comment_admin":"7","support_message_admin":"10","support_message_replied_admin":"11","promotion_plan_admin":"29","new_contact_message":"26","new_badge":"2","change_user_group":"3","course_created":"4","course_approve":"5","course_reject":"6","new_comment":"7","support_message":"8","support_message_replied":"9","new_rating":"17","webinar_reminder":"27","new_financial_document":"12","payout_request":"13","payout_proceed":"14","offline_payment_request":"18","offline_payment_approved":"19","offline_payment_rejected":"20","new_sales":"15","new_purchase":"16","new_subscribe_plan":"21","promotion_plan":"28","new_appointment":"22","new_appointment_link":"23","appointment_reminder":"24","meeting_finished":"25","new_certificate":"30","waiting_quiz":"31","waiting_quiz_result":"32","payout_request_admin":"13","product_new_sale":"33","product_new_purchase":"34","product_new_comment":"35","product_tracking_code":"36","product_new_rating":"37","product_receive_shipment":"38","product_out_of_stock":"39","student_send_message":"40","instructor_send_message":"41","instructor_set_grade":"42","send_post_in_topic":"44","publish_instructor_blog_post":"45","new_comment_for_instructor_blog_post":"46","meeting_reserve_reminder":"47","subscribe_reminder":"48","reminder_gift_to_receipt":"52","gift_sender_confirmation":"53","gift_sender_notification":"54","admin_gift_submission":"55","admin_gift_sending_confirmation":"56","reminder_installments_before_overdue":"57","installment_due_reminder":"58","reminder_installments_after_overdue":"59","approve_installment_verification_request":"60","reject_installment_verification_request":"61","paid_installment_step":"62","paid_installment_step_for_admin":"63","paid_installment_upfront":"64","installment_verification_request_sent":"65","admin_installment_verification_request_sent":"66","instalment_request_submitted":"67","instalment_request_submitted_for_admin":"68","upcoming_course_submission":"69","upcoming_course_submission_for_admin":"70","upcoming_course_approved":"71","upcoming_course_rejected":"72","upcoming_course_published":"73","upcoming_course_followed":"74","upcoming_course_published_for_followers":"75","user_get_cashback":"76","user_get_cashback_notification_for_admin":"77","bundle_submission":"78","bundle_submission_for_admin":"79","bundle_approved":"80","bundle_rejected":"81","new_review_for_bundle":"82","registration_bonus_achieved":"83","registration_bonus_unlocked":"84","registration_bonus_unlocked_for_admin":"85","registration_package_activated":"86","registration_package_activated_for_admin":"87","registration_package_expired":"87","contact_message_submission":"88","contact_message_submission_for_admin":"89","waitlist_submission":"90","waitlist_submission_for_admin":"91","new_referral_user":"92","user_role_change":"97","add_to_user_group":"98","become_instructor_request_approved":"99","become_instructor_request_rejected":"100","new_question_in_forum":"101","new_answer_in_forum":"102","new_appointment_session":"103","new_quiz":"93","user_get_new_point":"94","new_course_notice":"96","new_registration":"104","new_become_instructor_request":"105","new_course_enrollment":"106","new_forum_topic":"107","new_report_item_for_admin":"108","new_item_created":"109","new_store_order":"110","subscription_plan_activated":"111","content_review_request":"112","new_user_blog_post":"113","new_user_item_rating":"114","new_organization_user":"115","user_wallet_charge":"116","new_user_payout_request":"117","new_offline_payment_request":"118","user_access_to_content":"119","submit_form_by_users":"120"}'),
(12, 23, 'en', '{"540":{"title":"Qatar National Bank","image":"\\/store\\/1\\/default_images\\/offline_payments\\/Qatar National Bank.png","card_id":"2578-4910-3682-6288","account_id":"38152294372","iban":"QA66QUWW934528129454345775226"},"334":{"title":"State Bank of India","image":"\\/store\\/1\\/default_images\\/offline_payments\\/State Bank of India.png","card_id":"6282-4518-1237-7641","account_id":"56238341127","iban":"IN37ABNA2422193788"},"jhgDW":{"title":"JPMorgan","image":"\\/store\\/1\\/default_images\\/offline_payments\\/jpmorgan.png","card_id":"5012-4518-1772-8911","account_id":"46237751125","iban":"NL37ABNA2423554788"}}'),
(13, 24, 'en', '{"background":"\\/store\\/1\\/default_images\\/category_cover.png","latitude":"43.45905","longitude":"11.87300","map_zoom":"16","phones":"415-716-1166 , 415-716-1167","emails":"mail@thelean.live","address":"4193 Mohamed Street\\r\\nCairo, Egypt"}'),
(14, 25, 'en', '{"latest_classes":"1","best_sellers":"1","free_classes":"1","discount_classes":"1","best_rates":"1","trend_categories":"1","testimonials":"1","subscribes":"1","blog":"1","organizations":"1","instructors":"1","video_or_image_section":"1","find_instructors":"1","reward_program":"1"}'),
(15, 26, 'en', '{"02nh9a":{"title":"Home","link":"\\/","order":"1"},"1cH2kF":{"title":"Courses","link":"\\/classes?sort=newest","order":"2"},"gGf8Lv":{"title":"Instructors","link":"\\/instructor-finder","order":"3"},"Uo5b2v":{"title":"Store","link":"\\/products","order":"4"}}'),
(16, 27, 'en', '{"link":"\\/classes","title":"Start learning anywhere, anytime...","description":"Use Afaq LMS to access high-quality education materials without any limitations in the easiest way.","background":"\\/store\\/1\\/default_images\\/home_video_section.png"}'),
(17, 28, 'en', '{"error_image":"\\/store\\/1\\/default_images\\/404.svg","error_title":"Page not found!","error_description":"Sorry, this page is not available..."}'),
(18, 29, 'en', '{"link":"\\/classes?sort=newest","background":"\\/store\\/1\\/sidebar-user.png"}'),
(19, 30, 'en', '{"status":"0","users_affiliate_status":"0","affiliate_user_commission":"5","store_affiliate_user_commission":"5","affiliate_user_amount":"20","referred_user_amount":"10","referral_description":"You can share your affiliate URL you will get the above rewards when a user uses the platform."}'),
(20, 4, 'en', '{"first_column":{"title":"About US","value":"<p><font color=\\"#ffffff\\">LMS is a fully-featured learning management system that helps you to run your education business in several hours. This platform helps instructors to create professional education materials and helps students to learn from the best instructors.<\\/font><\\/p>"},"second_column":{"title":"Additional Links","value":"<p><a href=\\"\\/login\\"><font color=\\"#ffffff\\">- Login<\\/font><\\/a><\\/p><p><font color=\\"#ffffff\\"><a href=\\"\\/register\\"><font color=\\"#ffffff\\">- Register<\\/font><\\/a><br><\\/font><\\/p><p><a href=\\"\\/blog\\"><font color=\\"#ffffff\\">- Blog<\\/font><\\/a><\\/p><p><a href=\\"\\/contact\\"><font color=\\"#ffffff\\">- Contact us<\\/font><\\/a><\\/p><p><font color=\\"#ffffff\\"><a href=\\"\\/certificate_validation\\"><font color=\\"#ffffff\\">- Certificate validation<\\/font><\\/a><br><\\/font><\\/p><p><font color=\\"#ffffff\\"><a href=\\"\\/become-instructor\\"><font color=\\"#ffffff\\">- Become instructor<\\/font><\\/a><br><\\/font><\\/p><p><a href=\\"\\/pages\\/terms\\"><font color=\\"#ffffff\\">- Terms &amp; rules<\\/font><\\/a><\\/p><p><a href=\\"\\/pages\\/about\\"><font color=\\"#ffffff\\">- About us<\\/font><\\/a><br><\\/p>"},"third_column":{"title":"Similar Businesses","value":"<p><a href=\\"https:\\/\\/www.udemy.com\\/\\" target=\\"_blank\\"><font color=\\"#ffffff\\">- Udemy<\\/font><\\/a><\\/p><p><a href=\\"https:\\/\\/www.skillshare.com\\/\\" target=\\"_blank\\"><font color=\\"#ffffff\\">- Skillshare<\\/font><\\/a><\\/p><p><a href=\\"https:\\/\\/www.coursera.org\\/\\" target=\\"_blank\\"><font color=\\"#ffffff\\">- Coursera<\\/font><\\/a><\\/p><p><a href=\\"https:\\/\\/www.linkedin.com\\/learning\\/\\" target=\\"_blank\\"><font color=\\"#ffffff\\">- Lynda<\\/font><\\/a><\\/p><p><a href=\\"https:\\/\\/www.skillsoft.com\\/\\" target=\\"_blank\\"><font color=\\"#ffffff\\">- Skillsoft<\\/font><\\/a><\\/p><p><a href=\\"https:\\/\\/www.udacity.com\\/\\" target=\\"_blank\\"><font color=\\"#ffffff\\">- Udacity<\\/font><\\/a><\\/p><p><a href=\\"https:\\/\\/www.edx.org\\/\\" target=\\"_blank\\"><font color=\\"#ffffff\\">- edX<\\/font><\\/a><\\/p><p><a href=\\"https:\\/\\/www.masterclass.com\\/\\" target=\\"_blank\\"><font color=\\"#ffffff\\">- Masterclass<\\/font><\\/a><br><\\/p>"},"forth_column":{"title":null,"value":"<br>"}}'),
(31, 4, 'ar', '{"first_column":{"title":"\\u0645\\u0639\\u0644\\u0648\\u0645\\u0627\\u062a \\u0639\\u0646\\u0627","value":"<p><font color=\\"#ffffff\\">Rocket LMS \\u0647\\u0648 \\u0646\\u0638\\u0627\\u0645 \\u0625\\u062f\\u0627\\u0631\\u0629 \\u062a\\u0639\\u0644\\u0645 \\u0643\\u0627\\u0645\\u0644 \\u0627\\u0644\\u0645\\u064a\\u0632\\u0627\\u062a \\u064a\\u0633\\u0627\\u0639\\u062f\\u0643 \\u0639\\u0644\\u0649 \\u0625\\u062f\\u0627\\u0631\\u0629 \\u0623\\u0639\\u0645\\u0627\\u0644\\u0643 \\u0627\\u0644\\u062a\\u0639\\u0644\\u064a\\u0645\\u064a\\u0629 \\u0641\\u064a \\u0639\\u062f\\u0629 \\u0633\\u0627\\u0639\\u0627\\u062a. \\u062a\\u0633\\u0627\\u0639\\u062f \\u0647\\u0630\\u0647 \\u0627\\u0644\\u0645\\u0646\\u0635\\u0629 \\u0627\\u0644\\u0645\\u0639\\u0644\\u0645\\u064a\\u0646 \\u0639\\u0644\\u0649 \\u0625\\u0646\\u0634\\u0627\\u0621 \\u0645\\u0648\\u0627\\u062f \\u062a\\u0639\\u0644\\u064a\\u0645\\u064a\\u0629 \\u0627\\u062d\\u062a\\u0631\\u0627\\u0641\\u064a\\u0629 \\u0648\\u062a\\u0633\\u0627\\u0639\\u062f \\u0627\\u0644\\u0637\\u0644\\u0627\\u0628 \\u0639\\u0644\\u0649 \\u0627\\u0644\\u062a\\u0639\\u0644\\u0645 \\u0645\\u0646 \\u0623\\u0641\\u0636\\u0644 \\u0627\\u0644\\u0645\\u062f\\u0631\\u0628\\u064a\\u0646.<\\/font><\\/p>"},"second_column":{"title":"\\u0631\\u0648\\u0627\\u0628\\u0637 \\u0625\\u0636\\u0627\\u0641\\u064a\\u0629","value":"<p><a href=\\"\\/login\\"><span style=\\"color: #ffffff;\\">- \\u062a\\u0633\\u062c\\u064a\\u0644 \\u0627\\u0644\\u062f\\u062e\\u0648\\u0644<\\/span><\\/a><\\/p>\\r\\n<p><span style=\\"color: #ffffff;\\"><a href=\\"\\/register\\"><span style=\\"color: #ffffff;\\">- \\u062a\\u0633\\u062c\\u064a\\u0644<\\/span><\\/a><br><\\/span><\\/p>\\r\\n<p><a href=\\"\\/blog\\"><span style=\\"color: #ffffff;\\">- \\u0645\\u0642\\u0627\\u0644\\u0627\\u062a<\\/span><\\/a><\\/p>\\r\\n<p><a href=\\"\\/contact\\"><span style=\\"color: #ffffff;\\">- \\u0627\\u062a\\u0635\\u0644 \\u0628\\u0646\\u0627<\\/span><\\/a><\\/p>\\r\\n<p><span style=\\"color: #ffffff;\\"><a href=\\"\\/certificate_validation\\"><span style=\\"color: #ffffff;\\">- \\u0627\\u0644\\u062a\\u062d\\u0642\\u0642 \\u0645\\u0646 \\u0635\\u062d\\u0629 \\u0627\\u0644\\u0634\\u0647\\u0627\\u062f\\u0629<\\/span><\\/a><br><\\/span><\\/p>\\r\\n<p><span style=\\"color: #ffffff;\\"><a href=\\"\\/become-instructor\\"><span style=\\"color: #ffffff;\\">- \\u0623\\u0635\\u0628\\u062d \\u0645\\u062f\\u0631\\u0628\\u0627<\\/span><\\/a><br><\\/span><\\/p>\\r\\n<p><a href=\\"\\/pages\\/terms\\"><span style=\\"color: #ffffff;\\">- \\u0627\\u0644\\u0634\\u0631\\u0648\\u0637 \\u0648\\u0627\\u0644\\u0642\\u0648\\u0627\\u0639\\u062f<\\/span><\\/a><\\/p>\\r\\n<p><a href=\\"\\/pages\\/about\\"><span style=\\"color: #ffffff;\\">- \\u0645\\u0639\\u0644\\u0648\\u0645\\u0627\\u062a \\u0639\\u0646\\u0627<\\/span><\\/a><\\/p>"},"third_column":{"title":"\\u0623\\u0639\\u0645\\u0627\\u0644 \\u0645\\u0645\\u0627\\u062b\\u0644\\u0629","value":"<p><a href=\\"https:\\/\\/www.udemy.com\\/\\" target=\\"_blank\\"><font color=\\"#ffffff\\">- \\u064a\\u0648\\u062f\\u0645\\u064a<\\/font><\\/a><\\/p><p><a href=\\"https:\\/\\/www.skillshare.com\\/\\" target=\\"_blank\\"><font color=\\"#ffffff\\">- \\u0627\\u0633\\u06a9\\u06cc\\u0644 \\u0634\\u06cc\\u0631<\\/font><\\/a><\\/p><p><a href=\\"https:\\/\\/www.coursera.org\\/\\" target=\\"_blank\\"><font color=\\"#ffffff\\">- \\u0643\\u0631\\u0633 \\u0627\\u064a\\u0631\\u0627<\\/font><\\/a><\\/p><p><a href=\\"https:\\/\\/www.linkedin.com\\/learning\\/\\" target=\\"_blank\\"><font color=\\"#ffffff\\">- \\u0644\\u06cc\\u0646\\u062f\\u0627<\\/font><\\/a><\\/p><p><a href=\\"https:\\/\\/www.skillsoft.com\\/\\" target=\\"_blank\\"><font color=\\"#ffffff\\">- \\u0627\\u0633\\u0643\\u064a\\u0644 \\u0633\\u0641\\u062a<\\/font><\\/a><\\/p><p><a href=\\"https:\\/\\/www.udacity.com\\/\\" target=\\"_blank\\"><font color=\\"#ffffff\\">- \\u0627\\u0648\\u062f\\u0627\\u0633\\u064a\\u062a\\u064a<\\/font><\\/a><\\/p><p><a href=\\"https:\\/\\/www.edx.org\\/\\" target=\\"_blank\\"><font color=\\"#ffffff\\">\\u0627\\u062f\\u0643\\u0633<\\/font><\\/a><\\/p><p><a href=\\"https:\\/\\/www.masterclass.com\\/\\" target=\\"_blank\\"><font color=\\"#ffffff\\">- \\u0645\\u0633\\u062a\\u0631 \\u0643\\u0644\\u0633<\\/font><\\/a><br><\\/p>"},"forth_column":{"title":"\\u0642\\u0645 \\u0628\\u0634\\u0631\\u0627\\u0621 Rocket LMS","value":"<p><a title=\\"Notnt\\" href=\\"https:\\/\\/codecanyon.net\\"><img style=\\"width: 200px;\\" src=\\"\\/store\\/1\\/default_images\\/envato.png\\"><\\/a><\\/p>"}}'),
(32, 31, 'en', '{"agora_resolution":null,"agora_max_bitrate":"2260","agora_min_bitrate":"1130","agora_frame_rate":"15","agora_live_streaming":"0","agora_chat":"0","agora_in_free_courses":"0","agora_for_meeting":"0","meeting_live_stream_type":"single","course_live_stream_type":"single","agora_app_id":"91b56474a3644009b97de8a952dc25f9","agora_app_certificate":"910fe9d5b47e44bb985f9022338e8def","new_interactive_file":"0","timezone_in_register":"1","timezone_in_create_webinar":"1","sequence_content_status":"1","webinar_assignment_status":"1","webinar_private_content_status":"1","disable_view_content_after_user_register":"0","course_forum_status":"1","forums_status":"1","direct_classes_payment_button_status":"1","direct_bundles_payment_button_status":"1","direct_products_payment_button_status":"1","cookie_settings_status":"0","mobile_app_status":"0","maintenance_status":"0","maintenance_access_key":"key","extra_time_to_join_status":"1","extra_time_to_join_default_value":"20","show_other_register_method":"1","show_certificate_additional_in_register":"0","show_google_login_button":"0","show_facebook_login_button":"0","google_client_id":null,"google_client_secret":null,"facebook_client_id":null,"facebook_client_secret":null,"show_live_chat_widget":"1","cashback_active":"1","display_cashback_notice_in_the_product_page":"1","display_minimum_amount_cashback_notices":"1","available_session_apis":["local","zoom"],"available_sources":["upload","youtube","vimeo","external_link","google_drive","iframe","s3"],"bunny_configs":[],"select_the_role_during_registration":["teacher","organization"],"waitlist_status":"1","upcoming_courses_status":"1","user_register_form":null,"instructor_register_form":null,"organization_register_form":null,"become_instructor_form":null,"become_organization_form":null,"frontend_coupons_status":"1","frontend_coupons_display_type":"before_content","course_notes_status":"1","course_notes_attachment":"1","zoom_client_id":null,"zoom_client_secret":null,"zoom_account_id":null,"bigbluebutton_server_base_url":null,"bigbluebutton_security_salt":null,"jitsi_live_url":null}'),
(33, 32, 'en', '{"image":"\\/store\\/1\\/default_images\\/home_sections_banners\\/instructor_finder_banner.jpg","title":"Find the best instructor","description":"Looking for an instructor? Find the best instructors according to different parameters like gender, skill level, price, meeting type, rating, etc.\\r\\nFind instructors on the map.","button1":{"title":"Tutor Finder","link":"\\/instructor-finder\\/wizard"},"button2":{"title":"Tutors on Map","link":"\\/instructor-finder"}}'),
(34, 33, 'en', '{"image":"\\/store\\/1\\/default_images\\/home_sections_banners\\/club_points_banner.png","title":"Win Club Points","description":"Use Afaq LMS and win club points according to different activities.\\r\\nYou will be able to use your club points to get free prizes and courses. Start using the system now and collect points!","button1":{"title":"Rewards","link":"\\/reward-courses"},"button2":{"title":"Points Club","link":"\\/panel\\/rewards"}}'),
(35, 34, 'en', '{"status":"0","exchangeable":"0","exchangeable_unit":null,"want_more_points_link":"\\/pages\\/reward_points_system"}'),
(38, 37, 'en', '{"status":"0","show_packages_during_registration":"0","force_user_to_select_a_package":"0","enable_home_section":"0"}'),
(39, 38, 'en', '{"status":"0","courses_capacity":"20","courses_count":"5","meeting_count":"20","product_count":"5"}'),
(40, 39, 'en', '{"status":"0","instructors_count":"5","students_count":"30","courses_capacity":"30","courses_count":"10","meeting_count":"40","product_count":"10"}'),
(41, 40, 'en', '{"image":"\\/store\\/1\\/default_images\\/home_sections_banners\\/become_instructor_banner.jpg","title":"Become an instructor","description":"Are you interested to be a part of our community?\\r\\nYou can be a part of our community by signing up as an instructor or organization.","button1":{"title":"Become an Instructor","link":"\\/become-instructor"},"button2":{"title":"Registration Packages","link":"become-instructor\\/packages\\/"}}'),
(42, 8, 'ar', '{"title":"\\u0645\\u062a\\u0639\\u0629 \\u0627\\u0644\\u062a\\u0639\\u0644\\u0645 \\u0648\\u0627\\u0644\\u062a\\u0639\\u0644\\u064a\\u0645 ...","description":"Rocket LMS \\u0639\\u0628\\u0627\\u0631\\u0629 \\u0639\\u0646 \\u0646\\u0638\\u0627\\u0645 \\u0623\\u0633\\u0627\\u0633\\u064a \\u062a\\u0639\\u0644\\u064a\\u0645\\u064a \\u0643\\u0627\\u0645\\u0644 \\u0627\\u0644\\u0645\\u064a\\u0632\\u0627\\u062a \\u064a\\u0633\\u0627\\u0639\\u062f \\u0627\\u0644\\u0645\\u062f\\u0631\\u0628\\u064a\\u0646 \\u0639\\u0644\\u0649 \\u0625\\u0646\\u0634\\u0627\\u0621 \\u0648\\u0646\\u0634\\u0631 \\u062f\\u0648\\u0631\\u0627\\u062a \\u0641\\u064a\\u062f\\u064a\\u0648 \\u0648\\u0641\\u0635\\u0648\\u0644 \\u0645\\u0628\\u0627\\u0634\\u0631\\u0629 \\u0648\\u062f\\u0648\\u0631\\u0627\\u062a \\u0646\\u0635\\u064a\\u0629 \\u0648\\u0643\\u0633\\u0628 \\u0627\\u0644\\u0645\\u0627\\u0644 \\u060c \\u0648\\u064a\\u0633\\u0627\\u0639\\u062f \\u0627\\u0644\\u0637\\u0644\\u0627\\u0628 \\u0639\\u0644\\u0649 \\u0627\\u0644\\u062a\\u0639\\u0644\\u0645 \\u0628\\u0623\\u0633\\u0647\\u0644 \\u0637\\u0631\\u064a\\u0642\\u0629.","hero_background":"\\/store\\/1\\/default_images\\/hero_1.jpg"}'),
(43, 8, 'es', '{"title":"Alegr\\u00eda de aprender y ense\\u00f1ar ...","description":"Rocket LMS es una plataforma educativa con todas las funciones que ayuda a los instructores a crear y publicar cursos de video, clases en vivo y cursos de texto y ganar dinero, y ayuda a los estudiantes a aprender de la manera m\\u00e1s f\\u00e1cil.","hero_background":"\\/store\\/1\\/default_images\\/hero_1.jpg"}'),
(44, 15, 'ar', '{"title":"\\u0645\\u062a\\u0639\\u0629 \\u0627\\u0644\\u062a\\u0639\\u0644\\u0645 \\u0648\\u0627\\u0644\\u062a\\u0639\\u0644\\u064a\\u0645 ...","description":"Rocket LMS \\u0639\\u0628\\u0627\\u0631\\u0629 \\u0639\\u0646 \\u0646\\u0638\\u0627\\u0645 \\u0623\\u0633\\u0627\\u0633\\u064a \\u062a\\u0639\\u0644\\u064a\\u0645\\u064a \\u0643\\u0627\\u0645\\u0644 \\u0627\\u0644\\u0645\\u064a\\u0632\\u0627\\u062a \\u064a\\u0633\\u0627\\u0639\\u062f \\u0627\\u0644\\u0645\\u062f\\u0631\\u0628\\u064a\\u0646 \\u0639\\u0644\\u0649 \\u0625\\u0646\\u0634\\u0627\\u0621 \\u0648\\u0646\\u0634\\u0631 \\u062f\\u0648\\u0631\\u0627\\u062a \\u0641\\u064a\\u062f\\u064a\\u0648 \\u0648\\u0641\\u0635\\u0648\\u0644 \\u0645\\u0628\\u0627\\u0634\\u0631\\u0629 \\u0648\\u062f\\u0648\\u0631\\u0627\\u062a \\u0646\\u0635\\u064a\\u0629 \\u0648\\u0643\\u0633\\u0628 \\u0627\\u0644\\u0645\\u0627\\u0644 \\u060c \\u0648\\u064a\\u0633\\u0627\\u0639\\u062f \\u0627\\u0644\\u0637\\u0644\\u0627\\u0628 \\u0639\\u0644\\u0649 \\u0627\\u0644\\u062a\\u0639\\u0644\\u0645 \\u0628\\u0623\\u0633\\u0647\\u0644 \\u0637\\u0631\\u064a\\u0642\\u0629.","hero_background":"\\/assets\\/default\\/img\\/home\\/world.png","hero_vector":"\\/store\\/1\\/animated-header.json","has_lottie":"1"}'),
(45, 15, 'es', '{"title":"Alegr\\u00eda de aprender y ense\\u00f1ar ...","description":"Rocket LMS es una plataforma educativa con todas las funciones que ayuda a los instructores a crear y publicar cursos de video, clases en vivo y cursos de texto y ganar dinero, y ayuda a los estudiantes a aprender de la manera m\\u00e1s f\\u00e1cil.","hero_background":"\\/assets\\/default\\/img\\/home\\/world.png","hero_vector":"\\/store\\/1\\/animated-header.json","has_lottie":"1"}'),
(46, 27, 'ar', '{"link":"\\/classes","title":"\\u0627\\u0628\\u062f\\u0623 \\u0627\\u0644\\u062a\\u0639\\u0644\\u0645 \\u0641\\u064a \\u0623\\u064a \\u0645\\u0643\\u0627\\u0646 \\u0648\\u0641\\u064a \\u0623\\u064a \\u0648\\u0642\\u062a ...","description":"\\u0627\\u0633\\u062a\\u062e\\u062f\\u0645 Rocket LMS \\u0644\\u0644\\u0648\\u0635\\u0648\\u0644 \\u0625\\u0644\\u0649 \\u0645\\u0648\\u0627\\u062f \\u062a\\u0639\\u0644\\u064a\\u0645\\u064a\\u0629 \\u0639\\u0627\\u0644\\u064a\\u0629 \\u0627\\u0644\\u062c\\u0648\\u062f\\u0629 \\u062f\\u0648\\u0646 \\u0623\\u064a \\u0642\\u064a\\u0648\\u062f \\u0648\\u0628\\u0623\\u0633\\u0647\\u0644 \\u0637\\u0631\\u064a\\u0642\\u0629.","background":"\\/store\\/1\\/default_images\\/home_video_section.png"}'),
(47, 27, 'es', '{"link":"\\/classes","title":"Empiece a aprender en cualquier lugar, en cualquier momento ...","description":"Utilice Rocket LMS para acceder a materiales educativos de alta calidad sin limitaciones de la forma m\\u00e1s sencilla.","background":"\\/store\\/1\\/default_images\\/home_video_section.png"}'),
(48, 29, 'ar', '{"link":"\\/classes?sort=newest","background":"\\/store\\/1\\/sidebar-user-ar.png"}'),
(49, 29, 'es', '{"link":"\\/classes?sort=newest","background":"\\/store\\/1\\/sidebar-user-sp.png"}'),
(50, 4, 'es', '{"first_column":{"title":"Sobre Nosotras","value":"<p><font color=\\"#ffffff\\">Rocket LMS es un sistema de gesti\\u00f3n de aprendizaje con todas las funciones que le ayuda a gestionar su negocio educativo en varias horas. Esta plataforma ayuda a los instructores a crear materiales educativos profesionales y ayuda a los estudiantes a aprender de los mejores instructores.<\\/font><\\/p>"},"second_column":{"title":"Enlaces Adicionales","value":"<p><a href=\\"\\/login\\"><span style=\\"color: #ffffff;\\">- Acceso<\\/span><\\/a><\\/p>\\r\\n<p><span style=\\"color: #ffffff;\\"><a href=\\"\\/register\\"><span style=\\"color: #ffffff;\\">- Registrarse<\\/span><\\/a><br><\\/span><\\/p>\\r\\n<p><a href=\\"\\/blog\\"><span style=\\"color: #ffffff;\\">- Blog<\\/span><\\/a><\\/p>\\r\\n<p><a href=\\"\\/contact\\"><span style=\\"color: #ffffff;\\">- Contacta con nosotras<\\/span><\\/a><\\/p>\\r\\n<p><span style=\\"color: #ffffff;\\"><a href=\\"\\/certificate_validation\\"><span style=\\"color: #ffffff;\\">- Validaci\\u00f3n de certificado<\\/span><\\/a><br><\\/span><\\/p>\\r\\n<p><span style=\\"color: #ffffff;\\"><a href=\\"\\/become-instructor\\"><span style=\\"color: #ffffff;\\">- Convi\\u00e9rtete en instructor<\\/span><\\/a><br><\\/span><\\/p>\\r\\n<p><a href=\\"\\/pages\\/terms\\"><span style=\\"color: #ffffff;\\">- T\\u00e9rminos y reglas<\\/span><\\/a><\\/p>\\r\\n<p><a href=\\"\\/pages\\/about\\"><span style=\\"color: #ffffff;\\">- Sobre nosotras<\\/span><\\/a><\\/p>"},"third_column":{"title":"Negocios Similares","value":"<p><a href=\\"https:\\/\\/www.udemy.com\\/\\" target=\\"_blank\\"><font color=\\"#ffffff\\">- Udemy<\\/font><\\/a><\\/p><p><a href=\\"https:\\/\\/www.skillshare.com\\/\\" target=\\"_blank\\"><font color=\\"#ffffff\\">- Skillshare<\\/font><\\/a><\\/p><p><a href=\\"https:\\/\\/www.coursera.org\\/\\" target=\\"_blank\\"><font color=\\"#ffffff\\">- Coursera<\\/font><\\/a><\\/p><p><a href=\\"https:\\/\\/www.linkedin.com\\/learning\\/\\" target=\\"_blank\\"><font color=\\"#ffffff\\">- Lynda<\\/font><\\/a><\\/p><p><a href=\\"https:\\/\\/www.skillsoft.com\\/\\" target=\\"_blank\\"><font color=\\"#ffffff\\">- Skillsoft<\\/font><\\/a><\\/p><p><a href=\\"https:\\/\\/www.udacity.com\\/\\" target=\\"_blank\\"><font color=\\"#ffffff\\">- Udacity<\\/font><\\/a><\\/p><p><a href=\\"https:\\/\\/www.edx.org\\/\\" target=\\"_blank\\"><font color=\\"#ffffff\\">- edX<\\/font><\\/a><\\/p><p><a href=\\"https:\\/\\/www.masterclass.com\\/\\" target=\\"_blank\\"><font color=\\"#ffffff\\">- Masterclass<\\/font><\\/a><br><\\/p>"},"forth_column":{"title":"Compra Rocket LMS","value":"<p><a title=\\"Notnt\\" href=\\"https:\\/\\/codecanyon.net\\"><img style=\\"width: 200px;\\" src=\\"\\/store\\/1\\/default_images\\/envato.png\\"><\\/a><\\/p>"}}'),
(51, 26, 'es', '{"02nh9a":{"title":"hogar","link":"\\/","order":"1"},"1cH2kF":{"title":"Cursos","link":"\\/classes?sort=newest","order":"2"},"gGf8Lv":{"title":"Instructoras","link":"\\/instructor-finder","order":"3"},"VBxDrB":{"title":"Blog","link":"\\/blog","order":"4"},"Uo5b2v":{"title":"Tienda","link":"\\/products","order":"4"}}'),
(52, 26, 'ar', '{"02nh9a":{"title":"\\u0627\\u0644\\u0635\\u0641\\u062d\\u0629 \\u0627\\u0644\\u0631\\u0626\\u064a\\u0633\\u064a\\u0629","link":"\\/","order":"1"},"1cH2kF":{"title":"\\u0627\\u0644\\u062f\\u0648\\u0631\\u0627\\u062a","link":"\\/classes?sort=newest","order":"2"},"gGf8Lv":{"title":"\\u0627\\u0644\\u0645\\u062f\\u0631\\u0628\\u064a\\u0646","link":"\\/instructor-finder","order":"3"},"Uo5b2v":{"title":"\\u0645\\u062a\\u062c\\u0631","link":"\\/products","order":"4"}}'),
(53, 32, 'ar', '{"image":"\\/store\\/1\\/default_images\\/home_sections_banners\\/instructor_finder_banner.jpg","title":"\\u0627\\u0639\\u062b\\u0631 \\u0639\\u0644\\u0649 \\u0623\\u0641\\u0636\\u0644 \\u0645\\u062f\\u0631\\u0628","description":"\\u062a\\u0628\\u062d\\u062b \\u0639\\u0646 \\u0645\\u062f\\u0631\\u0628\\u061f \\u0627\\u0639\\u062b\\u0631 \\u0639\\u0644\\u0649 \\u0623\\u0641\\u0636\\u0644 \\u0627\\u0644\\u0645\\u062f\\u0631\\u0628\\u064a\\u0646 \\u0648\\u0641\\u0642\\u064b\\u0627 \\u0644\\u0645\\u0639\\u0627\\u064a\\u064a\\u0631 \\u0645\\u062e\\u062a\\u0644\\u0641\\u0629 \\u0645\\u062b\\u0644 \\u0627\\u0644\\u062c\\u0646\\u0633 \\u0648\\u0645\\u0633\\u062a\\u0648\\u0649 \\u0627\\u0644\\u0645\\u0647\\u0627\\u0631\\u0629 \\u0648\\u0627\\u0644\\u0633\\u0639\\u0631 \\u0648\\u0646\\u0648\\u0639 \\u0627\\u0644\\u0627\\u062c\\u062a\\u0645\\u0627\\u0639 \\u0648\\u0627\\u0644\\u062a\\u0642\\u064a\\u064a\\u0645 \\u0648\\u0645\\u0627 \\u0625\\u0644\\u0649 \\u0630\\u0644\\u0643.\\r\\n\\u0627\\u0628\\u062d\\u062b \\u0639\\u0646 \\u0645\\u062f\\u0631\\u0628\\u064a\\u0646 \\u0639\\u0644\\u0649 \\u0627\\u0644\\u062e\\u0631\\u064a\\u0637\\u0629.","button1":{"title":"\\u0627\\u0644\\u0628\\u0627\\u062d\\u062b \\u0639\\u0646 \\u0627\\u0644\\u0645\\u0639\\u0644\\u0645","link":"\\/instructor-finder\\/wizard"},"button2":{"title":"\\u0645\\u062f\\u0631\\u0633\\u0648\\u0646 \\u0639\\u0644\\u0649 \\u0627\\u0644\\u062e\\u0631\\u064a\\u0637\\u0629","link":"\\/instructor-finder"}}'),
(54, 32, 'es', '{"image":"\\/store\\/1\\/default_images\\/home_sections_banners\\/instructor_finder_banner.jpg","title":"Encuentra la mejor instructora","description":"\\u00bfBuscas un instructor? Encuentre los mejores instructores seg\\u00fan diferentes par\\u00e1metros como g\\u00e9nero, nivel de habilidad, precio, tipo de reuni\\u00f3n, calificaci\\u00f3n, etc.\\r\\nEncuentra instructores en el mapa.","button1":{"title":"Buscadora de tutores","link":"\\/instructor-finder\\/wizard"},"button2":{"title":"Tutores en el mapa","link":"\\/instructor-finder"}}'),
(55, 33, 'ar', '{"image":"\\/store\\/1\\/default_images\\/home_sections_banners\\/club_points_banner.png","title":"\\u0627\\u0631\\u0628\\u062d \\u0646\\u0642\\u0627\\u0637 \\u0627\\u0644\\u0646\\u0627\\u062f\\u064a","description":"\\u0627\\u0633\\u062a\\u062e\\u062f\\u0645 Rocket LMS \\u0648\\u0627\\u0631\\u0628\\u062d \\u0646\\u0642\\u0627\\u0637 \\u0627\\u0644\\u0646\\u0627\\u062f\\u064a \\u0648\\u0641\\u0642\\u064b\\u0627 \\u0644\\u0644\\u0623\\u0646\\u0634\\u0637\\u0629 \\u0627\\u0644\\u0645\\u062e\\u062a\\u0644\\u0641\\u0629.\\r\\n\\u0633\\u062a\\u062a\\u0645\\u0643\\u0646 \\u0645\\u0646 \\u0627\\u0633\\u062a\\u062e\\u062f\\u0627\\u0645 \\u0646\\u0642\\u0627\\u0637 \\u0627\\u0644\\u0646\\u0627\\u062f\\u064a \\u0627\\u0644\\u062e\\u0627\\u0635\\u0629 \\u0628\\u0643 \\u0644\\u0644\\u062d\\u0635\\u0648\\u0644 \\u0639\\u0644\\u0649 \\u062c\\u0648\\u0627\\u0626\\u0632 \\u0648\\u062f\\u0648\\u0631\\u0627\\u062a \\u0645\\u062c\\u0627\\u0646\\u064a\\u0629. \\u0627\\u0628\\u062f\\u0623 \\u0641\\u064a \\u0627\\u0633\\u062a\\u062e\\u062f\\u0627\\u0645 \\u0627\\u0644\\u0646\\u0638\\u0627\\u0645 \\u0627\\u0644\\u0622\\u0646 \\u0648\\u0627\\u062c\\u0645\\u0639 \\u0627\\u0644\\u0646\\u0642\\u0627\\u0637!","button1":{"title":"\\u0627\\u0644\\u0645\\u0643\\u0627\\u0641\\u0622\\u062a","link":"\\/reward-courses"},"button2":{"title":"\\u0646\\u0627\\u062f\\u064a \\u0627\\u0644\\u0646\\u0642\\u0627\\u0637","link":"\\/panel\\/rewards"}}'),
(56, 33, 'es', '{"image":"\\/store\\/1\\/default_images\\/home_sections_banners\\/club_points_banner.png","title":"Gana puntos del club","description":"Utilice Rocket LMS y gane puntos del club seg\\u00fan diferentes actividades.\\r\\nPodr\\u00e1s utilizar tus puntos del club para conseguir premios y cursos gratuitos. \\u00a1Comience a usar el sistema ahora y acumule puntos!","button1":{"title":"Recompensas","link":"\\/reward-courses"},"button2":{"title":"club de puntos","link":"\\/panel\\/rewards"}}'),
(57, 40, 'ar', '{"image":"\\/store\\/1\\/default_images\\/home_sections_banners\\/become_instructor_banner.jpg","title":"\\u0643\\u0646 \\u0645\\u062f\\u0631\\u0628\\u064b\\u0627","description":"\\u0647\\u0644 \\u0623\\u0646\\u062a \\u0645\\u0647\\u062a\\u0645 \\u0628\\u0623\\u0646 \\u062a\\u0643\\u0648\\u0646 \\u062c\\u0632\\u0621\\u064b\\u0627 \\u0645\\u0646 \\u0645\\u062c\\u062a\\u0645\\u0639\\u0646\\u0627\\u061f\\r\\n\\u064a\\u0645\\u0643\\u0646\\u0643 \\u0623\\u0646 \\u062a\\u0643\\u0648\\u0646 \\u062c\\u0632\\u0621\\u064b\\u0627 \\u0645\\u0646 \\u0645\\u062c\\u062a\\u0645\\u0639\\u0646\\u0627 \\u0645\\u0646 \\u062e\\u0644\\u0627\\u0644 \\u0627\\u0644\\u062a\\u0633\\u062c\\u064a\\u0644 \\u0643\\u0645\\u062f\\u0631\\u0628 \\u0623\\u0648 \\u0645\\u0646\\u0638\\u0645\\u0629.","button1":{"title":"\\u0643\\u0646 \\u0645\\u062f\\u0631\\u0633\\u064b\\u0627","link":"\\/become-instructor"},"button2":{"title":"\\u062d\\u0632\\u0645 \\u0627\\u0644\\u062a\\u0633\\u062c\\u064a\\u0644","link":"become-instructor\\/packages\\/"}}'),
(58, 40, 'es', '{"image":"\\/store\\/1\\/default_images\\/home_sections_banners\\/become_instructor_banner.jpg","title":"Convi\\u00e9rtete en instructora","description":"\\u00bfEst\\u00e1s interesado en ser parte de nuestra comunidad?\\r\\nPuedes ser parte de nuestra comunidad registr\\u00e1ndote como instructor u organizaci\\u00f3n.","button1":{"title":"Convi\\u00e9rtete en instructora","link":"\\/become-instructor"},"button2":{"title":"Paquetes de registro","link":"become-instructor\\/packages\\/"}}'),
(59, 42, 'en', '{"primary":"#abeb3e","primary-border":"#abeb3e","primary-hover":"#0567a9","primary-border-hover":"#0567a9","primary-btn-shadow":"#abeb3e","primary-btn-shadow-hover":"#0567a9","primary-btn-color":null,"primary-btn-color-hover":null,"secondary":null,"secondary-border":null,"secondary-hover":null,"secondary-border-hover":null,"secondary-btn-shadow":null,"secondary-btn-shadow-hover":null,"secondary-btn-color":null,"secondary-btn-color-hover":null,"front_body_background":null,"admin_primary":"#6777ef"}'),
(60, 44, 'en', '{"cookie_settings_modal_message":"<p>When you visit any of our websites, it may store or retrieve information on your browser, mostly in the form of cookies. This information might be about you, your preferences or your device and is mostly used to make the site work as you expect it to. The information does not usually directly identify you, but it can give you a more personalized web experience. Because we respect your right to privacy, you can choose not to allow some types of cookies. Click on the different category headings to find out more and manage your preferences. Please note, that blocking some types of cookies may impact your experience of the site and the services we are able to offer.<\\/p>","cookie_settings_modal_items":{"dDRjfkGvQfFzQJpa":{"title":"Strictly Necessary","description":"These cookies are necessary for our website to function properly and cannot be switched off in our systems. They are usually only set in response to actions made by you that amount to a request for services, such as setting your privacy preferences, logging in or filling in forms, or where they\\u2019re essential to providing you with a service you have requested. You cannot opt out of these cookies. You can set your browser to block or alert you about these cookies, but if you do, some parts of the site will not then work. These cookies do not store any personally identifiable information.","required":"1"},"mOzJowgvTnWFlRzz":{"title":"Performance Cookies","description":"These cookies allow us to count visits and traffic sources so we can measure and improve the performance of our site. They help us to know which pages are the most and least popular and see how visitors move around the site, which helps us optimize your experience. All information these cookies collect is aggregated and therefore anonymous. If you do not allow these cookies we will not be able to use your data in this way.","required":"0"},"XBMtdYaeSrqMicTH":{"title":"Functional Cookies","description":"These cookies enable the website to provide enhanced functionality and personalization. They may be set by us or by third-party providers whose services we have added to our pages. If you do not allow these cookies then some or all of these services may not function properly.","required":"0"},"XlLqzsvNpRqdcNWP":{"title":"Targeting Cookies","description":"These cookies may be set through our site by our advertising partners. They may be used by those companies to build a profile of your interests and show you relevant adverts on other sites. They do not store directly personal information but are based on uniquely identifying your browser and internet device. If you do not allow these cookies, you will experience less targeted advertising.","required":"0"}}}'),
(61, 41, 'en', '{"status":"0","virtual_product_commission":"20","physical_product_commission":"10","store_tax":"10","possibility_create_virtual_product":"0","possibility_create_physical_product":"0","shipping_tracking_url":"https:\\/\\/www.tracking.my\\/","activate_comments":"0","show_address_selection_in_cart":"0","take_address_selection_optional":"0"}'),
(62, 46, 'en', '{"main":{"regular":"\\/store\\/1\\/fonts\\/montserrat-regular.woff2","bold":"\\/store\\/1\\/fonts\\/montserrat-bold.woff2","medium":"\\/store\\/1\\/fonts\\/montserrat-medium.woff2"},"rtl":{"regular":"\\/store\\/1\\/fonts\\/Vazir-Regular.woff2","bold":"\\/store\\/1\\/fonts\\/Vazir-Bold.woff2","medium":"\\/store\\/1\\/fonts\\/Vazir-Medium.woff2"}}'),
(63, 43, 'en', '{"image":"\\/store\\/1\\/default_images\\/forums\\/forum_section.jpg","title":"Have a Question? Ask it in forum and get answer","description":"Our forums helps you to create your questions on different subjects and communicate with other forum users. Our users will help you to get the best answer!","button1":{"title":"Create a new topic","link":"\\/forums\\/create-topic"},"button2":{"title":"Browse forums","link":"\\/forums"}}'),
(64, 45, 'en', '{"mobile_app_hero_image":"\\/store\\/1\\/default_images\\/app_only.png","mobile_app_description":"<div>Is an amazing, modern, and clean landing page for showcasing your app or anything else.<\\/div><div><br><\\/div><div>A mobile application or app is a computer program or software application designed to run on a mobile device such as a phone, tablet, or watch. Mobile applications often stand in contrast to desktop applications which are designed to run on desktop computers, and web applications which run in mobile web browsers rather than directly on the mobile device.<\\/div>","mobile_app_buttons":{"htQgcSjzjLJlGRyY":{"title":"Download from Play Store","link":"https:\\/\\/play.google.com\\/store\\/games","icon":"\\/store\\/1\\/default_images\\/google-play.png","color":"primary"}}}'),
(65, 48, 'en', '{"image":"\\/store\\/1\\/default_images\\/ads_modal.png","title":"Sales Campaign","description":"We have a sales campaign on our promoted courses and products. You can purchase 150 products at a discounted price up to 50% discount.","button1":{"title":"View Courses","link":"\\/classes"},"button2":{"title":"View Products","link":"\\/products"}}'),
(66, 52, 'en', '{"show_guarantee_text":"1","guarantee_text":"5 Days money back guarantee","user_avatar_style":"ui_avatar","default_user_avatar":"\\/store\\/1\\/default_images\\/default_profile.jpg","platform_phone_and_email_position":"footer"}'),
(67, 47, 'en', '{"webinar_reminder_schedule":"1","meeting_reminder_schedule":"1","subscribe_reminder_schedule":"48"}'),
(68, 61, 'en', '{"offline_banks_status":"0"}'),
(69, 62, 'en', '{"status":"0","allow_sending_gift_for_courses":"0","allow_sending_gift_for_bundles":"0","allow_sending_gift_for_products":"0"}'),
(70, 63, 'en', '{"status":"0","unlock_registration_bonus_instantly":"0","unlock_registration_bonus_with_referral":"0","number_of_referred_users":null,"enable_referred_users_purchase":"0","purchase_amount_for_unlocking_bonus":null,"registration_bonus_amount":"50","bonus_wallet":"balance_wallet"}'),
(71, 57, 'en', '{"enable_statistics":"1","display_default_statistics":"1"}'),
(72, 56, 'en', '{"currency":"SAR","currency_position":"left","currency_separator":"dot","currency_decimal":"2","multi_currency":"0"}'),
(73, 53, 'en', '{"login_device_limit":"0","number_of_allowed_devices":"10","captcha_for_admin_login":"0","captcha_for_admin_forgot_pass":"0","captcha_for_login":"0","captcha_for_register":"0","captcha_for_forgot_pass":"0","admin_panel_url":"admin"}'),
(74, 54, 'en', '{"status":"0","disable_course_access_when_user_have_an_overdue_installment":"0","disable_all_courses_access_when_user_have_an_overdue_installment":"0","disable_instalments_when_the_user_have_an_overdue_installment":"0","allow_cancel_verification":"0","display_installment_button":"0","overdue_interval_days":"3","installment_plans_position":"top_of_page","reminder_before_overdue_days":"3","reminder_after_overdue_days":"2"}'),
(75, 58, 'en', '{"title":"We are under maintenance!","image":"\\/store\\/1\\/default_images\\/maintenance.png","description":"We are working on the platform; It won''t take a long time. We will try to back as soon as possible.","maintenance_button":{"title":"Sample Button","link":"\\/"},"end_date":1740094200}'),
(76, 64, 'en', '{"term_image":"\\/store\\/1\\/default_images\\/registration bonus\\/banner.png","items":{"DnrPr":{"icon":"\\/store\\/1\\/default_images\\/registration bonus\\/step1.svg","title":"Sign up","description":"Create an account on platform and get $50"},"eNMTB":{"icon":"\\/store\\/1\\/default_images\\/registration bonus\\/step2.svg","title":"Refer your friends","description":"Refer at least 5 users to the system using your affiliate URL"},"fdIUc":{"icon":"\\/store\\/1\\/default_images\\/registration bonus\\/step3.svg","title":"Reach purchase target","description":"Each referred user should purchase $100 on the platform"},"oeMZr":{"icon":"\\/store\\/1\\/default_images\\/registration bonus\\/step4.svg","title":"Unlock your bonus","description":"Your bonus will be unlocked! Enjoy spending..."}}}'),
(77, 55, 'en', '{"terms_description":"<p>Welcome to our website! To ensure the best possible experience for all users, please review and agree to the following terms and rules before using our installment feature:<\\/p><p>Installment Payment Plan: Our website offers an installment payment plan for select courses. By selecting the installment payment option, you agree to pay the full course fee in multiple installments. Each installment payment will be automatically deducted from the payment method you provided on the scheduled dates until the full payment is completed.<\\/p><p>Payment Plan Fees: Our installment payment plan may include a small processing fee for each installment payment. The total processing fee will be disclosed to you before you select the installment payment option.<\\/p><p>Late Payment: If a payment is not received on the scheduled date, a late payment fee may be added to the next scheduled payment.<\\/p><p>Refunds: Once an installment payment is made, it is non-refundable. However, if you wish to cancel your enrollment in the course, you may be eligible for a partial refund according to our Refund Policy.<\\/p><p>Default: If you default on a payment or fail to complete the full payment plan, your access to the course will be revoked, and you may be subject to additional fees and collection efforts.<\\/p><p>Privacy: Your personal and payment information will be kept secure and confidential. We use industry-standard security measures to protect your information.<\\/p><p>Changes to Terms and Rules: We reserve the right to modify these terms and rules at any time. Any changes will be posted on our website and will become effective immediately upon posting.<\\/p><p>By using our installment payment plan, you agree to these terms and rules. If you have any questions or concerns, please contact our support team.<\\/p>"}'),
(78, 65, 'en', '{"status":"0","active_for_admin_panel":"0","active_for_organization_panel":"0","active_for_instructor_panel":"0","secret_key":null,"activate_text_service_type":"0","text_service_type":"gpt-3.5-turbo","number_of_text_generated_per_request":"1","max_tokens":"500","activate_image_service_type":"0","number_of_images_generated_per_request":"1"}'),
(79, 66, 'en', '{"_token":"Vs87fzAsqf3B65jxoRr8f2ivsRcK85A3dSF9123H","page":"general","name":"certificate_settings","locale":"en","status":"0","certificate_id":"CR","ltr_font":"\\/store\\/1\\/fonts\\/montserrat-medium.woff2","rtl_font":"\\/store\\/1\\/fonts\\/Vazir-Medium.woff2","certificate_api_user_id":null,"certificate_api_key":null}'),
(80, 67, 'en', '{"status":"0","reset_cart_items":"0","reset_hours":null,"default_cart_reminder":"121","default_cart_coupon_template":"122"}'),
(81, 68, 'en', '{"title":"Access Limited","image":"\\/store\\/1\\/default_images\\/maintenance.png","description":"Your IP is not allowed to access the website."}'),
(82, 59, 'en', '{"direct_publication_of_courses":"0","direct_publication_of_comments":"0","direct_publication_of_reviews":"0","direct_publication_of_blog":"0","allow_instructor_delete_content":"1","content_delete_method":"delete_with_admin_approval","disable_registration_verification_process":null}'),
(83, 69, 'en', '{"courses":{"type":"percent","value":"20"},"bundles":{"type":"percent","value":"20"},"virtual_products":{"type":"percent","value":"30"},"physical_products":{"type":"percent","value":"10"},"meetings":{"type":"percent","value":"30"}}');

INSERT INTO `cschool`.`settings` (`id`, `page`, `name`, `updated_at`) VALUES 
(1, 'seo', 'seo_metas', 1709806236),
(2, 'general', 'socials', 1632121340),
(4, 'other', 'footer', 1632071275),
(5, 'general', 'general', 1745008784),
(6, 'financial', 'financial', 1728210272),
(8, 'personalization', 'home_hero', 1745008499),
(12, 'customization', 'custom_css_js', 1636119881),
(14, 'personalization', 'page_background', 1745007357),
(15, 'personalization', 'home_hero2', 1745008951),
(20, 'other', 'report_reasons', 1632235945),
(22, 'notifications', 'notifications', 1694993271),
(23, 'financial', 'site_bank_accounts', 1617002426),
(24, 'other', 'contact_us', 1727513990),
(25, 'personalization', 'home_sections', 1653226117),
(26, 'other', 'navbar_links', 1745233411),
(27, 'personalization', 'home_video_or_image_box', 1728156868),
(28, 'other', '404', 1678950792),
(29, 'personalization', 'panel_sidebar', 1642355954),
(30, 'financial', 'referral', 1709913291),
(31, 'general', 'features', 1728323577),
(32, 'personalization', 'find_instructors', 1642530710),
(33, 'personalization', 'reward_program', 1728156900),
(34, 'general', 'rewards_settings', 1709913108),
(37, 'financial', 'registration_packages_general', 1709913118),
(38, 'financial', 'registration_packages_instructors', 1709913121),
(39, 'financial', 'registration_packages_organizations', 1709913126),
(40, 'personalization', 'become_instructor_section', 1645345116),
(41, 'general', 'store_settings', 1709913050),
(42, 'personalization', 'theme_colors', 1728157307),
(43, 'personalization', 'forums_section', 1650546951),
(44, 'personalization', 'cookie_settings', 1653487194),
(45, 'personalization', 'mobile_app', 1653489015),
(46, 'personalization', 'theme_fonts', 1677180546),
(47, 'general', 'reminders', 1650982581),
(48, 'other', 'advertising_modal', 1652000772),
(52, 'personalization', 'others_personalization', 1678148917),
(53, 'general', 'security', 1709913274),
(54, 'general', 'installments_settings', 1709913136),
(55, 'general', 'installments_terms_settings', 1679089417),
(56, 'financial', 'currency_settings', 1728208048),
(57, 'personalization', 'statistics', 1678151460),
(58, 'personalization', 'maintenance_settings', 1678873553),
(59, 'general', 'general_options', 1709710542),
(60, 'financial', 'offline_banks_credits', 1676303092),
(61, 'financial', 'offline_banks', 1709913284),
(62, 'general', 'gifts_general_settings', 1709913171),
(63, 'general', 'registration_bonus_settings', 1709913187),
(64, 'general', 'registration_bonus_terms_settings', 1678898719),
(65, 'general', 'ai_contents_settings', 1709913095),
(66, 'general', 'certificate_settings', 1709913000),
(67, 'general', 'abandoned_cart_settings', 1709913150),
(68, 'personalization', 'restriction_settings', 1709805826),
(69, 'financial', 'commission_settings', 1719739813);

INSERT INTO `cschool`.`special_offers` (`id`, `creator_id`, `webinar_id`, `bundle_id`, `subscribe_id`, `registration_package_id`, `name`, `percent`, `status`, `created_at`, `from_date`, `to_date`) VALUES 
(12, 1, 2002, NULL, NULL, NULL, 'Discount', 20, 'active', 1694936206, 1625081400, 1782847800),
(13, 1, 2001, NULL, 5, NULL, 'Discount Title', 20, 'active', 1694936194, 1625081400, 1782927000),
(14, 1, 2004, NULL, NULL, 3, 'Limited Offer', 40, 'active', 1709200346, 1656043200, 1798153200);

INSERT INTO `cschool`.`subscribe_translations` (`id`, `subscribe_id`, `locale`, `title`, `description`) VALUES 
(1, 3, 'en', 'Bronze', 'Suggested for personal usage'),
(2, 4, 'en', 'Gold', 'Suggested for big businesses'),
(3, 5, 'en', 'Silver', 'Suggested for small businesses'),
(4, 3, 'ar', '', '  '),
(5, 3, 'es', 'Bronce', 'Sugerido para uso personal'),
(6, 4, 'es', 'Oro', 'Sugerido para grandes empresas'),
(7, 4, 'ar', '', '  '),
(8, 5, 'ar', '', '  '),
(9, 5, 'es', 'Plata', 'Sugerido para pequeas empresas');

INSERT INTO `cschool`.`subscribe_uses` (`id`, `user_id`, `subscribe_id`, `webinar_id`, `bundle_id`, `sale_id`, `installment_order_id`) VALUES 
(9, 995, 3, 2006, NULL, 160, NULL),
(10, 995, 3, 2004, NULL, 161, NULL),
(11, 995, 3, 2002, NULL, 162, NULL);

INSERT INTO `cschool`.`subscribes` (`id`, `usable_count`, `days`, `price`, `icon`, `is_popular`, `infinite_use`, `created_at`) VALUES 
(3, 100, 15, 20.00, '/store/1/default_images/subscribe_packages/bronze.png', 0, 0, 1635441672),
(4, 1000, 30, 100.00, '/store/1/default_images/subscribe_packages/gold.png', 1, 0, 1635442074),
(5, 400, 30, 50.00, '/store/1/default_images/subscribe_packages/silver.png', 0, 0, 1635442132);

INSERT INTO `cschool`.`support_conversations` (`id`, `support_id`, `supporter_id`, `sender_id`, `attach`, `message`, `created_at`) VALUES 
(1, 25, NULL, 934, NULL, 'Hello.
I want to convert my video files to reduce their size. What software do you recommend?', 1625891270),
(2, 26, NULL, 995, NULL, 'Hello
Is it possible to refund it after the purchase if you are dissatisfied with the course?', 1625891677),
(3, 27, NULL, 930, NULL, 'Hello.
I registered an offline payment document to charge my wallet.
How long does it take for my payment to be approved?
I am going to buy a course and I would be grateful if this could be done a little earlier.', 1625891851),
(4, 28, NULL, 923, NULL, 'Hello.
Is it possible for me to receive more commission for my sales on this platform?', 1625892221),
(5, 28, 1, NULL, NULL, 'Hello.
Please send this ticket to the financial department.
Thank', 1625892332),
(6, 29, NULL, 867, NULL, 'Hello .
What are the rules if one of the live class sessions is delayed?
Is it possible to change the date of that session?', 1625895874),
(7, 29, NULL, 867, '/store/867/60da388cbcee3.png', 'Hi.
Please check attachmnet', 1625897110),
(8, 29, 1, NULL, NULL, 'Yes you can change the date of your class sessions at any time.', 1625897202),
(9, 29, NULL, 867, NULL, 'thank you.', 1625898890),
(10, 30, NULL, 995, NULL, 'Hello.
What software do you recommend to start learning?', 1625953303),
(11, 29, 1, NULL, NULL, 'you''re welcome.', 1625973471),
(12, 25, 1, NULL, NULL, 'We offer you handbrake software.', 1625973573),
(13, 26, 1, NULL, NULL, 'Hello Cameron.
Yes it is possible.', 1625973699),
(14, 31, NULL, 996, NULL, 'Hello . Which version of Linux should I install to get started?', 1626062396),
(15, 31, NULL, 1015, NULL, 'Hello . I recommend version 6.0.4.', 1626062467),
(16, 31, NULL, 996, NULL, 'I get an error during installation.', 1626062520),
(17, 31, NULL, 1015, NULL, 'Please send a screenshot.', 1626062578),
(18, 31, NULL, 996, '/store/996/lmX4K.png', 'Please check attachment .', 1626062690),
(19, 31, NULL, 1015, NULL, 'I will check and let you know the problem.', 1626062756),
(20, 32, NULL, 995, NULL, 'Hello . Which version of Linux should I install for getting start?', 1626062941),
(21, 32, NULL, 1015, NULL, 'Hello . I recommend version 5.8.4.', 1626063058),
(22, 33, NULL, 995, NULL, 'Hello. I was supposed to get this refund via email. Please follow my request.', 1626063457),
(23, 33, 1, NULL, NULL, 'Hello. We will check. Thanks', 1626063496),
(24, 33, NULL, 995, NULL, 'Thanks.', 1626063547),
(25, 34, NULL, 995, NULL, 'Hello.
In the quiz of course that I bought was the wrong question.
Course Name: Photoshop course from beginner to advanced
Question number : 3
Please check it. thank you', 1626250124),
(65, 36, NULL, 1052, NULL, '          ', 1729757327);

INSERT INTO `cschool`.`support_department_translations` (`id`, `support_department_id`, `locale`, `title`) VALUES 
(1, 2, 'en', 'Financial'),
(2, 3, 'en', 'Content'),
(3, 4, 'en', 'Marketing'),
(4, 4, 'ar', ''),
(5, 4, 'es', 'Mrketing'),
(6, 3, 'es', 'Contenido'),
(7, 3, 'ar', ''),
(8, 2, 'ar', ' '),
(9, 2, 'es', 'Financiera');

INSERT INTO `cschool`.`support_departments` (`id`, `created_at`) VALUES 
(2, 1635445554),
(3, 1635445486),
(4, 1635445505);

INSERT INTO `cschool`.`supports` (`id`, `user_id`, `webinar_id`, `department_id`, `title`, `status`, `created_at`, `updated_at`) VALUES 
(25, 934, NULL, 3, 'Convert Videos', 'close', 1625891270, 1625973596),
(26, 995, NULL, 3, 'Pre-Purchase Question', 'close', 1625891677, 1625973708),
(27, 930, NULL, 2, 'Pending Offline Payment', 'open', 1625891851, 1625891851),
(28, 923, NULL, 3, 'Commission Rate', 'supporter_replied', 1625892221, 1625892332),
(29, 867, NULL, 3, 'Class delay', 'supporter_replied', 1625895874, 1625973471),
(30, 995, 2005, NULL, 'design software', 'open', 1625953303, 1625953303),
(31, 996, 1996, NULL, 'help for start', 'replied', 1626062396, 1626062756),
(32, 995, 1996, NULL, 'Version of linux', 'close', 1626062941, 1626065078),
(33, 995, NULL, 2, 'Refund Request #64237', 'close', 1626063457, 1626063559),
(34, 995, NULL, 3, 'Problem with quiz', 'open', 1626250124, 1626250124),
(36, 1052, 2050, NULL, '', 'open', 1729757327, 1729757327);

INSERT INTO `cschool`.`tags` (`id`, `title`, `webinar_id`, `bundle_id`, `upcoming_course_id`) VALUES 
(6423, 'travel', 2007, NULL, NULL),
(6424, 'Travel Management', 2007, NULL, NULL),
(6425, 'trip', 2007, NULL, NULL),
(6452, 'Listening', 2003, NULL, NULL),
(6453, 'Listen', 2003, NULL, NULL),
(6454, 'Listener', 2003, NULL, NULL),
(6464, 'Angular', 2001, NULL, NULL),
(6465, 'AngularJS', 2001, NULL, NULL),
(6466, 'Javascript', 2001, NULL, NULL),
(6485, 'fitness', 2002, NULL, NULL),
(6486, 'Health & Fitness', 2002, NULL, NULL),
(6487, 'Health', 2002, NULL, NULL),
(6514, 'travel', 2006, NULL, NULL),
(6515, 'trip', 2006, NULL, NULL),
(6516, 'World Trip', 2006, NULL, NULL),
(6548, 'web', 2005, NULL, NULL),
(6549, 'design', 2005, NULL, NULL),
(6550, 'web design', 2005, NULL, NULL),
(6551, 'Virtual Team', 1999, NULL, NULL),
(6552, 'Team', 1999, NULL, NULL),
(6591, 'web', NULL, 2, NULL),
(6592, 'programming', NULL, 2, NULL),
(6595, 'energy', NULL, 3, NULL),
(6596, 'solar energy', NULL, 3, NULL),
(6611, 'office', NULL, 1, NULL),
(6612, 'bundle', NULL, 1, NULL),
(6627, 'python', NULL, NULL, 3),
(6631, 'Photography', NULL, NULL, 4),
(6632, 'Digital Photography', NULL, NULL, 4),
(6634, 'Web Design', NULL, NULL, 5),
(6678, 'Drip', 2010, NULL, NULL),
(6679, 'Assignment', 2010, NULL, NULL),
(6687, 'Excel', 1998, NULL, NULL),
(6688, 'microsoft excel', 1998, NULL, NULL),
(6689, 'excel class', 1998, NULL, NULL),
(6690, 'Time', 2000, NULL, NULL),
(6691, 'Time Management', 2000, NULL, NULL),
(6692, 'Save Time', 2000, NULL, NULL),
(6693, 'Guitar', 2008, NULL, NULL),
(6694, 'Guitar Masterclass', 2008, NULL, NULL),
(6706, 'Live Class', 2009, NULL, NULL),
(6707, 'New Live System', 2009, NULL, NULL),
(6721, 'test', 2027, NULL, NULL),
(6731, 'rwr', 2029, NULL, NULL),
(6747, 'php', NULL, 5, NULL),
(6748, 'laravel', NULL, 5, NULL),
(6759, 'web', NULL, 6, NULL),
(6771, 'linux', 1996, NULL, NULL),
(6772, 'os', 1996, NULL, NULL),
(6773, 'network', 1996, NULL, NULL);

INSERT INTO `cschool`.`testimonial_translations` (`id`, `testimonial_id`, `locale`, `user_name`, `user_bio`, `comment`) VALUES 
(1, 2, 'en', 'Ryan Newman', 'Data Analyst at Microsoft', '"We''ve used&nbsp; LMS for the last 2&nbsp; years. Thanks for the great service."'),
(2, 3, 'en', 'Megan Hayward', 'System Administrator at Amazon', '"We''re loving it. LMS is both perfect&nbsp; &nbsp; and highly adaptable."'),
(3, 4, 'en', 'Natasha Hope', 'IT Technician at IBM', '"I am really satisfied with my LMS. It''s the perfect solution for our business."'),
(4, 5, 'en', 'Charles Dale', 'Computer Engineer at Oracle', '"I am so pleased with this product. I couldn''t have asked for more than this."'),
(5, 6, 'en', 'David Patterson', 'Network Technician at Cisco', '" LMS impressed me on multiple&nbsp; &nbsp; &nbsp; &nbsp; &nbsp; &nbsp;levels."'),
(6, 2, 'ar', 'Abdul Jabbaar el-Kaleel', '   ', '"  Rocket LMS   .    ."'),
(7, 2, 'es', 'Ryan Newman', 'Analista de datos en Microsoft', '"Hemos utilizado Rocket LMS durante los ltimos 2 aos. Gracias por el gran servicio"'),
(8, 3, 'es', 'Megan Hayward', 'Administradora de sistemas en Amazon', '"Nos encanta. Rocket LMS es perfecto y muy adaptable".'),
(9, 3, 'ar', 'Khaleela el-Alam', '   ', '" . Rocket LMS     ."'),
(10, 4, 'es', 'Natasha Hope', 'Tcnico de TI en IBM', '"Estoy realmente satisfecho con mi Rocket LMS. Es la solucin perfecta para nuestro negocio"'),
(11, 4, 'ar', 'Sakeena el-Shad', '       ', '"    Rocket LMS.    ."'),
(12, 5, 'es', 'Charles Dale', 'Ingeniera informatica en oracle', '"Estoy muy satisfecho con este producto. No podra haber pedido ms que esto"'),
(13, 5, 'ar', 'Rifat el-Younis', ' ', '"    .      ."'),
(14, 6, 'es', 'David Patterson', 'Tcnico de redes en Cisco', '"Rocket LMS me impresion en varios niveles"'),
(15, 6, 'ar', 'Ahmed al-Mansouri', '   ', '"   Rocket LMS   ."');

INSERT INTO `cschool`.`testimonials` (`id`, `user_avatar`, `rate`, `status`, `created_at`) VALUES 
(2, '/store/1/default_images/testimonials/profile_picture (28).jpg', '5', 'active', 1606841889),
(3, '/store/1/default_images/testimonials/profile_picture (50).jpg', '5', 'active', 1606841910),
(4, '/store/1/default_images/testimonials/profile_picture (38).jpg', '5', 'active', 1606841929),
(5, '/store/1/default_images/testimonials/profile_picture (20).jpg', '5', 'active', 1606841946),
(6, '/store/1/default_images/testimonials/profile_picture (52).jpg', '5', 'active', 1606842000);

INSERT INTO `cschool`.`text_lesson_translations` (`id`, `text_lesson_id`, `locale`, `title`, `summary`, `content`) VALUES 
(1, 13, 'en', 'Hello, World!', 'Get started learning Python with DataCamp''s free Intro to Python tutorial. Learn Data Science by completing interactive coding challenges and watching videos by expert instructors. Start Now!', '<div>Python is a very simple language, and has a very straightforward syntax. It encourages programmers to program without boilerplate (prepared) code. The simplest directive in Python is the "print" directive - it simply prints out a line (and also includes a newline, unlike in C).</div><div><br></div><div>There are two major Python versions, Python 2 and Python 3. Python 2 and 3 are quite different. This tutorial uses Python 3, because it more semantically correct and supports newer features.</div><div><br></div><div>For example, one difference between Python 2 and 3 is the print statement. In Python 2, the "print" statement is not a function, and therefore it is invoked without parentheses. However, in Python 3, it is a function, and must be invoked with parentheses.</div>'),
(2, 14, 'en', 'Learning', 'Before getting started, you may want to find out which IDEs and text editors are tailored to make Python editing easy, browse the list of introductory books, or look at code samples that you might find helpful.', '<div>There is a list of tutorials suitable for experienced programmers on the BeginnersGuide/Tutorials page. There is also a list of resources in other languages which might be useful if English is not your first language.</div><div><br></div><div>The online documentation is your first port of call for definitive information. There is a fairly brief tutorial that gives you basic information about the language and gets you started. You can follow this by looking at the library reference for a full description of Python''s many libraries and the language reference for a complete (though somewhat dry) explanation of Python''s syntax. If you are looking for common Python recipes and patterns, you can browse the ActiveState Python Cookbook</div>'),
(3, 15, 'en', 'Looking for Something Specific?', 'If you want to know whether a particular application, or a library with particular functionality, is available in Python there are a number of possible sources of information.', '<p>If you want to know whether a particular application, or a library with particular functionality, is available in Python there are a number of possible sources of information. The Python web site provides a Python Package Index (also known as the Cheese Shop, a reference to the Monty Python script of that name). There is also a search page for a number of sources of Python-related information. Failing that, just Google for a phrase including the word ''''python'''' and you may well get the result you need. If all else fails, ask on the python newsgroup and there''s a good chance someone will put you on the right track.</p><p>Python is an interpreted high-level general-purpose programming language. Python''s design philosophy emphasizes code readability with its notable use of significant indentation. Its language constructs as well as its object-oriented approach aim to help programmers write clear, logical code for small and large-scale projects.[30]</p><p><br></p><p>Python is dynamically-typed and garbage-collected. It supports multiple programming paradigms, including structured (particularly, procedural), object-oriented and functional programming. Python is often described as a "batteries included" language due to its comprehensive standard library.[31]</p><p><br></p><p>Guido van Rossum began working on Python in the late 1980s, as a successor to the ABC programming language, and first released it in 1991 as Python 0.9.0.[32] Python 2.0 was released in 2000 and introduced new features, such as list comprehensions and a garbage collection system using reference counting. Python 3.0 was released in 2008 and was a major revision of the language that is not completely backward-compatible and much Python 2 code does not run unmodified on Python 3. Python 2 was discontinued with version 2.7.18 in 2020.[33]</p><p><br></p><p>Python consistently ranks as one of the most popular programming languages.</p>');

INSERT INTO `cschool`.`text_lessons` (`id`, `creator_id`, `webinar_id`, `chapter_id`, `image`, `study_time`, `accessibility`, `check_previous_parts`, `access_after_day`, `order`, `status`, `created_at`, `updated_at`) VALUES 
(13, 934, 1997, 26, '/store/934/hero (9).jpg', 5, 'free', 0, NULL, 1, 'active', 1624954655, 1635417906),
(14, 934, 1997, 26, '/store/934/hero (14).jpg', 10, 'free', 0, NULL, 2, 'active', 1624954929, 1635417914),
(15, 934, 1997, 26, '/store/934/hero (4).jpg', 20, 'free', 0, NULL, 3, 'active', 1624956733, 1635417921);

INSERT INTO `cschool`.`text_lessons_attachments` (`id`, `text_lesson_id`, `file_id`, `created_at`) VALUES (14, 13, 35, 1635417906);

INSERT INTO `cschool`.`ticket_translations` (`id`, `ticket_id`, `locale`, `title`) VALUES 
(1, 28, 'en', 'Golden Offer'),
(2, 29, 'en', 'Silver Offer'),
(3, 30, 'en', 'First Students Offer'),
(4, 31, 'en', 'First Price Plan'),
(27, 40, 'en', 'test'),
(29, 42, 'en', 'tst'),
(30, 43, 'en', 'test'),
(33, 46, 'en', ' ');

INSERT INTO `cschool`.`ticket_users` (`id`, `ticket_id`, `user_id`, `created_at`) VALUES 
(6, 28, 995, 1625996979),
(7, 28, 996, 1626060553),
(8, 28, 930, 1626060837),
(9, 31, 929, 1626241214),
(10, 31, 1017, 1639379395);

INSERT INTO `cschool`.`tickets` (`id`, `creator_id`, `webinar_id`, `bundle_id`, `start_date`, `end_date`, `discount`, `capacity`, `order`, `created_at`, `updated_at`, `deleted_at`) VALUES 
(28, 1015, 1998, NULL, 1702616400, 1734238800, 50, 10, NULL, 1624965807, 1709538929, NULL),
(29, 1015, 1998, NULL, 1734238800, 1797310800, 20, 20, NULL, 1624965932, 1709538910, NULL),
(30, 929, 1999, NULL, 1622489400, 1623267000, 20, 100, NULL, 1625038262, NULL, NULL),
(31, 864, 2003, NULL, 1625081400, 1690831800, 25, 5, NULL, 1625299801, NULL, NULL),
(40, 1016, 2026, NULL, 1728273600, 1728273600, 10, NULL, NULL, 1728325617, NULL, NULL),
(42, 1016, 2027, NULL, 1728964800, 1731214800, 10, 10, NULL, 1728325945, NULL, NULL),
(43, 1016, 2029, NULL, 1728273600, 1728273600, 10, NULL, NULL, 1728326807, NULL, NULL),
(46, 1016, 2033, NULL, 1728334800, 1728334800, 10, 20, NULL, 1728369002, NULL, NULL);

INSERT INTO `cschool`.`trend_categories` (`id`, `category_id`, `icon`, `color`, `created_at`) VALUES 
(1, 609, '/store/1/default_images/trend_categories_icons/briefcase.png', '#7367f0', 1605117336),
(3, 604, '/store/1/default_images/trend_categories_icons/family.png', '#ff7c59', 1605117336),
(4, 523, '/store/1/default_images/trend_categories_icons/muscle.png', '#28c76f', 1605117336),
(5, 602, '/store/1/default_images/trend_categories_icons/connection.png', '#ea5455', 1605117336),
(6, 520, '/store/1/default_images/trend_categories_icons/palette.png', '#45c0f9', 1605117336);

INSERT INTO `cschool`.`upcoming_course_filter_option` (`id`, `upcoming_course_id`, `filter_option_id`) VALUES 
(42, 3, 9147),
(43, 3, 9216),
(48, 4, 9114),
(49, 4, 9156),
(50, 4, 9231),
(52, 5, 9114);

INSERT INTO `cschool`.`upcoming_course_followers` (`id`, `upcoming_course_id`, `user_id`, `created_at`) VALUES 
(8, 3, 1015, 1677569743),
(9, 5, 995, 1678908505),
(10, 5, 930, 1678908543),
(11, 5, 996, 1678908564),
(12, 5, 1017, 1678908593),
(13, 5, 979, 1678908616),
(14, 4, 996, 1678908833),
(15, 4, 995, 1678908841),
(16, 4, 930, 1678908851),
(17, 3, 996, 1678908877),
(18, 3, 979, 1678908893);

INSERT INTO `cschool`.`upcoming_course_translations` (`id`, `upcoming_course_id`, `locale`, `title`, `seo_description`, `description`) VALUES 
(3, 3, 'en', 'Python for Beginners', 'This course is meant for absolute beginners in programming or in python', '<p>This python for beginners course is geared to students who want to know how python works and also to those totally new to programming.</p><p><br></p><p>The python language has very simple syntax(way to write it) to learn and it is one of the most powerful languages to learn since it can be used for a variety of things.</p><p><br></p><p>Jobs in this field are really lucrative and knowing this language will give you an edge when finding a job and making a lot more money than other developers; python developers are not as many as in other languages since people think is hard. Python is super easy to learn but very powerful since it contains many possibilities.</p><p><br></p><p>Python is growing faster and faster every day and it has surpassed many other languages over the years for a lot of reasons, which you will find out soon enough.</p>'),
(4, 4, 'en', 'Digital Photography', 'Learn how to take stunning photographs by mastering both the technical and creative sides of digital photography.', '<p>This course is divided into two broad components: first, we cover all the technical aspects, like camera equipment and support, as well as the camera''s most important settings. After that we look at the artistic side of photography, which focuses on light, composition, and creativity.</p><p><br></p><p>It has been structured in such a way that you won''t ever feel overwhelmed by technical jargon, complicated camera functions or obscure principles. The aim is to keep everything as clear and simple as possible, and this was achieved by tackling each important photographic element separately in short and concise lectures that last between 2 and 5 minutes each. The majority of lectures consist of both teacher-style video clips (where I explain a setting, principle or tip) and slides, both of which contain photographic examples and audio (where I interpret each photographic example).</p>'),
(5, 5, 'en', 'Web Design for Beginners', 'Launch a career as a web designer by learning HTML5, CSS3, responsive design, Sass and more!', '<p>You can launch a new career in web development today by learning HTML & CSS. You don''t need a computer science degree or expensive software. All you need is a computer, a bit of time, a lot of determination, and a teacher you trust. I''ve taught HTML and CSS to countless coworkers and held training sessions for fortune 100 companies. I am that teacher you can trust.</p><p><br></p><p>Don''t limit yourself by creating websites with some cheesy site-builder" tool. This course teaches you how to take 100% control over your webpages by using the same concepts that every professional website is created with.</p><p><br></p><p>This course does not assume any prior experience. We start at square one and learn together bit by bit. By the end of the course you will have created (by hand) a website that looks great on phones, tablets, laptops, and desktops alike.</p><p><br></p><p>In the summer of 2020 the course has received a new section where we push our website live up onto the web using the free GitHub Pages service; this means you''ll be able to share a link to what you''ve created with your friends, family, colleagues and the world!</p>');

INSERT INTO `cschool`.`upcoming_courses` (`id`, `creator_id`, `teacher_id`, `category_id`, `webinar_id`, `type`, `slug`, `thumbnail`, `image_cover`, `video_demo`, `video_demo_source`, `publish_date`, `timezone`, `points`, `capacity`, `price`, `duration`, `sections`, `parts`, `course_progress`, `support`, `certificate`, `include_quizzes`, `downloadable`, `forum`, `message_for_reviewer`, `status`, `created_at`) VALUES 
(3, 1015, 1015, 606, NULL, 'webinar', 'Python-for-Beginners', '/store/1015/Python for Beginners.jpg', '/store/1015/The Professional Guitar Masterclass_c.jpg', '/store/1015/Learn Linux In 5 Days.mp4', 'upload', 1708009200, 'America/New_York', 20, 50, 100.00, 60, 5, 80, 30, 1, 1, 1, 0, 1, 'Thank you', 'active', 1677566920),
(4, 1016, 1016, 520, NULL, 'webinar', 'Digital-Photography', '/store/1016/Digital Photography for Beginners.jpg', '/store/1016/1_c.jpg', NULL, NULL, 1705784400, 'America/New_York', NULL, 20, 50.00, 360, 10, 70, 50, 1, 1, 1, 1, 1, NULL, 'active', 1678876998),
(5, 934, 934, 520, 2005, 'course', 'Web-Design-for-Beginners', '/store/934/Web Design for Beginners.jpg', '/store/934/A-Z Web Programming_c.jpg', 'https://youtu.be/j1pa36PK14E', 'youtube', 1678852800, 'America/New_York', NULL, NULL, 10.00, 210, 6, 85, 100, 1, 1, 1, 1, 1, 'Thank you', 'active', 1678877796);

INSERT INTO `cschool`.`user_bank_specification_translations` (`id`, `user_bank_specification_id`, `locale`, `name`) VALUES 
(15, 10, 'en', 'Account Holder'),
(16, 11, 'en', 'Email'),
(17, 12, 'en', 'Account Holder'),
(18, 13, 'en', 'Account ID');

INSERT INTO `cschool`.`user_bank_specifications` (`id`, `user_bank_id`) VALUES 
(10, 4),
(11, 4),
(12, 5),
(13, 5);

INSERT INTO `cschool`.`user_bank_translations` (`id`, `user_bank_id`, `locale`, `title`) VALUES 
(6, 4, 'en', 'Paypal'),
(7, 5, 'en', 'Stripe');

INSERT INTO `cschool`.`user_banks` (`id`, `logo`, `created_at`) VALUES 
(4, '/store/1/default_images/payment gateways/paypal.png', 1678874235),
(5, '/store/1/default_images/payment gateways/stripe.png', 1679090196);

INSERT INTO `cschool`.`user_login_histories` (`id`, `user_id`, `browser`, `device`, `os`, `ip`, `country`, `city`, `location`, `session_id`, `session_start_at`, `session_end_at`, `end_session_type`, `created_at`) VALUES 
(2, 1, 'Chrome', 'desktop', 'Windows-10.0', '65.21.56.119', 'Finland', 'Helsinki', ST_GeomFromText('POINT(60.1719 24.9347)'), 'kN18MMzWlxgPSWBWxXTly5a3YMFGEMV9Bms521UO', 1709191017, 1709547115, 'by_admin', 1709191017),
(3, 1, 'Chrome', 'desktop', 'Windows-10.0', '65.21.56.119', 'Finland', 'Helsinki', ST_GeomFromText('POINT(60.1719 24.9347)'), 'crWa1BxQByDdaaD7kpQbAxuIYPuQc8a88lq3NfkD', 1709199245, 1709547109, 'by_admin', 1709199245),
(8, 1, 'Chrome', 'desktop', 'Windows-10.0', '65.21.56.119', 'Finland', 'Helsinki', ST_GeomFromText('POINT(60.1719 24.9347)'), 'VEdsOBa2c1SpFhLq1pddkZBQoG6y1PckbYPg8uIV', 1709533376, 1709547103, 'by_admin', 1709533376),
(9, 1, 'Chrome', 'desktop', 'Windows-10.0', '65.21.56.119', 'Finland', 'Helsinki', ST_GeomFromText('POINT(60.1719 24.9347)'), 'NuQfArQBVEWlS44gsoWu4DWDI5pvzNqczFJgjyIN', 1709539023, 1709546423, 'default', 1709539023),
(10, 995, 'Chrome', 'desktop', 'Windows-10.0', '45.137.198.136', 'The Netherlands', 'Amsterdam', ST_GeomFromText('POINT(52.3676 4.90414)'), 'kVFdvQnC7qdKycWoYpW3yS2WS4TPJ1mrdiAK5sQs', 1709546501, 1709546521, 'default', 1709546501),
(11, 1015, 'Chrome', 'desktop', 'Windows-10.0', '45.137.198.136', 'The Netherlands', 'Amsterdam', ST_GeomFromText('POINT(52.3676 4.90414)'), 'ZSNEUpUtWAPeAyhI6HlbJg7cpnRXHtNTEL1vmaig', 1709546542, 1709547043, 'default', 1709546542),
(14, 1, 'Chrome', 'desktop', 'Windows-10.0', '45.137.198.136', 'The Netherlands', 'Amsterdam', ST_GeomFromText('POINT(52.3676 4.90414)'), 'DbC76Tk4IJreGQ50Qrk14SnHCol5LKliKAf7veQp', 1709591790, 1709908764, 'by_admin', 1709591790),
(24, 1, 'Chrome', 'desktop', 'Windows-10.0', '105.36.155.141', 'Egypt', 'Cairo', ST_GeomFromText('POINT(30.0588 31.2268)'), 'a2Itb5tmFpSG96oNJQyccxZMpjilgW6gqv70Z0Oi', 1725137125, NULL, NULL, 1725137125),
(25, 1, 'Chrome', 'desktop', 'Windows-10.0', '105.36.72.105', 'Egypt', 'Cairo', ST_GeomFromText('POINT(30.0588 31.2268)'), 'oPX0Lm5oMxzJ4DKaHUhHTi95JKKYXlbM1y3Clpls', 1725310292, NULL, NULL, 1725310292),
(26, 995, 'Chrome', 'desktop', 'Windows-10.0', '45.38.189.5', 'Indonesia', 'E. Jakarta', ST_GeomFromText('POINT(-6.2087 106.8455)'), '529RpppTPByUrFO0ch4nbKFbS5BwCNuBaRrS0OzF', 1726360607, NULL, NULL, 1726360607),
(27, 1, 'Chrome', 'desktop', 'Windows-10.0', '105.38.227.229', 'Egypt', 'Cairo', ST_GeomFromText('POINT(30.0588 31.2268)'), 'fuKxMMwIWeWj4l0reNaTPfrWX6bvbUcvzFtZEkyc', 1727262934, 1727263290, 'default', 1727262934),
(28, 867, 'Chrome', 'desktop', 'Windows-10.0', '105.38.227.229', 'Egypt', 'Cairo', ST_GeomFromText('POINT(30.0588 31.2268)'), 'TD1XKnc0u9Ffkm2PbYh5kIiVB4XDCnNMbxZiMvGz', 1727263313, 1727263393, 'default', 1727263313),
(29, 1015, 'Chrome', 'desktop', 'Windows-10.0', '105.38.227.229', 'Egypt', 'Cairo', ST_GeomFromText('POINT(30.0588 31.2268)'), '7NGPaOgvB4EqoTnx67kNOIi3kABYyndtdxce5ZLW', 1727263454, 1727263547, 'default', 1727263454),
(30, 1, 'Chrome', 'desktop', 'Windows-10.0', '105.38.227.229', 'Egypt', 'Cairo', ST_GeomFromText('POINT(30.0588 31.2268)'), 'Vx5PCOJuAKNdGxk2B4qSfDgjD6qMsm2tBtP8i6QP', 1727263578, NULL, NULL, 1727263578),
(31, 1, 'Chrome', 'desktop', 'Windows-10.0', '102.9.106.225', 'Egypt', 'Alexandria', ST_GeomFromText('POINT(30.9977 29.7432)'), 'KEfuGKhVYieAkQ3vQrntqvjeMSeUeZnFJZJgDKPj', 1727513835, 1727514660, 'default', 1727513835),
(32, 1, 'Chrome', 'desktop', 'Windows-10.0', '102.9.92.178', 'Egypt', 'Alexandria', ST_GeomFromText('POINT(30.9977 29.7432)'), '3dv59saOXHFgntVE6ZrMXCuvpCJ2DuMlcOyLXULI', 1727522493, NULL, NULL, 1727522493),
(33, 1, 'Chrome', 'desktop', 'Windows-10.0', '105.183.73.69', 'Egypt', 'Cairo', ST_GeomFromText('POINT(30.0588 31.2268)'), '4UqxwR9EqdBMisu4N5wrgwYy2kLT09Y5z3E7YBNr', 1727899671, NULL, NULL, 1727899671),
(34, 1, 'Chrome', 'desktop', 'Windows-10.0', '105.33.181.80', 'Egypt', 'Cairo', ST_GeomFromText('POINT(30.0588 31.2268)'), 'QfmysJEE2ADAjyA16HNNZjyWXEQfRUj3wRLRQ21t', 1728136843, NULL, NULL, 1728136843),
(35, 1, 'Safari', 'phone', 'iOS-16_1_2', '105.33.181.80', 'Egypt', 'Cairo', ST_GeomFromText('POINT(30.0588 31.2268)'), 't91USuzzselpsIQAywpy2QuCn6MogztWThMWKe0r', 1728136883, NULL, NULL, 1728136883),
(36, 1, 'Chrome', 'desktop', 'Windows-10.0', '41.69.57.214', 'Egypt', 'Giza', ST_GeomFromText('POINT(30.008 31.2194)'), 'ET6anGlP8mtxjmK4D3qaNFTHkaM0FSpukD10uGaP', 1728136927, 1728139830, 'default', 1728136927),
(37, 1, 'Edge', 'desktop', 'Windows-10.0', '45.247.176.56', 'Egypt', 'Cairo', ST_GeomFromText('POINT(30.0588 31.2268)'), 'B6sGMyU6o5aJ9NeNzoI20NDOoWzCp8pAdQVLFdC7', 1728138306, NULL, NULL, 1728138306),
(38, 1, 'Chrome', 'desktop', 'Windows-10.0', '105.33.181.80', 'Egypt', 'Cairo', ST_GeomFromText('POINT(30.0588 31.2268)'), 'mVaH47ajCRWE1gQ16MDWZwFsNjOT2f1mTUQVXuM5', 1728139838, NULL, NULL, 1728139838),
(39, 1, 'Chrome', 'desktop', 'Windows-10.0', '41.69.57.214', 'Egypt', 'Giza', ST_GeomFromText('POINT(30.008 31.2194)'), 'LeyMO9p9vquq3r6hNPOpEk7Rh2uAZglCxYzwl3BD', 1728144465, NULL, NULL, 1728144465),
(40, 1, 'Edge', 'desktop', 'Windows-10.0', '45.247.176.56', 'Egypt', 'Cairo', ST_GeomFromText('POINT(30.0588 31.2268)'), 'xg1OR0VKHjSMO5e6OvYfbVhwnCaXCnB9mz7FFMCM', 1728146287, NULL, NULL, 1728146287),
(41, 1, 'Edge', 'desktop', 'Windows-10.0', '45.247.176.56', 'Egypt', 'Cairo', ST_GeomFromText('POINT(30.0588 31.2268)'), 'I2XL5N7lAAdQ7VDlk1k1gex6lZM1z9gxJeA0J4nO', 1728156378, 1728157552, 'default', 1728156378),
(42, 1, 'Edge', 'desktop', 'Windows-10.0', '45.247.176.56', 'Egypt', 'Cairo', ST_GeomFromText('POINT(30.0588 31.2268)'), 'WsPbMTdQB1vRp6G8tVyfpXVdvydq7OmFYqqYAGhH', 1728157635, 1728158047, 'default', 1728157635),
(43, 1, 'Edge', 'desktop', 'Windows-10.0', '45.245.235.186', 'Egypt', 'Cairo', ST_GeomFromText('POINT(30.0588 31.2268)'), 'RQ6O6US5RJ1TRpKBVwLTBsZZkBQMQ6oKoBsFxTfc', 1728164075, NULL, NULL, 1728164075),
(44, 1, 'Edge', 'desktop', 'Windows-10.0', '45.245.235.186', 'Egypt', 'Cairo', ST_GeomFromText('POINT(30.0588 31.2268)'), 't1nYKUzJnnFlAVMiluXiWlkFDcPkcBQgfwvlrSbX', 1728206679, 1728206769, 'default', 1728206679),
(45, 1, 'Edge', 'desktop', 'Windows-10.0', '105.41.65.210', 'Egypt', 'Cairo', ST_GeomFromText('POINT(30.0588 31.2268)'), 'qyIPWiBJecYG1XKTK3V5TfYGmT44LjIX1nwg4ftN', 1728206783, 1728208790, 'default', 1728206783),
(46, 1, 'Edge', 'desktop', 'Windows-10.0', '45.245.235.186', 'Egypt', 'Cairo', ST_GeomFromText('POINT(30.0588 31.2268)'), '1mmqimr1qmHztFQayTqJm5Bycoq8zbdKG24JBpMV', 1728206787, 1728206907, 'default', 1728206787),
(47, 1, 'Edge', 'desktop', 'Windows-10.0', '105.41.65.210', 'Egypt', 'Cairo', ST_GeomFromText('POINT(30.0588 31.2268)'), 'lVmMnbSDFoHeL4XGJQXNu0TeFySjFynBGrctU8W8', 1728208913, 1728209257, 'default', 1728208913),
(48, 1, 'Edge', 'desktop', 'Windows-10.0', '105.41.65.210', 'Egypt', 'Cairo', ST_GeomFromText('POINT(30.0588 31.2268)'), 'RXYQDsKYPMiPjmcFY3JEjdJXlLi4nKY2aWfrmSgX', 1728209957, 1728217454, 'default', 1728209957),
(49, 1, 'Edge', 'desktop', 'Windows-10.0', '105.41.65.210', 'Egypt', 'Cairo', ST_GeomFromText('POINT(30.0588 31.2268)'), '03E8a0M8TfJhwDPVohVuw35ea9rTO44Ws73ZU80x', 1728217746, NULL, NULL, 1728217746),
(50, 1, 'Chrome', 'desktop', 'Windows-10.0', '102.188.204.43', 'Egypt', 'Giza', ST_GeomFromText('POINT(30.008 31.2194)'), 'v02bjGSI9GlkIwlgQFD9GF7fuhY5MSl4Bh1G5Uur', 1728218615, NULL, NULL, 1728218615),
(51, 1047, 'Edge', 'desktop', 'Windows-10.0', '105.41.65.210', 'Egypt', 'Cairo', ST_GeomFromText('POINT(30.0588 31.2268)'), 'KtpxaHxPBYp0vv5Qvsoet3qD3S6v1FB0fcjAm8qb', 1728223909, 1728224070, 'default', 1728223909),
(52, 1, 'Edge', 'desktop', 'Windows-10.0', '196.157.33.15', 'Egypt', 'Cairo', ST_GeomFromText('POINT(30.0588 31.2268)'), 'u864hP6IIPC7QNCryKMVWRA8Iod6LOCtCi34eC0l', 1728239904, NULL, NULL, 1728239904),
(53, 995, 'Chrome', 'phone', 'AndroidOS-10', '114.10.99.43', 'Indonesia', 'Jakarta', ST_GeomFromText('POINT(-6.2114 106.8446)'), 'ubJsKTviO7EDZzqlOSKT0tbioXq5qDNRO3qSUt3R', 1728262678, NULL, NULL, 1728262678),
(54, 995, 'Chrome', 'phone', 'AndroidOS-12', '114.10.99.43', 'Indonesia', 'Jakarta', ST_GeomFromText('POINT(-6.2114 106.8446)'), 'GpilKGtTwPDZvWHTet3Y8tmAVIts3JdKqHxi2NtD', 1728262754, NULL, NULL, 1728262754),
(55, 1, 'Edge', 'desktop', 'Windows-10.0', '45.103.90.39', 'Egypt', 'Cairo', ST_GeomFromText('POINT(30.0588 31.2268)'), 'wgAQdmLxFIZ3dOkB5maHwvfIQXwjogs8ztYUNpux', 1728311969, 1728312074, 'default', 1728311969),
(56, 1, 'Edge', 'desktop', 'Windows-10.0', '45.103.90.39', 'Egypt', 'Cairo', ST_GeomFromText('POINT(30.0588 31.2268)'), 'CxOx5Im4HawH38Em42aw6J3dQpmpt69TH43AfeWp', 1728312084, 1728312281, 'default', 1728312084),
(57, 1, 'Edge', 'desktop', 'Windows-10.0', '45.103.90.39', 'Egypt', 'Cairo', ST_GeomFromText('POINT(30.0588 31.2268)'), 'xcskyLF3ENiun947lAck0bu6GIVSw1Zo6ykeeqeF', 1728312307, 1728312321, 'default', 1728312307),
(58, 1047, 'Edge', 'desktop', 'Windows-10.0', '45.103.90.39', 'Egypt', 'Cairo', ST_GeomFromText('POINT(30.0588 31.2268)'), 'Rs9shqJ5asHkjsCjBQhPufYhiy0Av0e2QUa8o9vc', 1728312330, 1728313876, 'default', 1728312330),
(59, 996, 'Edge', 'desktop', 'Windows-10.0', '45.103.90.39', 'Egypt', 'Cairo', ST_GeomFromText('POINT(30.0588 31.2268)'), 'ktJ3E3ixCM5YEgkEoPW3K5lkYGf7QgbB5xFH9vhC', 1728313930, 1728314126, 'default', 1728313930),
(60, 1, 'Edge', 'desktop', 'Windows-10.0', '45.103.90.39', 'Egypt', 'Cairo', ST_GeomFromText('POINT(30.0588 31.2268)'), 'GFRWAxnTQHQit7ELOEqhLCcVPLG3CNOv7aqD194D', 1728314151, 1728314275, 'default', 1728314151),
(61, 1016, 'Edge', 'desktop', 'Windows-10.0', '45.103.90.39', 'Egypt', 'Cairo', ST_GeomFromText('POINT(30.0588 31.2268)'), 'ulaRdFBrDhO1yUYy8rszeTKDkoktUs5pLfzlihYA', 1728314288, 1728314387, 'default', 1728314288),
(62, 1, 'Chrome', 'desktop', 'Windows-10.0', '41.68.22.168', 'Egypt', 'Cairo', ST_GeomFromText('POINT(30.0588 31.2268)'), 'FE9kujiALg1P92d3ebqGBAC20liaK9pyubS2f4yS', 1728314327, 1728318794, 'default', 1728314327),
(63, 1016, 'Edge', 'desktop', 'Windows-10.0', '45.103.90.39', 'Egypt', 'Cairo', ST_GeomFromText('POINT(30.0588 31.2268)'), '1ays3MMVhMDyPqtXUTzhkf7njyPSi02mptBktUMQ', 1728314404, 1728314448, 'default', 1728314404),
(64, 1047, 'Edge', 'desktop', 'Windows-10.0', '45.103.90.39', 'Egypt', 'Cairo', ST_GeomFromText('POINT(30.0588 31.2268)'), 'l14MDHRWWugSYa36KLNsDbHCz8RPw18kfXOn9CLS', 1728314484, 1728314533, 'default', 1728314484),
(65, 1, 'Edge', 'desktop', 'Windows-10.0', '45.103.90.39', 'Egypt', 'Cairo', ST_GeomFromText('POINT(30.0588 31.2268)'), '0BTzWQojAgo71TgXosl3rRziBfzYUHj7eNQhKjbm', 1728314543, 1728314992, 'default', 1728314543),
(66, 859, 'Edge', 'desktop', 'Windows-10.0', '45.103.90.39', 'Egypt', 'Cairo', ST_GeomFromText('POINT(30.0588 31.2268)'), 'qWC5bEPCWfEqjq5KRzM69iv7JynFsP0m9D0rUMwz', 1728315017, 1728315263, 'default', 1728315017),
(67, 859, 'Edge', 'desktop', 'Windows-10.0', '45.103.90.39', 'Egypt', 'Cairo', ST_GeomFromText('POINT(30.0588 31.2268)'), 'VGkJNOJNcJwmCzcXnOogHsDg3JHKJGndJ2yCBLU5', 1728315555, 1728316489, 'default', 1728315555),
(68, 1, 'Edge', 'desktop', 'Windows-10.0', '45.103.90.39', 'Egypt', 'Cairo', ST_GeomFromText('POINT(30.0588 31.2268)'), 'lBbmvBmYHqdFXef7atZROcQgK1epsvIjKdvuQawx', 1728316519, NULL, NULL, 1728316519),
(69, 1016, 'Chrome', 'desktop', 'Windows-10.0', '41.68.22.168', 'Egypt', 'Cairo', ST_GeomFromText('POINT(30.0588 31.2268)'), '4RRHE11Fx5cgR1xiapoUrlbohkXO3WoiHQ8VoXp6', 1728318825, 1728319506, 'default', 1728318825),
(70, 996, 'Chrome', 'desktop', 'Windows-10.0', '41.68.22.168', 'Egypt', 'Cairo', ST_GeomFromText('POINT(30.0588 31.2268)'), 'h4J5izijkPUPUbNIzrA6xwelGOj9mDe5qJvU19ju', 1728319552, 1728319708, 'default', 1728319552),
(71, 1047, 'Chrome', 'desktop', 'Windows-10.0', '41.68.22.168', 'Egypt', 'Cairo', ST_GeomFromText('POINT(30.0588 31.2268)'), 'n1eOuwAzWuKlHASX0Vnm80aMz8CfuSLCg4BNw7uR', 1728319802, 1728320532, 'default', 1728319802),
(72, 1047, 'Chrome', 'desktop', 'Windows-10.0', '41.68.22.168', 'Egypt', 'Cairo', ST_GeomFromText('POINT(30.0588 31.2268)'), '55FR67ObhJ0qdfGY35L7T0KLlxge8BfkJYDCi6nE', 1728320952, 1728321035, 'default', 1728320952),
(73, 996, 'Chrome', 'desktop', 'Windows-10.0', '41.68.22.168', 'Egypt', 'Cairo', ST_GeomFromText('POINT(30.0588 31.2268)'), 'dKcWwqYxqMbyU1TzX1qusSqYkKh1WQFknpKwxme0', 1728321075, 1728321738, 'default', 1728321075),
(74, 1016, 'Chrome', 'desktop', 'Windows-10.0', '41.68.22.168', 'Egypt', 'Cairo', ST_GeomFromText('POINT(30.0588 31.2268)'), 'MUqUdN6R8hKnKVnkm7F1HKTkZI4c00LIitG2sBho', 1728321764, 1728326111, 'default', 1728321764),
(75, 1047, 'Chrome', 'desktop', 'Windows-10.0', '41.68.22.168', 'Egypt', 'Cairo', ST_GeomFromText('POINT(30.0588 31.2268)'), 'VcaGEfAM6QtnXHLyHGcjq3AQRsOzWtMz0An8W5fT', 1728326195, 1728326459, 'default', 1728326195),
(76, 1047, 'Chrome', 'desktop', 'Windows-10.0', '41.68.22.168', 'Egypt', 'Cairo', ST_GeomFromText('POINT(30.0588 31.2268)'), 'mFvBf6dCGCsgZg2KPHUillCknd5l4X7OZ4pERznP', 1728326474, 1728326864, 'default', 1728326474),
(77, 1047, 'Chrome', 'desktop', 'Windows-10.0', '41.68.22.168', 'Egypt', 'Cairo', ST_GeomFromText('POINT(30.0588 31.2268)'), 'XE78JdIQMhGyBKqTvzRTEgMStbT2SSjFIzImUvel', 1728326945, 1728327384, 'default', 1728326945),
(78, 996, 'Chrome', 'desktop', 'Windows-10.0', '41.68.22.168', 'Egypt', 'Cairo', ST_GeomFromText('POINT(30.0588 31.2268)'), '7FU7aX5r4fET5hzQLWHUpi8vsqtGZEEX7NxlmD9M', 1728327401, 1728327593, 'default', 1728327401),
(79, 1047, 'Chrome', 'desktop', 'Windows-10.0', '41.68.22.168', 'Egypt', 'Cairo', ST_GeomFromText('POINT(30.0588 31.2268)'), '4h6P68xA2VuaLQS2PUf93uU4xSRxgrIc0wEU79kI', 1728327636, 1728349624, 'default', 1728327636),
(80, 996, 'Chrome', 'desktop', 'Windows-10.0', '41.68.22.168', 'Egypt', 'Cairo', ST_GeomFromText('POINT(30.0588 31.2268)'), 'YU4bA8q1SIXjlUfPbu9kH7nWxMs9rwktriEKUaOc', 1728349682, 1728349824, 'default', 1728349682),
(81, 1016, 'Chrome', 'desktop', 'Windows-10.0', '41.68.22.168', 'Egypt', 'Cairo', ST_GeomFromText('POINT(30.0588 31.2268)'), 'fIJPLH3NGweefgv6tA3ixX8xzW1P1SkVoOWaLhiW', 1728349852, 1728359797, 'default', 1728349852),
(82, 1047, 'Chrome', 'desktop', 'Windows-10.0', '41.68.22.168', 'Egypt', 'Cairo', ST_GeomFromText('POINT(30.0588 31.2268)'), 'MTkNhY5JzQJNEwJFRFoKlXXj0thsGagGxKLUuPmn', 1728359849, 1728360026, 'default', 1728359849),
(83, 996, 'Chrome', 'desktop', 'Windows-10.0', '41.68.22.168', 'Egypt', 'Cairo', ST_GeomFromText('POINT(30.0588 31.2268)'), 'VgXS8xTFVFwlNiwwX2tTAbPwUBWeRHhbvnD2OKoF', 1728360045, 1728360164, 'default', 1728360045),
(84, 1016, 'Chrome', 'desktop', 'Windows-10.0', '41.68.22.168', 'Egypt', 'Cairo', ST_GeomFromText('POINT(30.0588 31.2268)'), 'lYZTwgWPyulRip6Cf3UBhx5ioCtH9d5q08kRiKS1', 1728360178, 1728360324, 'default', 1728360178),
(85, 1047, 'Chrome', 'desktop', 'Windows-10.0', '41.68.22.168', 'Egypt', 'Cairo', ST_GeomFromText('POINT(30.0588 31.2268)'), '14VcJHCXUrFRqjaPZwyAXwlGhoeSF7WN3bPjQSlw', 1728360343, 1728360702, 'default', 1728360343),
(86, 1016, 'Chrome', 'desktop', 'Windows-10.0', '41.68.22.168', 'Egypt', 'Cairo', ST_GeomFromText('POINT(30.0588 31.2268)'), 'QgvdvZuD5CqhMFybeqFT8hCPyeqZMgzmICLRFWNX', 1728360785, 1728360980, 'default', 1728360785),
(87, 1016, 'Chrome', 'desktop', 'Windows-10.0', '41.68.22.168', 'Egypt', 'Cairo', ST_GeomFromText('POINT(30.0588 31.2268)'), '1KsEFPdIno2Vv2730Cz50CzBuXeLsFxeH9g5CDue', 1728361065, 1728361095, 'default', 1728361065),
(88, 1047, 'Chrome', 'desktop', 'Windows-10.0', '41.68.22.168', 'Egypt', 'Cairo', ST_GeomFromText('POINT(30.0588 31.2268)'), 'pyf4ScKjc3OrxX8qrdftbTJBOnK7snXpzZ0BKUgf', 1728361144, 1728361332, 'default', 1728361144),
(89, 1016, 'Chrome', 'desktop', 'Windows-10.0', '41.68.22.168', 'Egypt', 'Cairo', ST_GeomFromText('POINT(30.0588 31.2268)'), 'V1htLQBBnSJoaFrjJeMW75GXtGWfIiapBybGEO7r', 1728361351, 1728364723, 'default', 1728361351),
(90, 1047, 'Chrome', 'desktop', 'Windows-10.0', '41.68.22.168', 'Egypt', 'Cairo', ST_GeomFromText('POINT(30.0588 31.2268)'), 'JKhTIoFDFEnkzQqbQKPjq0Fwlt9jktbOzz6ORADN', 1728364761, NULL, NULL, 1728364761),
(91, 1047, 'Chrome', 'desktop', 'Windows-10.0', '188.48.167.122', 'Saudi Arabia', 'Riyadh', ST_GeomFromText('POINT(24.6869 46.7224)'), 'iOsE9eQQ47bfTAyqZ9eRLW3JpN6HV8M0BiHQJLGl', 1728367791, 1728374537, 'default', 1728367791),
(92, 1047, 'Chrome', 'desktop', 'Linux-', '41.68.22.168', 'Egypt', 'Cairo', ST_GeomFromText('POINT(30.0588 31.2268)'), 'kwIFDbyOfarCvFGgdeJcE03Eiqxuq11ZeK77psQ0', 1728369289, NULL, NULL, 1728369289),
(93, 996, 'Chrome', 'desktop', 'Windows-10.0', '188.48.167.122', 'Saudi Arabia', 'Riyadh', ST_GeomFromText('POINT(24.6869 46.7224)'), 'jhTItWQJEsXAelfShykbaSTW1jVCqhql17DvfOBi', 1728369322, NULL, NULL, 1728369322),
(94, 1047, 'Chrome', 'desktop', 'Windows-10.0', '41.68.22.168', 'Egypt', 'Cairo', ST_GeomFromText('POINT(30.0588 31.2268)'), 'XRnD758w6qpuspRKwWn0RhZmv5fZS5nPBgpj0gMb', 1728374561, 1728374572, 'default', 1728374561),
(95, 1016, 'Chrome', 'desktop', 'Windows-10.0', '41.68.22.168', 'Egypt', 'Cairo', ST_GeomFromText('POINT(30.0588 31.2268)'), 'CDXuXCIvz7N9sX0v4tTjJSpYRtM399j0FIwdC0bn', 1728374663, NULL, NULL, 1728374663),
(96, 1047, 'Chrome', 'desktop', 'Windows-10.0', '188.48.167.122', 'Saudi Arabia', 'Riyadh', ST_GeomFromText('POINT(24.6869 46.7224)'), 'oMna6UHdkO8Igcr6OBhMIQtXxbIzgZcL1BoppSLR', 1728377532, NULL, NULL, 1728377532),
(97, 1047, 'Chrome', 'desktop', 'Windows-10.0', '188.48.167.122', 'Saudi Arabia', 'Riyadh', ST_GeomFromText('POINT(24.6869 46.7224)'), '9F509ZrEcNzDJTD8C9v4zLoFUvhElZG8tYEeQn08', 1728378289, 1728379431, 'default', 1728378289),
(98, 996, 'Chrome', 'desktop', 'Windows-10.0', '188.48.167.122', 'Saudi Arabia', 'Riyadh', ST_GeomFromText('POINT(24.6869 46.7224)'), '0sZJNdZRtgVuKEXV55B0tYLHs7bRqX2cYjOHPhQe', 1728379497, 1728379867, 'default', 1728379497),
(99, 1047, 'Chrome', 'desktop', 'Windows-10.0', '188.48.167.122', 'Saudi Arabia', 'Riyadh', ST_GeomFromText('POINT(24.6869 46.7224)'), 'YQDDWGZcARCOcQwJSaDWJPI9PoatqVYCEilfqudF', 1728379886, NULL, NULL, 1728379886),
(100, 1047, 'Chrome', 'desktop', 'Windows-10.0', '41.68.22.168', 'Egypt', 'Cairo', ST_GeomFromText('POINT(30.0588 31.2268)'), 'UJBq7hW8CztuhoRuUsRgYvpOCTzcV4CzyBl4zBU2', 1728384119, 1728384128, 'default', 1728384119),
(101, 1016, 'Chrome', 'desktop', 'Windows-10.0', '41.68.22.168', 'Egypt', 'Cairo', ST_GeomFromText('POINT(30.0588 31.2268)'), 'eceBInSXyI5TXmn2dj3cQs6SXDpWtwlegQ5oTXT9', 1728384134, 1728387405, 'default', 1728384134),
(102, 1047, 'Chrome', 'desktop', 'Windows-10.0', '41.68.22.168', 'Egypt', 'Cairo', ST_GeomFromText('POINT(30.0588 31.2268)'), 'eO1Ms7ho66HiNdszs9zqAspuc0RMln5Y9pkNLHve', 1728387428, 1728387564, 'default', 1728387428),
(103, 1016, 'Chrome', 'desktop', 'Windows-10.0', '41.68.22.168', 'Egypt', 'Cairo', ST_GeomFromText('POINT(30.0588 31.2268)'), 'CrG1TwEKcBzhiQZpApKFsQnzWdTURGO6OIyz7Mkm', 1728387579, 1728388155, 'default', 1728387579),
(104, 1047, 'Chrome', 'desktop', 'Windows-10.0', '188.48.167.122', 'Saudi Arabia', 'Riyadh', ST_GeomFromText('POINT(24.6869 46.7224)'), 'QZ4zNbDTa57DtnXMFXyL9M2aWJrT2uFhLP25TNkx', 1728387629, NULL, NULL, 1728387629),
(105, 1047, 'Chrome', 'desktop', 'Windows-10.0', '41.68.22.168', 'Egypt', 'Cairo', ST_GeomFromText('POINT(30.0588 31.2268)'), 'cmuvA8eMeTrFM5LCU6wEHU1IBPFr2rifIEoFZiZe', 1728388188, 1728388964, 'default', 1728388188),
(106, 1047, 'Chrome', 'desktop', 'Linux-', '41.68.22.168', 'Egypt', 'Cairo', ST_GeomFromText('POINT(30.0588 31.2268)'), 'uSP3FWRIP5cAKk6YhxfYZc5KLABUmVOpI7LUIwhM', 1728388311, NULL, NULL, 1728388311),
(107, 1016, 'Chrome', 'desktop', 'Windows-10.0', '41.68.22.168', 'Egypt', 'Cairo', ST_GeomFromText('POINT(30.0588 31.2268)'), 'PZFuRiCmQruti6l9ZjF32QHRkFLw6LLD6XRaMCSz', 1728389000, 1728389240, 'default', 1728389000),
(108, 1, 'Chrome', 'desktop', 'Windows-10.0', '41.68.22.168', 'Egypt', 'Cairo', ST_GeomFromText('POINT(30.0588 31.2268)'), 'YvVgYEE4wR7K3HIx2Hk5QimtHntUj6WQFOJWTVZe', 1728389570, 1728389774, 'default', 1728389570),
(109, 1016, 'Chrome', 'desktop', 'Windows-10.0', '41.68.22.168', 'Egypt', 'Cairo', ST_GeomFromText('POINT(30.0588 31.2268)'), '4zdE5DiMiy40L86qcbCHy8HRnqSqS7Bc8tSRjZ4c', 1728389794, 1728401636, 'default', 1728389794),
(110, 1, 'Edge', 'desktop', 'Windows-10.0', '105.40.59.191', 'Egypt', 'Cairo', ST_GeomFromText('POINT(30.0588 31.2268)'), 'wpvJ7O7QmLiax83K6tTKVHzjlxtRpeODQRIlPYgp', 1728399360, NULL, NULL, 1728399360),
(111, 1, 'Chrome', 'desktop', 'Windows-10.0', '102.188.30.33', 'Egypt', 'Cairo', ST_GeomFromText('POINT(30.0588 31.2268)'), 'boeXjk0g2ES9CvI3HYNfuhgQvnzNBA7pZCrRjVFq', 1728401696, 1728402622, 'default', 1728401696),
(112, 1016, 'Chrome', 'desktop', 'Windows-10.0', '102.188.30.33', 'Egypt', 'Cairo', ST_GeomFromText('POINT(30.0588 31.2268)'), 'LPf5EJCbxf5ENNPP24RjkNNdXmaGf9zK5ak5EKxc', 1728402661, 1728402801, 'default', 1728402661),
(113, 1, 'Chrome', 'desktop', 'Windows-10.0', '102.188.30.33', 'Egypt', 'Cairo', ST_GeomFromText('POINT(30.0588 31.2268)'), 'z2kDMixM2BzTBSUYO0s5Pqg2Ou6hn0CM9caMO8je', 1728402860, NULL, NULL, 1728402860),
(114, 1047, 'Chrome', 'desktop', 'Linux-', '102.188.30.33', 'Egypt', 'Cairo', ST_GeomFromText('POINT(30.0588 31.2268)'), 'c1FOH167dtLe71KavpPki0lw4s3mXO47wMFl2ont', 1728406127, NULL, NULL, 1728406127),
(115, 1016, 'Chrome', 'desktop', 'Windows-10.0', '41.68.95.232', 'Egypt', 'Cairo', ST_GeomFromText('POINT(30.0588 31.2268)'), 'wNF0r6IF7yP9wBGt1ckNkkojBWBE1OeubNKDHEtf', 1728463447, 1728481684, 'default', 1728463447),
(116, 1047, 'Chrome', 'desktop', 'Windows-10.0', '188.48.167.122', 'Saudi Arabia', 'Riyadh', ST_GeomFromText('POINT(24.6869 46.7224)'), 'PCCg50WN1bIV9KRCqdEGyMHGAFRXfZl0nIQARYxi', 1728466192, NULL, NULL, 1728466192),
(117, 1, 'Chrome', 'desktop', 'Windows-10.0', '41.68.95.232', 'Egypt', 'Cairo', ST_GeomFromText('POINT(30.0588 31.2268)'), 'pfKHgGbEjoJJv9vJClGmS5Y3wNTfI5fEhtJdVjBA', 1728481741, 1728482902, 'default', 1728481741),
(118, 1, 'Chrome', 'desktop', 'Windows-10.0', '41.68.95.232', 'Egypt', 'Cairo', ST_GeomFromText('POINT(30.0588 31.2268)'), '6oGzB6dIoCbvMqAQnA9KyRfgQqEe2gfRDz5PM0j6', 1728482933, 1728482957, 'default', 1728482933),
(119, 1016, 'Chrome', 'desktop', 'Windows-10.0', '41.68.95.232', 'Egypt', 'Cairo', ST_GeomFromText('POINT(30.0588 31.2268)'), 'SfWXxaeQJ1zsw5ShbKkHmNt7AceyiLvjaNvnHOzQ', 1728482980, 1728491505, 'default', 1728482980),
(120, 1, 'Chrome', 'desktop', 'Windows-10.0', '41.68.95.232', 'Egypt', 'Cairo', ST_GeomFromText('POINT(30.0588 31.2268)'), 'FaSeSsdwQ6ZSXGgsql4JolQGpAw1vZiM7NVliRDN', 1728491591, 1728492838, 'default', 1728491591),
(121, 1016, 'Chrome', 'desktop', 'Windows-10.0', '41.68.95.232', 'Egypt', 'Cairo', ST_GeomFromText('POINT(30.0588 31.2268)'), 'MdQzpmT2DDNSbe9XSLe9kAjUgYAWBUPY3rOKwkry', 1728492871, 1728493129, 'default', 1728492871),
(122, 1, 'Chrome', 'desktop', 'Windows-10.0', '41.68.95.232', 'Egypt', 'Cairo', ST_GeomFromText('POINT(30.0588 31.2268)'), 'W77KH4mJjArcsvy4GATZsN8LWGZGpQbNoqSnKwzK', 1728493161, 1728493239, 'default', 1728493161),
(123, 1016, 'Chrome', 'desktop', 'Windows-10.0', '41.68.95.232', 'Egypt', 'Cairo', ST_GeomFromText('POINT(30.0588 31.2268)'), 'WS4xl2xhfSh5cvj27Nhrm7xIdUliuksRWYPB9vMK', 1728493288, 1728493978, 'default', 1728493288),
(124, 996, 'Chrome', 'desktop', 'Windows-10.0', '41.68.95.232', 'Egypt', 'Cairo', ST_GeomFromText('POINT(30.0588 31.2268)'), 'f9iUkLEZubQUG5FgH0ZbYWBd9y6Hj83EEatlwY6t', 1728494046, 1728494272, 'default', 1728494046),
(125, 1, 'Chrome', 'desktop', 'Windows-10.0', '41.68.95.232', 'Egypt', 'Cairo', ST_GeomFromText('POINT(30.0588 31.2268)'), 'ugW5G22f8FPzkVYvJMUgJZB1YXX3fjcYvHU13FdM', 1728494359, 1728496356, 'default', 1728494359),
(126, 996, 'Chrome', 'desktop', 'Windows-10.0', '41.68.95.232', 'Egypt', 'Cairo', ST_GeomFromText('POINT(30.0588 31.2268)'), 'k5FYOxoQBRgPgajDFHcIF8Bwj6xbyQKmpLpo5h7W', 1728496410, 1728496839, 'default', 1728496410),
(127, 1, 'Chrome', 'desktop', 'Windows-10.0', '41.68.95.232', 'Egypt', 'Cairo', ST_GeomFromText('POINT(30.0588 31.2268)'), 'VJ9C2dwFBbkWE5YVGBfzFC3xHQwY03NU3eRzYlwA', 1728496889, 1728498859, 'default', 1728496889),
(128, 996, 'Chrome', 'desktop', 'Windows-10.0', '41.68.95.232', 'Egypt', 'Cairo', ST_GeomFromText('POINT(30.0588 31.2268)'), 'ZRtyAbUyWjU8JKlidWJv66dGW9DOQaLWQjsAc3Nw', 1728498890, 1728499568, 'default', 1728498890),
(129, 1, 'Chrome', 'desktop', 'Windows-10.0', '41.68.95.232', 'Egypt', 'Cairo', ST_GeomFromText('POINT(30.0588 31.2268)'), 'HItFg07D6vrvkLD9CrGU3rTTjdGVkSoGKbnYWga0', 1728499609, 1728502218, 'default', 1728499609),
(130, 1016, 'Chrome', 'desktop', 'Windows-10.0', '41.68.95.232', 'Egypt', 'Cairo', ST_GeomFromText('POINT(30.0588 31.2268)'), 'LwNUqVN8Bm9c20Pr0gBcQC5SWp28JrMIMv1yA9s7', 1728502257, 1728502652, 'default', 1728502257),
(131, 1, 'Chrome', 'desktop', 'Windows-10.0', '41.68.95.232', 'Egypt', 'Cairo', ST_GeomFromText('POINT(30.0588 31.2268)'), 'xKJ5mcMhSetTQM7RyUkn3upaP42BNfRIfT0Tcxrp', 1728502700, 1728502892, 'default', 1728502700),
(132, 996, 'Chrome', 'desktop', 'Windows-10.0', '41.68.95.232', 'Egypt', 'Cairo', ST_GeomFromText('POINT(30.0588 31.2268)'), 'tDu2rVGlWsEzhhgWY2f3lJNfQyBeDPhZxgXhRpUI', 1728502920, 1728503002, 'default', 1728502920),
(133, 1, 'Chrome', 'desktop', 'Windows-10.0', '41.68.95.232', 'Egypt', 'Cairo', ST_GeomFromText('POINT(30.0588 31.2268)'), '005acy5HKTR2ih96vYjwsWgyGA3jarJWnsej7jMP', 1728503055, 1728503766, 'default', 1728503055),
(134, 996, 'Chrome', 'desktop', 'Windows-10.0', '41.68.95.232', 'Egypt', 'Cairo', ST_GeomFromText('POINT(30.0588 31.2268)'), 'PTo92LwZxAQDUM4u85vLQMrqPWHTlJjfoLP3XoL0', 1728503799, 1728504193, 'default', 1728503799),
(135, 1016, 'Chrome', 'desktop', 'Windows-10.0', '41.68.95.232', 'Egypt', 'Cairo', ST_GeomFromText('POINT(30.0588 31.2268)'), 'lD3qxTixgvf6GAoR5ouX1vZgYk7IzDEoiZZURq5i', 1728504219, 1728504271, 'default', 1728504219),
(136, 1, 'Chrome', 'desktop', 'Windows-10.0', '41.68.95.232', 'Egypt', 'Cairo', ST_GeomFromText('POINT(30.0588 31.2268)'), 'i837NmdJYyTf0dvdigDEsZIAucb2eSuxhs1vTcWs', 1728504302, 1728511634, 'default', 1728504302),
(137, 1016, 'Chrome', 'desktop', 'Windows-10.0', '41.68.95.232', 'Egypt', 'Cairo', ST_GeomFromText('POINT(30.0588 31.2268)'), 'ExFQt5LkHjzB0PlyRFNNl9wwgMRyhJt4cWy68v4I', 1728511663, 1728511806, 'default', 1728511663),
(138, 1, 'Chrome', 'desktop', 'Windows-10.0', '41.68.95.232', 'Egypt', 'Cairo', ST_GeomFromText('POINT(30.0588 31.2268)'), '97DcuaA2pTWwSnT1rzRvesgRl1qa7KAvHaEYNcvw', 1728511888, NULL, NULL, 1728511888),
(139, 1, 'Chrome', 'desktop', 'Windows-10.0', '41.69.110.106', 'Egypt', 'Cairo', ST_GeomFromText('POINT(30.0588 31.2268)'), 'XKRxEeCT2hHC6AXQLTleBc9Ec1uySpg5coJY7AG8', 1728559447, 1728560461, 'default', 1728559447),
(140, 1016, 'Chrome', 'desktop', 'Windows-10.0', '41.69.110.106', 'Egypt', 'Cairo', ST_GeomFromText('POINT(30.0588 31.2268)'), 'Ex7YRVfFaOvBsIAC8uv4ShD4fVQ1U8oEPpYkD3n0', 1728560540, 1728575412, 'default', 1728560540),
(141, 1016, 'Chrome', 'desktop', 'Windows-10.0', '41.69.110.106', 'Egypt', 'Cairo', ST_GeomFromText('POINT(30.0588 31.2268)'), 'ftRYR0Z6QozRQsfdz5eiDoxfbV1S4c7iLHtXm2O2', 1728560788, 1728562842, 'default', 1728560788),
(142, 996, 'Chrome', 'desktop', 'Windows-10.0', '41.69.110.106', 'Egypt', 'Cairo', ST_GeomFromText('POINT(30.0588 31.2268)'), '3mrTrBPd56yBQi3KnwNVJEla5orWbcAne5BWXTwv', 1728562988, 1728573254, 'default', 1728562988),
(143, 1016, 'Chrome', 'desktop', 'Windows-10.0', '41.69.110.106', 'Egypt', 'Cairo', ST_GeomFromText('POINT(30.0588 31.2268)'), '0T9RmuEe8wp1sFpoAgtv8dbTg6IwIujHVgr28kiA', 1728563249, 1728566515, 'default', 1728563249),
(144, 1047, 'Chrome', 'desktop', 'Linux-', '41.69.110.106', 'Egypt', 'Cairo', ST_GeomFromText('POINT(30.0588 31.2268)'), 'fZVEB92dztc3vmf9UYCWoXbiRZoQrZiRNhXqhBEL', 1728565339, NULL, NULL, 1728565339),
(145, 1047, 'Chrome', 'desktop', 'Windows-10.0', '41.69.110.106', 'Egypt', 'Cairo', ST_GeomFromText('POINT(30.0588 31.2268)'), '9yycMHHnj83ZbfreMcRl0YLdSMCUTSvDitfNysfl', 1728566561, 1728567452, 'default', 1728566561),
(146, 1016, 'Chrome', 'desktop', 'Windows-10.0', '41.69.110.106', 'Egypt', 'Cairo', ST_GeomFromText('POINT(30.0588 31.2268)'), 'nfnQgfdMGVBmiuXsZ2OEMLAwU6tRNqyRwjIvOBRS', 1728567477, 1728573728, 'default', 1728567477),
(147, 1, 'Chrome', 'desktop', 'Windows-10.0', '41.69.110.106', 'Egypt', 'Cairo', ST_GeomFromText('POINT(30.0588 31.2268)'), '6Kej85iKGOlOUstRCDkxJeDrakGJOcAKHIxDOCNb', 1728573281, NULL, NULL, 1728573281),
(148, 996, 'Chrome', 'desktop', 'Windows-10.0', '41.69.110.106', 'Egypt', 'Cairo', ST_GeomFromText('POINT(30.0588 31.2268)'), 'nfEVNlL1f7N2n7OiygmhMZ7WpvwJSs4LHnsW1K2S', 1728573806, 1728574091, 'default', 1728573806),
(149, 1016, 'Chrome', 'desktop', 'Windows-10.0', '41.69.110.106', 'Egypt', 'Cairo', ST_GeomFromText('POINT(30.0588 31.2268)'), '0JkHJGaCBYG45sRBI4t5UDZAxTkPCwi6Q8f22MmR', 1728574111, 1728575412, 'default', 1728574111),
(150, 996, 'Chrome', 'desktop', 'Windows-10.0', '41.69.110.106', 'Egypt', 'Cairo', ST_GeomFromText('POINT(30.0588 31.2268)'), 'joAVbQCb9SnNsXcpLnpGow2BThlSfxO7Pco5ffwB', 1728575481, 1728576601, 'default', 1728575481),
(151, 1016, 'Chrome', 'desktop', 'Windows-10.0', '41.69.110.106', 'Egypt', 'Cairo', ST_GeomFromText('POINT(30.0588 31.2268)'), 'BT2MqoADV2ZvbhiWWgUQJ9rtIwrRHa7DnMUwfrBC', 1728576625, NULL, NULL, 1728576625),
(152, 996, 'Chrome', 'desktop', 'Windows-10.0', '188.50.163.21', 'Saudi Arabia', 'Riyadh', ST_GeomFromText('POINT(24.6869 46.7224)'), 'hOPeGZZBdOWN488E1OjVHnialhTjJdqwG50PqUNQ', 1728814300, 1729072252, 'default', 1728814300),
(153, 1, 'Chrome', 'desktop', 'Windows-10.0', '41.68.217.29', 'Egypt', 'Cairo', ST_GeomFromText('POINT(30.0588 31.2268)'), 'p5i8VN0ZzYR9C0uL7FCCouBi2799FIZ99v6bB26H', 1729320550, 1729326094, 'default', 1729320550),
(154, 1016, 'Chrome', 'desktop', 'Windows-10.0', '41.68.217.29', 'Egypt', 'Cairo', ST_GeomFromText('POINT(30.0588 31.2268)'), 'nR4KEQlEzvoeyy8bLYjS6Yu6RBDmIiEKSW65qwIO', 1729326119, 1729326138, 'default', 1729326119),
(155, 996, 'Chrome', 'desktop', 'Windows-10.0', '41.68.217.29', 'Egypt', 'Cairo', ST_GeomFromText('POINT(30.0588 31.2268)'), 'GzfEZl7hW26lVUmF24bf6b7AGifohmgVV1tBHERm', 1729326149, 1729326158, 'default', 1729326149),
(156, 1, 'Chrome', 'desktop', 'Windows-10.0', '41.68.217.29', 'Egypt', 'Cairo', ST_GeomFromText('POINT(30.0588 31.2268)'), 'zPcFHeq4MYAlecIqeFadm250YOMtDoPkLdtwscgB', 1729326195, NULL, NULL, 1729326195),
(157, 1047, 'Chrome', 'desktop', 'Windows-10.0', '188.55.175.190', 'Saudi Arabia', 'Riyadh', ST_GeomFromText('POINT(24.6869 46.7224)'), 'FRkADxONMXXImjoAVSt3uTCtYsHC3HtrXtNSvd2B', 1729334661, NULL, NULL, 1729334661),
(158, 1016, 'Chrome', 'desktop', 'Windows-10.0', '41.68.217.29', 'Egypt', 'Cairo', ST_GeomFromText('POINT(30.0588 31.2268)'), '9rqz3a7tp1j9ngh5AA3cIZTCkPBroPbT0qJJapC0', 1729335352, 1729335597, 'default', 1729335352),
(159, 1, 'Edge', 'desktop', 'Windows-10.0', '197.222.46.68', 'Egypt', 'Cairo', ST_GeomFromText('POINT(30.0588 31.2268)'), 'QXmTzYEWP7oUqCP7BvdDv77oTJCm9DuhMVRJJtwT', 1729335773, 1729335908, 'default', 1729335773),
(160, 859, 'Edge', 'desktop', 'Windows-10.0', '197.222.46.68', 'Egypt', 'Cairo', ST_GeomFromText('POINT(30.0588 31.2268)'), 'js86p0zHPGfFU9g2AvwzsgtNmwjJ5CgiEGMls5TN', 1729335957, 1729341375, 'default', 1729335957),
(161, 859, 'Chrome', 'desktop', 'Windows-10.0', '41.68.217.29', 'Egypt', 'Cairo', ST_GeomFromText('POINT(30.0588 31.2268)'), 'DCn8iAIjHQOo72QnalTQfESljow3CXatdTNatBEL', 1729336477, NULL, NULL, 1729336477),
(162, 859, 'Chrome', 'desktop', 'Windows-10.0', '188.55.175.190', 'Saudi Arabia', 'Riyadh', ST_GeomFromText('POINT(24.6869 46.7224)'), 'FwQHBbLU9bVE3sL2dkDiBI4WFmLU1eqmUwl8I1tD', 1729340151, 1729340232, 'default', 1729340151),
(163, 1016, 'Chrome', 'desktop', 'Windows-10.0', '188.55.175.190', 'Saudi Arabia', 'Riyadh', ST_GeomFromText('POINT(24.6869 46.7224)'), 'gFyKtZxzdRS97A6XsM7Rot5jDdqZIyU6ElGdi48C', 1729340251, 1729340299, 'default', 1729340251),
(164, 996, 'Chrome', 'desktop', 'Windows-10.0', '188.55.175.190', 'Saudi Arabia', 'Riyadh', ST_GeomFromText('POINT(24.6869 46.7224)'), 'z4snBBXxrca2j9wNRWP8szh3s4WaYtSiFVKTDavt', 1729340309, NULL, NULL, 1729340309),
(165, 1, 'Edge', 'desktop', 'Windows-10.0', '197.222.46.68', 'Egypt', 'Cairo', ST_GeomFromText('POINT(30.0588 31.2268)'), 'nvPJFybNxbdSkUafx6lsH9kETUCt5lRIiD2y8lJB', 1729341426, 1729342323, 'default', 1729341426),
(166, 996, 'Edge', 'desktop', 'Windows-10.0', '197.222.46.68', 'Egypt', 'Cairo', ST_GeomFromText('POINT(30.0588 31.2268)'), 'yFdsM1mrY3B4BkHSQSQ95T3PfOOPOm0UO5EPsbKh', 1729342371, NULL, NULL, 1729342371),
(167, 1047, 'Chrome', 'desktop', 'Windows-10.0', '176.45.80.30', 'Saudi Arabia', 'Riyadh', ST_GeomFromText('POINT(24.6869 46.7224)'), 'zWPbyczx4Hxtq4CvGSjiaYybzEIi7N5U07VtfpuM', 1729406802, NULL, NULL, 1729406802),
(168, 1016, 'Chrome', 'desktop', 'Windows-10.0', '176.45.80.30', 'Saudi Arabia', 'Riyadh', ST_GeomFromText('POINT(24.6869 46.7224)'), '2xfJ6U5az07y9PMHRklQKn5qQULaGCxWccx7MEu9', 1729407652, 1729430331, 'default', 1729407652),
(169, 1047, 'Chrome', 'desktop', 'Windows-10.0', '176.45.80.30', 'Saudi Arabia', 'Riyadh', ST_GeomFromText('POINT(24.6869 46.7224)'), '9UapcXH8u1MddfBmMkjQFnuQoU3TwRrLJdut8lHp', 1729411276, 1729411328, 'default', 1729411276),
(170, 996, 'Chrome', 'desktop', 'Windows-10.0', '176.45.80.30', 'Saudi Arabia', 'Riyadh', ST_GeomFromText('POINT(24.6869 46.7224)'), 'ZhB2c3sd3MY5jG2CfM8kgDUgLsblRijPRqMteEkP', 1729411370, 1729580544, 'default', 1729411370),
(171, 1047, 'Edge', 'desktop', 'Windows-10.0', '176.45.80.30', 'Saudi Arabia', 'Riyadh', ST_GeomFromText('POINT(24.6869 46.7224)'), 'UCtHcYTtlXIPKiCSUuiYLMEOHyOn5QlBtHLpUjmd', 1729412328, NULL, NULL, 1729412328),
(172, 1047, 'Edge', 'desktop', 'Windows-10.0', '176.45.80.30', 'Saudi Arabia', 'Riyadh', ST_GeomFromText('POINT(24.6869 46.7224)'), 'IK18F8oMWMIKU9ECOQCpr4VAuL5CJMMLhzhjSfpC', 1729425975, NULL, NULL, 1729425975),
(173, 1047, 'Chrome', 'desktop', 'Windows-10.0', '176.45.80.30', 'Saudi Arabia', 'Riyadh', ST_GeomFromText('POINT(24.6869 46.7224)'), '6iDqjHx0Uq2MThcEEe72dWJtKYXkJ7WjM3x6OMVW', 1729430349, NULL, NULL, 1729430349),
(174, 1047, 'Chrome', 'desktop', 'Windows-10.0', '176.45.80.30', 'Saudi Arabia', 'Riyadh', ST_GeomFromText('POINT(24.6869 46.7224)'), '11Miuh5nkEmEyBjRZLGNzFfDwd4g03Uz7B0KDFeL', 1729512716, NULL, NULL, 1729512716),
(175, 1047, 'Chrome', 'desktop', 'Windows-10.0', '176.45.80.30', 'Saudi Arabia', 'Riyadh', ST_GeomFromText('POINT(24.6869 46.7224)'), 'PowuC4ZT51cdxc2xfFyzTbk0LUqBGzzI2sVLZVkk', 1729577945, NULL, NULL, 1729577945),
(176, 1047, 'Chrome', 'desktop', 'Windows-10.0', '176.45.80.30', 'Saudi Arabia', 'Riyadh', ST_GeomFromText('POINT(24.6869 46.7224)'), 'RvfaohvCKRxTpBn7eK4QPRevIe7o8sx9wQAKLyAo', 1729580573, NULL, NULL, 1729580573),
(177, 1047, 'Chrome', 'desktop', 'Windows-10.0', '176.45.80.30', 'Saudi Arabia', 'Riyadh', ST_GeomFromText('POINT(24.6869 46.7224)'), 'gBmXo4gDm6d9eu9nMexb9ZJwoGqfpxstPG9lV8S8', 1729664217, NULL, NULL, 1729664217),
(178, 1050, 'Chrome', 'desktop', 'Windows-10.0', '176.45.80.30', 'Saudi Arabia', 'Riyadh', ST_GeomFromText('POINT(24.6869 46.7224)'), 'qlx6qSETme5pIOjQzI0WNzQHqMnMzSpdmy6j5dec', 1729664517, NULL, NULL, 1729664517),
(179, 1047, 'Chrome', 'desktop', 'Windows-10.0', '176.45.80.30', 'Saudi Arabia', 'Riyadh', ST_GeomFromText('POINT(24.6869 46.7224)'), 'dCEMIjaOLJBqkokgr8z2o1H2w09mhQd5ZQKAKTTs', 1729681405, NULL, NULL, 1729681405),
(180, 1047, 'Chrome', 'desktop', 'Windows-10.0', '176.45.80.30', 'Saudi Arabia', 'Riyadh', ST_GeomFromText('POINT(24.6869 46.7224)'), '0DrlvrwQwqkNkBshGNxfx8dGCVVx1oIaoxPNZn9K', 1729752257, NULL, NULL, 1729752257),
(181, 1052, 'Chrome', 'desktop', 'Windows-10.0', '176.45.80.30', 'Saudi Arabia', 'Riyadh', ST_GeomFromText('POINT(24.6869 46.7224)'), 'QtBQHlS4j3uUvchADGrxyGhxOAQi6uAtJRIzN05Q', 1729755203, NULL, NULL, 1729755203),
(182, 1051, 'Chrome', 'desktop', 'Windows-10.0', '176.45.80.30', 'Saudi Arabia', 'Riyadh', ST_GeomFromText('POINT(24.6869 46.7224)'), 'zjTjbMe7WXNfKBn5St6LoeNYdentqq0EVwRVqtEk', 1729755733, NULL, NULL, 1729755733),
(183, 1047, 'Chrome', 'desktop', 'Windows-10.0', '176.45.80.30', 'Saudi Arabia', 'Riyadh', ST_GeomFromText('POINT(24.6869 46.7224)'), 'UJrvJ2bjuFi1CNMEmsAHgLzcw1zGcl6cshdESOuJ', 1729765002, NULL, NULL, 1729765002),
(184, 1, 'Chrome', 'desktop', 'Windows-10.0', '45.103.193.143', 'Egypt', 'Cairo', ST_GeomFromText('POINT(30.0588 31.2268)'), 'mNmHRjn59Skpaa7J9jkDLsbVfH7FCBfJsRwpx9Aj', 1731879198, NULL, NULL, 1731879198),
(185, 1, 'Chrome', 'desktop', 'Windows-10.0', '45.103.175.240', 'Egypt', 'Cairo', ST_GeomFromText('POINT(30.0588 31.2268)'), '5Wo3HNBwgHitVQRMWh0aX4nocVP4jbsYOnDJvmcE', 1732430400, NULL, NULL, 1732430400),
(186, 1, 'Chrome', 'desktop', 'Windows-10.0', '2.90.230.148', 'Saudi Arabia', 'Jeddah', ST_GeomFromText('POINT(21.4849 39.192)'), 'hdvvBbgxXnVNJMWSGK1jA2uavua1bX8GXvV3MYmp', 1732471245, NULL, NULL, 1732471245),
(187, 995, 'Chrome', 'phone', 'AndroidOS-10', '158.140.173.68', 'Indonesia', 'Malang', ST_GeomFromText('POINT(-7.9826 112.6308)'), 'oWrVTb7YfTOH9KegRSbl2OKXPeviTxLZNIW07pof', 1733503905, NULL, NULL, 1733503905),
(188, 995, 'Chrome', 'phone', 'AndroidOS-14', '158.140.173.68', 'Indonesia', 'Malang', ST_GeomFromText('POINT(-7.9826 112.6308)'), 'qiOR46h4XnEZhZmGQK3ARNz8wEqawAb0rqfmm7Ps', 1733503945, NULL, NULL, 1733503945),
(189, 1047, 'Firefox', 'desktop', 'Windows-10.0', '188.50.12.107', 'Saudi Arabia', 'Riyadh', ST_GeomFromText('POINT(24.7136 46.6753)'), 'SXYhoQIH34MCLXxqgAa9tMCV3ea3yag4HJhqnOjr', 1733511209, 1733511358, 'default', 1733511209),
(190, 996, 'Firefox', 'desktop', 'Windows-10.0', '188.50.12.107', 'Saudi Arabia', 'Riyadh', ST_GeomFromText('POINT(24.7136 46.6753)'), '5yTUgldXsxDCh03PBoy6kHUhavddB7XZfT7yZgIb', 1733511382, 1733511485, 'default', 1733511382),
(191, 996, 'Firefox', 'desktop', 'Windows-10.0', '188.50.12.107', 'Saudi Arabia', 'Riyadh', ST_GeomFromText('POINT(24.7136 46.6753)'), 'o139dIfIDFZrGoqbpnthW5JlY6rtwmTFso73FQfC', 1733511514, 1733511711, 'default', 1733511514),
(192, 1016, 'Firefox', 'desktop', 'Windows-10.0', '188.50.12.107', 'Saudi Arabia', 'Riyadh', ST_GeomFromText('POINT(24.7136 46.6753)'), 'Nghjy2zQ1lM9zgUcBk4Cdd5ZLoKQP9ajLVlu19eL', 1733511868, NULL, NULL, 1733511868),
(193, 1047, 'Chrome', 'desktop', 'Windows-10.0', '41.46.196.164', 'Egypt', 'Giza', ST_GeomFromText('POINT(30.008 31.2194)'), 'USKYSRVYQBC0gx6PzcHGCnvqG3hf6d6bjyO4VMhm', 1734533575, NULL, NULL, 1734533575),
(194, 1, 'Chrome', 'desktop', 'Windows-10.0', '105.33.224.76', 'Egypt', 'Al Ma`adi', ST_GeomFromText('POINT(29.9535 31.2502)'), 'yoXuuz1SNmwDBi3XNk3tgdYdYcFrC5DjW4IsUCjR', 1734547134, 1734547570, 'default', 1734547134),
(195, 996, 'Chrome', 'desktop', 'Windows-10.0', '105.33.224.76', 'Egypt', 'Al Ma`adi', ST_GeomFromText('POINT(29.9535 31.2502)'), 'Bi33pklOXXD21iaWAimcOf0xyHiciuPEIBLWrXzi', 1734547677, 1734548143, 'default', 1734547677),
(196, 1047, 'Edge', 'desktop', 'Windows-10.0', '196.159.2.241', 'Egypt', 'Alexandria', ST_GeomFromText('POINT(30.9977 29.7432)'), 'Lu7ofQbe7frrBTK4gKNnMa7bO0LB2NiKhakzceRU', 1734547827, NULL, NULL, 1734547827),
(197, 1, 'Chrome', 'desktop', 'Windows-10.0', '105.33.224.76', 'Egypt', 'Al Ma`adi', ST_GeomFromText('POINT(29.9535 31.2502)'), '1zZlYyo4g3UNZyYs9XTfIqqtFbbDMGgzakIBUvYP', 1734548176, NULL, NULL, 1734548176),
(198, 1047, 'Opera', 'desktop', 'Windows-10.0', '156.207.115.123', 'Egypt', 'Qina', ST_GeomFromText('POINT(26.1643 32.7242)'), 'jXXrAPu8uJK9hJx5otADmqIbL50kNLJ8Ln9G2Y0a', 1734605981, NULL, NULL, 1734605981),
(199, 1, 'Chrome', 'desktop', 'Windows-10.0', '109.82.114.132', 'Saudi Arabia', 'Riyadh', ST_GeomFromText('POINT(24.6869 46.7224)'), 'TTVBoMgqkDod8x3CQsXuJcgy5bxKLjkWVk0rMKc0', 1738365042, NULL, NULL, 1738365042),
(200, 1, 'Chrome', 'desktop', 'Windows-10.0', '37.216.24.69', 'Saudi Arabia', 'Riyadh', ST_GeomFromText('POINT(24.6869 46.7224)'), 'dGOuf8x5QYyk8kpUyxovA5lYZA9DZYh4Qy4p4SoL', 1738394121, NULL, NULL, 1738394121),
(201, 1, 'Chrome', 'desktop', 'Windows-10.0', '95.186.114.107', 'Saudi Arabia', 'Jeddah', ST_GeomFromText('POINT(21.4913 39.1841)'), 'NBvQlMFbf3V8RTLxSU1hJNvCvCRVkxzH5fv5VMTV', 1739432700, NULL, NULL, 1739432700),
(202, 1, 'Chrome', 'desktop', 'Windows-10.0', '129.208.130.183', 'Saudi Arabia', 'Jeddah', ST_GeomFromText('POINT(21.4913 39.1841)'), 'IY9RK3OitqmS5nauLAt1vy3iSOqmnuaWnpXTYTMH', 1739543099, NULL, NULL, 1739543099),
(203, 1047, 'Firefox', 'desktop', 'Windows-10.0', '102.189.130.173', 'Egypt', 'Cairo', ST_GeomFromText('POINT(30.0507 31.2489)'), 'EhwOtXcOcwtjX6hQtonbUsO1BQXxxqzEyFk7SKMU', 1740160773, NULL, NULL, 1740160773),
(204, 1, 'Chrome', 'desktop', 'Windows-10.0', '103.3.220.87', 'Indonesia', 'Bekasi', ST_GeomFromText('POINT(-6.2352 106.9922)'), '3KrcQJsQCguAkIWlzbeR8koCQvD2PElNnqy3QH8E', 1741743468, NULL, NULL, 1741743468),
(205, 995, 'Chrome', 'desktop', 'Windows-10.0', '103.10.59.251', 'Indonesia', 'Depok', ST_GeomFromText('POINT(-6.37973 106.825)'), 'tdGVs8fhIS5vtu93SmTh8K1F9trkAN2swwPKpRrr', 1743516794, 1743516833, 'default', 1743516794),
(206, 995, 'Chrome', 'desktop', 'Windows-10.0', '103.10.59.251', 'Indonesia', 'Depok', ST_GeomFromText('POINT(-6.37973 106.825)'), 'x058ks8cZQ0pPh4ex643z3KuQ3SX2hBFTAij4MRE', 1743581093, NULL, NULL, 1743581093),
(207, 1, 'Chrome', 'desktop', 'Windows-10.0', '154.187.134.40', 'Egypt', 'Cairo', ST_GeomFromText('POINT(30.0507 31.2489)'), 'lzouoEaest0uxlMlexa0f7wECnYyWUhLNSDVX95R', 1744900112, NULL, NULL, 1744900112),
(208, 1047, 'Chrome', 'desktop', 'Windows-10.0', '188.50.188.18', 'Saudi Arabia', 'Riyadh', ST_GeomFromText('POINT(24.6869 46.7224)'), 'zwZKtUptRYT93ypYQDjfOQcbdKejwbG2xqevzdtl', 1744900286, 1744900467, 'default', 1744900286),
(209, 1, 'Chrome', 'desktop', 'Windows-10.0', '188.50.188.18', 'Saudi Arabia', 'Riyadh', ST_GeomFromText('POINT(24.6869 46.7224)'), '64ZlLRtekzU4cUdP8csILfhAE4EYDLWybfFO5SN5', 1744900510, NULL, NULL, 1744900510),
(210, 1, 'Chrome', 'desktop', 'Windows-10.0', NULL, NULL, NULL, NULL, 'v2uxa4LH1wOISQLJAmj511qfh44XeI3G3I5XGP8K', 1744903646, NULL, NULL, 1744903646),
(211, 1, 'Chrome', 'desktop', 'Windows-10.0', NULL, NULL, NULL, NULL, 'Zq3bGwcTqOBBUnQVE5RD6KqhqR7ubM4foUa3j5BE', 1744904485, NULL, NULL, 1744904485),
(212, 1, 'Chrome', 'desktop', 'Windows-10.0', NULL, NULL, NULL, NULL, '6hPTxICGE6IJPZ8UfkQpjsE75Jq5VbkMKRdwTSm6', 1745006566, 1745007372, 'default', 1745006566),
(213, 1, 'Chrome', 'desktop', 'Windows-10.0', NULL, NULL, NULL, NULL, '2nokgSodRkRTY6vEyjlUAUtxqRj16hx35NQ9cX5K', 1745007387, NULL, NULL, 1745007387),
(214, 1, 'Chrome', 'desktop', 'Windows-10.0', NULL, NULL, NULL, NULL, 'cvv6w1MwqzvFBLGRLoetZl7ZuYAaMOOprLX7kMGz', 1745158220, NULL, NULL, 1745158220),
(215, 1, 'Chrome', 'desktop', 'Windows-10.0', NULL, NULL, NULL, NULL, 'sK5NoauaXmlFv4BgRFkFFw08XeizArIXR0MPrxwM', 1745229294, NULL, NULL, 1745229294),
(216, 1, 'Chrome', 'desktop', 'Windows-10.0', NULL, NULL, NULL, NULL, 'Ln3OYJ0QjHNLdE02fgs5m4KTgojGJJRLh9uI9t9p', 1745249194, NULL, NULL, 1745249194),
(217, 1, 'Chrome', 'desktop', 'Windows-10.0', NULL, NULL, NULL, NULL, 'L8nxmubMMhjEG7nxk5SR0peRgxb6v0gabrhVfGSu', 1745265632, NULL, NULL, 1745265632),
(218, 1, 'Chrome', 'desktop', 'Windows-10.0', NULL, NULL, NULL, NULL, 'Rjl6q2kGI5C1RcFruXiBYye4awzUSzaRGg6rrelM', 1745303702, NULL, NULL, 1745303702),
(219, 1, 'Chrome', 'desktop', 'Windows-10.0', NULL, NULL, NULL, NULL, 'Za2nZ7RiAH74W78CXUYqZ3Hv0zlSoqgaz1BUsjqU', 1745336252, NULL, NULL, 1745336252),
(220, 1, 'Chrome', 'desktop', 'Windows-10.0', NULL, NULL, NULL, NULL, 'WhcPUYFcXTG77MnvgMuKN4G8mDOxjgtpDQyEPr1k', 1745662940, NULL, NULL, 1745662940),
(221, 1, 'Chrome', 'desktop', 'Windows-10.0', NULL, NULL, NULL, NULL, 'DkE5lAWeCd7rWUGrAUhCOhL10xRVzSzNYR73VhT1', 1745697475, NULL, NULL, 1745697475),
(222, 1, 'Chrome', 'desktop', 'Windows-10.0', NULL, NULL, NULL, NULL, 'Gc935UdypaiDkk4ieQWy5IvNsq9JyRMsb6LQHvT4', 1745738612, NULL, NULL, 1745738612),
(223, 1, 'Chrome', 'desktop', 'Windows-10.0', NULL, NULL, NULL, NULL, 'TAfjCS5VI94lGf0YAFg7cIecO5d7wjndxSvpvHLY', 1745747573, NULL, NULL, 1745747573),
(224, 1, 'Chrome', 'desktop', 'Windows-10.0', NULL, NULL, NULL, NULL, 'sn0hM7nBhtJVoE9o1q7dwGwWAVSGWNpxprBUroXD', 1745747615, NULL, NULL, 1745747615),
(225, 1, 'Chrome', 'desktop', 'Windows-10.0', NULL, NULL, NULL, NULL, 'J2LSZFTO9cA9Yvepwp3L380CjBwVeP0uiJgMsUmI', 1745863221, NULL, NULL, 1745863221),
(226, 1, 'Chrome', 'desktop', 'Windows-10.0', NULL, NULL, NULL, NULL, 'HFoK8L61rp5hTPcXbvm26C2dxVXf6cK2wxZIKGES', 1746312642, NULL, NULL, 1746312642),
(227, 1, 'Chrome', 'desktop', 'Windows-10.0', NULL, NULL, NULL, NULL, 'nFDzpd2pqJwEAtaCl8frtZTsNShbdnuWEEdrWTfa', 1746312658, NULL, NULL, 1746312658),
(228, 1, 'Chrome', 'desktop', 'Windows-10.0', NULL, NULL, NULL, NULL, 'YH4ToJrsUjD2otZi7uYy1DuG7cCCEWCpYzcrmfB1', 1746463136, NULL, NULL, 1746463136),
(229, 1, 'Chrome', 'desktop', 'Windows-10.0', NULL, NULL, NULL, NULL, 'VPv3xC7UCGdlhBM1hP3Fl72FQi3xSYrGk9zRfFAP', 1746516142, NULL, NULL, 1746516142),
(230, 1, 'Chrome', 'desktop', 'Windows-10.0', NULL, NULL, NULL, NULL, 'u9o1DXgCVp3nTt1BjajuwBViKuIpzjclQS69tJfg', 1746525300, NULL, NULL, 1746525300),
(231, 1, 'Chrome', 'desktop', 'Linux-', NULL, NULL, NULL, NULL, 'IXA7GTZycnK7bj9BIhV9d6REb7RmoEgyCPnxWSbf', 1748365141, 1748365541, 'default', 1748365141),
(232, 930, 'Chrome', 'desktop', 'Linux-', NULL, NULL, NULL, NULL, 'mNeZ82KzIdzjRZAlYd8Ht0rIIETuIAcVsAcFsiQr', 1748365670, NULL, NULL, 1748365670),
(233, 1, 'Chrome', 'desktop', 'Linux-', NULL, NULL, NULL, NULL, 'Yowhttdz4W8KUr48zIXRf9vIPZn2FjbkGn7IhWz8', 1748811845, 1748812045, 'default', 1748811845),
(234, 929, 'Chrome', 'desktop', 'Linux-', NULL, NULL, NULL, NULL, 'GaBlLZA7znh6Qt2Ac5M1meHV4cGEyNyGziiUWOnU', 1748812114, NULL, NULL, 1748812114),
(235, 1, 'Chrome', 'desktop', 'Linux-', NULL, NULL, NULL, NULL, 'PTs9NISwJgiVudBHxW8ZDx21I0M5DeqwHWkX7leh', 1748826876, 1748899945, 'default', 1748826876),
(236, 929, 'Chrome', 'desktop', 'Linux-', NULL, NULL, NULL, NULL, 'cH0FcqniIrpGyIW9RJ0KPXL0FnKaDHP4W5m96xvw', 1748900046, 1748902330, 'default', 1748900046),
(237, 1, 'Chrome', 'desktop', 'Linux-', NULL, NULL, NULL, NULL, 'JleoUwwlTTeGYcZZoDxkffToroD40zVJtaA2EXZA', 1748902342, 1749683584, 'default', 1748902342),
(238, 1, 'Chrome', 'desktop', 'Linux-', NULL, NULL, NULL, NULL, 'Ze60HmcavbzSq5hwVEROBTvT056PVbCzW2eVw6cu', 1749683597, NULL, NULL, 1749683597),
(239, 1, 'Chrome', 'desktop', 'Linux-', NULL, NULL, NULL, NULL, 'o14mo5HRJ6bZaB3ImX6vd9HeYliCNCDBL83CHHbI', 1749857927, NULL, NULL, 1749857927);

INSERT INTO `cschool`.`users` (`id`, `full_name`, `role_name`, `role_id`, `package_id`, `organ_id`, `mobile`, `email`, `bio`, `password`, `google_id`, `facebook_id`, `remember_token`, `logged_count`, `verified`, `financial_approval`, `installment_approval`, `enable_installments`, `disable_cashback`, `enable_registration_bonus`, `registration_bonus_amount`, `avatar`, `avatar_settings`, `cover_img`, `headline`, `about`, `address`, `country_id`, `province_id`, `city_id`, `district_id`, `location`, `level_of_training`, `meeting_type`, `status`, `access_content`, `enable_ai_content`, `language`, `currency`, `timezone`, `newsletter`, `public_message`, `identity_scan`, `certificate`, `affiliate`, `can_create_store`, `ban`, `ban_start_at`, `ban_end_at`, `offline`, `offline_message`, `created_at`, `updated_at`, `deleted_at`) VALUES 
(1, 'Admin', 'admin', 2, NULL, NULL, '00000000', 'admin@demo.com', 'Senior software developer', '$2y$10$e5G6Vy6YRvh14S2DOfbQMuj/K3hqbyqCI1IgW8.wg8Mzax07dyK/S', NULL, NULL, 'PS7V2BVXrgYHMD4f75fyGSV5LtTNDAbwizA6iMzomj7F0j73WJxV4XMEiB8v', 4, 1, 0, 0, 1, 0, 0, NULL, '/store/1/default_images/logo-new.jpg', NULL, NULL, NULL, NULL, NULL, NULL, NULL, NULL, NULL, NULL, bNULL, 'all', 'active', 0, 0, 'EN', 'USD', 'America/New_York', 0, 0, NULL, NULL, 1, 0, 0, NULL, NULL, 0, NULL, 1597826952, 1597826952, NULL),
(3, 'James Kong', 'teacher', 4, NULL, 864, '+12085141324', 'Jameskong2021@gmail.com', 'Master Certified Coach', '$2y$10$NPgvpOF52CHJuSKbh9gG8.7IvjjFd0HklLy5elWySZ58m.9IHpM2K', NULL, NULL, 'Xr4zhhoQpDZU1NbMVh0h7iXy390lCDz8pt4NYTUNvsncEqn9Z8PoTKSxKB96', 0, 0, 1, 0, 1, 0, 0, NULL, '/store/3/avatar/617a4fad7845b.png', NULL, '/store/3/17.jpg', NULL, 'James Kong is a sound and communication expert. His vision is for a world that listens consciously and speaks powerfully.

Julian is author of the books How to be Heard: Secrets for Powerful Speaking and Listening and Sound Business. 

His five TED talks about sound and communication have been watched over 90 million times and his latest talk, How to speak so that people want to listen, is the sixth most watched TED talk of all time. 

James is a media commentator on speaking and listening skills, and has been featured by the likes of TIME Magazine, The Economist, The BBC, and The Times. 

James''s company, The Sound Agency, works with major brands worldwide to improve the way they sound. Their pioneering methods have improved customer happiness, raised sales, and even lowered crime rates, and their work has made headlines internationally.', '638153, Tamil Nadu, Modakkurichi, Elumathur', 20, 33, 34, 42, ST_GeomFromText('POINT(24.643516369262 46.6575362831465)'), b'110', 'all', 'active', 1, 0, 'EN', NULL, 'America/New_York', 0, 0, '/store/3/passport.jpg', '', 1, 0, 0, NULL, NULL, 1, 'I will not be available for 2 weeks until  end of January due to a business trip.', 1597826952, 1597826952, NULL),
(4, 'King Pictures', 'organization', 3, NULL, NULL, '+441632960079', 'kingpictures@gmail.com', 'High Quality Training', '$2y$10$NPgvpOF52CHJuSKbh9gG8.7IvjjFd0HklLy5elWySZ58m.9IHpM2K', NULL, NULL, 'HVMcrvVIvbrAWoMqj0keYcuCqkuVNZ5SumTNTlEY510zC373P6VQXFs6ZNN4', 0, 0, 0, 0, 1, 0, 0, NULL, '/store/4/avatar/617a50568d8a8.png', NULL, '/store/4/19.jpg', NULL, 'King Pictures is a Canadian based company who offer a huge and ever growing range of high quality eLearning solutions that teach using studio quality narrated videos backed-up with practical hands-on examples and comprehensive working files. All courses are created by trained educators and experts in video based education.

The emphasis is on teaching real life skills that are essential for progressing in today''s commercial environment.', NULL, NULL, NULL, NULL, NULL, NULL, bNULL, 'all', 'active', 1, 0, 'EN', NULL, 'America/New_York', 0, 0, NULL, NULL, 1, 0, 0, NULL, NULL, 0, NULL, 1597826952, 1597826952, NULL),
(859, 'AFAQ LMS', 'organization', 3, NULL, NULL, '+12025550132', 'afaqlms@hotmail.com', 'Programming Training Institute', '$2y$10$mEIc7ba2J2yp0BITsWn7MO0bmAuvq7kVh76bGEFoFrORG2fk8Z462', NULL, NULL, 'gzmkt6ncjDIG82JQiOMOd5gYZundIvLbNapWFwdnQkBA5cQ9reSzlNKMsigB', 1, 0, 0, 0, 1, 0, 0, NULL, '/store/859/avatar/6703ff0c50d98.png', NULL, '/store/859/8.png', NULL, 'Eduonix creates and distributes high quality technology training content. Our team of  industry professionals have been training manpower for more than a decade. We aim to teach technology the way it is used in industry and professional world.  We have professional team of trainers for technologies ranging from Mobility, Web to Enterprise and Database and Server Administration.', '', 20, 31, 32, 40, ST_GeomFromText('POINT(24.4817783459103 39.5948390276255)'), b'111', 'all', 'active', 1, 0, 'EN', NULL, 'America/New_York', 0, 0, '/store/859/certificate.jpg', '/store/859/certificate.jpg', 1, 0, 0, NULL, NULL, 0, NULL, 1604509713, NULL, NULL),
(863, 'Owosso', 'organization', 3, NULL, NULL, '+12025550198', 'owosso@info.com', 'Chemical Engineering Institute', '$2y$10$NPgvpOF52CHJuSKbh9gG8.7IvjjFd0HklLy5elWySZ58m.9IHpM2K', NULL, NULL, NULL, 0, 0, 0, 0, 1, 0, 0, NULL, '/store/863/avatar/617a5000eb040.png', NULL, '/store/863/2.png', NULL, 'Dear students,

WR Training is a group of professional engineers from various disciplines (chemical, petrochemical, mechanical, electrical) providing academic and industrial online courses.

Whether youre trying to learn and discover a new scientific or engineering topic from scratch, or want to refresh your memory on something youve learnt in the past, youve come to the right place.

WR Training exists to help you succeed in your academic and professional life. Our goal is to spread the knowledge and promote science.

The courses, you are about to enroll in, were undertaken to give you a clear view of scientific and engineering topics through detailed examples using hands on demo and provide numerous problems with their solutions. You can also use these courses as a review for taking exams or as a vehicle for self-instruction.

Our training methodology was designed to enable individual self paced e-learning.

Each course has been undertaken to teach a specific skill.

Our courses can be watched 24/7 wherever you are. You can also view them on mobile devices with the Udemy mobile app.

We are active online instructors and we will be here for you every step of the way. If you have questions about the course content, you can always post your questions or send us a private message. It will be our pleasure to provide assistance and answer your questions.

So with no further ado, go ahead, select the course suitable for you, click the enroll button and we''ll see you in the first section !

WR Training

Spread the wings of your knowledge', NULL, 17, 28, 30, 37, ST_GeomFromText('POINT(18.967571186446 72.8258094243416)'), b'110', 'online', 'active', 1, 0, 'EN', NULL, 'America/New_York', 0, 0, NULL, NULL, 1, 0, 0, NULL, NULL, 0, NULL, 1604509713, NULL, NULL),
(864, 'Affogato Media', 'organization', 3, NULL, NULL, '+12025550131', 'affogato@yahoo.com', 'Learn Creative Skills', '$2y$10$NPgvpOF52CHJuSKbh9gG8.7IvjjFd0HklLy5elWySZ58m.9IHpM2K', NULL, NULL, NULL, 0, 0, 0, 0, 1, 0, 0, NULL, '/store/864/avatar/617a5011ca3ba.png', NULL, '/store/864/20.jpg', NULL, 'Learn creative skills, from absolute beginner to advanced mastery. 

Video School exists to help you succeed in life. Each course has been hand-tailored to teach a specific skill from photography and video to art, design and business.

Whether youre trying to learn a new skill from scratch, or want to refresh your memory on something youve learned in the past, youve come to the right place.

Education makes the world a better place. Make your world better with new skills!

Our courses can be watched 24/7 wherever you are. Most are fully downloadable so you can take them with you.

All courses have a 30-day money-back guarantee so that you can check it out, make sure its the right course for you, and get a refund if its not!', NULL, 19, 61, 62, 65, ST_GeomFromText('POINT(8.574401306711749 16.0714316236417)'), b'100', 'all', 'active', 1, 0, 'EN', NULL, 'America/New_York', 0, 0, NULL, NULL, 1, 0, 0, NULL, NULL, 0, NULL, 1604509713, NULL, NULL),
(867, 'Light Moon', 'organization', 3, NULL, NULL, '+12025550151', 'organization@demo.com', 'Building Better Professionals', '$2y$10$W0.rfZgYCWGr/rOSrGrGg.Nnm6xBVdR3FYjJiXqiq6LZdx2Ds.aXq', NULL, NULL, 'vC18h8fA6LnvlSlqmuJuiiEUA0JsKWb2KFgFq7I4icB7I6EXexGa7pRpfXkw', 0, 1, 1, 0, 1, 0, 0, NULL, '/store/867/avatar/617a502cf268a.png', NULL, '/store/867/18.jpg', NULL, 'The Light Moon Academy was created by Tim Buchalka, a software developer with 35 years experience, who is also an instructor on Udemy, with over 1.22M+ students in his courses on Java, Python, Android, C#  and the Spring framework. 

The Academys goal in the next three years, is to teach one million people to learn how to program.

Apart from Tims own courses, which are all available here, we are working with the very best teachers, creating courses to teach the essential skills required by developers, at all levels.

One other important philosophy is that our courses are taught by real professionals; software developers with real and substantial experience in the industry, who are also great teachers.  All our instructors are experienced, software developers!

Our team is busy creating new courses right now.

Whether you are a beginner, looking to learn how to program for the very first time, or to brush up on your existing skills, or to learn new languages and frameworks, the Academy has you covered.', 'Massachusetts, West Roxbury, 3979 Smith Street', 16, 21, 67, 68, ST_GeomFromText('POINT(48.1133483367843 -1.70754716561707)'), b'110', 'all', 'active', 1, 0, 'EN', NULL, 'America/New_York', 0, 0, '/store/867/passport.jpg', '', 1, 0, 0, NULL, NULL, 1, NULL, 1604509713, NULL, NULL),
(868, 'TechDecomposed', 'organization', 3, NULL, NULL, '+441632960582', 'techdecomposed@info.com', 'Behavioral Expert Institute', '$2y$10$NPgvpOF52CHJuSKbh9gG8.7IvjjFd0HklLy5elWySZ58m.9IHpM2K', NULL, NULL, NULL, 0, 0, 0, 0, 1, 0, 0, NULL, '/store/868/avatar/617a504591edd.png', NULL, '/store/868/6.jpg', NULL, 'Hi, my name is Gregory Caremans. I''m the founder of the award-winning TechDecomposed.
I''m a psychologist with a Master in communication, specialized in the Neurocognitive and Behavioral Approach. I''m the former Director of the Institute of Neurocognitivism in Brussels (Belgium).
With the TechDecomposed we''ve specialized in writing and producing high quality brain-related content. Mostly, we create online courses. I''m very proud to say that we have a partnership with The Economist where they offer our courses to their readers. Our courses were also featured in the magazine Entrepreneur and CNN. And I was invited to give my first TEDx Talk in December of 2018.', NULL, NULL, NULL, NULL, NULL, NULL, bNULL, 'all', 'active', 1, 0, 'EN', NULL, 'America/New_York', 0, 0, NULL, NULL, 1, 0, 0, NULL, NULL, 0, NULL, 1604509713, NULL, NULL),
(870, 'Jessica Wray', 'teacher', 4, NULL, 863, '+12025550188', 'marques.torp@hotmail.com', 'Network Technician at Cisco', '$2y$10$NPgvpOF52CHJuSKbh9gG8.7IvjjFd0HklLy5elWySZ58m.9IHpM2K', NULL, NULL, NULL, 0, 1, 1, 0, 1, 0, 0, NULL, '/store/870/avatar/617a4f7c09d61.png', NULL, '/store/870/16.jpg', NULL, 'Hi,

Im a certified coach and author. Over the years I''ve worked with and coached 100,000 students from all over the world.
My expertise includes science-based personal development, health & fitness advice in the following areas:
- Self Improvement
- Life Coaching
- Stress Management
- Muscle Growth & Fat Loss
- Healthy Living & Meal Planning
- Gym Workouts & Bodybuilding

Personal Development doesn''t have to be difficult!
What you need are the right strategies and a few simple - but crucial - tips on how to get started and stay motivated. That''s what I teach in my courses, on my blog and in my books.', NULL, 16, 22, 23, 26, ST_GeomFromText('POINT(48.8525914381802 2.39911493026148)'), b'100', 'all', 'active', 1, 0, 'EN', NULL, 'America/New_York', 0, 0, NULL, NULL, 1, 0, 0, NULL, NULL, 0, NULL, 1604509713, NULL, NULL),
(923, 'John Powe', 'teacher', 4, NULL, 867, '+61498970158', 'johnpowe98@yahoo.com', 'IT Director at Cognizant', '$2y$10$NPgvpOF52CHJuSKbh9gG8.7IvjjFd0HklLy5elWySZ58m.9IHpM2K', NULL, NULL, NULL, 0, 1, 0, 0, 1, 0, 0, NULL, '/store/923/avatar/617a4f9983fe5.png', NULL, '/store/923/14.jpg', NULL, 'Hello! I am John Powe; let me welcome you on this platform. I have created unique courses on different subjects including Business, marketing, Sales, Psychology, Copywriting, Social media marketing and a lot more. I have vast knowledge about business planning, marketing strategies, sales and management.

I am a Gold Medalist Student of my time. With the passage of time, I have done different courses including IELTS, Color Therapy, Cognitive behavior Therapy, Nebosh etc.

I always try to learn new things and like to travel. Learning new skills and exploring new fields is my passion. I am a full time Udemy instructor so I am always there to support and help you if you find any kind of difficulty.

I try to make my courses as simple and informative as possible. My courses are mostly 1 to 2 hours of length, to the point and cover most important information regarding the respective subject so that you can learn the best possible knowledge in shortest possible time.

I hope you will learn new things from my courses. Feel free to contact me if you have any questions. Thanks I wish you all the success and happiness in the world. Best of luck', '106 Ben Street', 18, 46, 50, 57, NULL, bNULL, 'all', 'active', 1, 0, 'EN', NULL, 'America/New_York', 0, 0, NULL, NULL, 1, 0, 0, NULL, NULL, 0, NULL, 1604509713, NULL, NULL),
(929, 'Kate Williams', 'teacher', 4, NULL, 868, '+12025550148', 'kate.williams.dev@yahoo.com', 'Computer Engineer at Oracle', '$2y$10$yJaXoU6IoMH4KyzqOpnc4.IGrNasgt6o88SrRvGUQ/fYLU/8Ggw2a', NULL, NULL, '7uW1jBeNeyojhWzSjWQgg33JfIaIK1NP98qMYuOpsH1YdhdkRmWGhfYKjTjB', 0, 0, 0, 0, 1, 0, 0, NULL, '/store/929/avatar/617a4f5d834c8.png', '{"color":"FFFFFF","background":"8e24aa"}', '/store/929/15.jpg', NULL, '"Short courses for busy managers"

Hi there, my name is Kate Williams and I''ve been managing projects and virtual teams for the past 10+ years.

I''m currently a Director at Cisco Systems,* where I lead Project and Program Management teams on delivering complex projects for Cisco''s customers.

Previously, I was a manager at Ernst & Young, where I analyzed failing projects at Fortune 500 companies, and recommended solutions to fix them.  

I was also a research assistant at Harvard University, where I studied issues related to virtual teams. 

I''m an Amazon bestselling author of 4 books about team management (including "Influencing Virtual Teams," "Don''t Reply All," "Project Kickoff," and "Effective Delegation of Authority"), and I hold the PMP, CSM and ITIL certifications.

Most managers don''t have a lot of time to watch lengthy courses (that are usually full of fluff). So I focus on creating short courses that help busy managers become more effective leaders, without wasting their time.

I have published courses about Writing Better Emails, Delegating Effectively, Leading Virtual Meetings, and Managing and Influencing Virtual Teams.', NULL, 17, 27, 29, 36, ST_GeomFromText('POINT(28.5561791651924 77.21492460718051)'), b'010', 'all', 'active', 1, 0, 'EN', NULL, 'America/New_York', 0, 0, NULL, NULL, 1, 0, 0, NULL, NULL, 0, NULL, 1605463391, NULL, 1622030241),
(930, 'Jade Harrison', 'user', 1, NULL, NULL, '+12025550130', 'jadeharrison@gmail.com', NULL, '$2y$10$36VBmpyLmC3JfnqlcG8OEug7TkE5FWIkRIZmWTk6e8cpXqk1q72xy', NULL, NULL, 'Ci4PVF45uuqLCuaxz92kWYuFMnTyesfS5N9cMaGnCsTrkb6zQF5UL8suOFrk', 0, 0, 0, 0, 1, 0, 0, NULL, '/store/930/avatar/617a4ee75dd14.png', '{"color":"000000","background":"cfd8dc"}', '/store/930/2.jpg', NULL, NULL, '46 Place Charles de Gaulle', 16, 22, 23, 24, NULL, bNULL, 'all', 'active', 1, 0, 'EN', NULL, 'America/New_York', 0, 0, '/store/930/passport.jpg', '/store/930/certificate.jpg', 1, 0, 0, NULL, NULL, 0, NULL, 1606325331, NULL, NULL),
(934, 'Linda Anderson', 'teacher', 4, NULL, 4, '+12025550143', 'Lindaanderson_92@gmail.com', 'IT Technician at IBM', '$2y$10$m.NTg5P372vNTY2PQlx/S.j9cswa9Fc9UKWJ608AmlaOkqdgRmyw6', NULL, NULL, NULL, 0, 0, 1, 0, 1, 0, 0, NULL, '/store/934/avatar/617a4f418be6b.png', NULL, '/store/934/2.jpg', NULL, 'I am a programmer with over 12 years'' experience gained in a range of industries, the last 16 with IBM.

I am now self employed developing apps for Android; programming in a range of languages including Java, Javascript and Python; and helping the next generation of programmers gain the skills that I have acquired over the years.

The first program I sold controlled stock movement in a warehouse, and ran on a CP/M computer - both the program and operating system lived in the 64 kb (yes, kilobytes) that was all CP/M systems had in those days.

I have gained experience in a wide range of industries including Utilities, Retail, Insurance and the Motor Manufacturing industry. My clients and employers have included Northumbrian Water, Arcadia, Royal Sun Alliance, Nissan and Jaguar Landrover. I also worked for Sunderland University for 3 years preparing and delivering training courses in computing.

Times have changed, the challenges are very different to what they were, but programming remains fun!

When not at my computer, I am often riding my motorbike through the wonderful countryside of the UK and Europe.', 'OX7 3NH, England, Oxfordshire, Ascott-under-Wychwood', 19, 59, 60, 63, ST_GeomFromText('POINT(12.0933742840385 15.0818819044672)'), b'100', 'all', 'active', 1, 0, 'EN', NULL, 'America/New_York', 0, 0, '/store/934/passport.jpg', '', 1, 0, 0, NULL, NULL, 0, NULL, 1612680476, NULL, NULL),
(979, 'Morgan Sullivan', 'user', 1, NULL, NULL, '+12025550162', 'morgansullivan@yahoo.com', NULL, '$2y$10$TB0nU6Wpg4W9NtIix/uPge6w8aovVEHuzTkoLYWLqykaBnXEkF96u', NULL, NULL, NULL, 0, 0, 0, 0, 1, 0, 0, NULL, '/store/979/avatar/617a4ed2908fd.png', NULL, '/store/979/5.jpg', NULL, NULL, NULL, NULL, NULL, NULL, NULL, NULL, bNULL, 'all', 'active', 1, 0, 'EN', NULL, 'America/New_York', 0, 0, NULL, NULL, 1, 0, 0, NULL, NULL, 0, NULL, 1613807727, NULL, NULL),
(995, 'Cameron Schofield', 'user', 1, NULL, 867, '+12025550169', 'student@demo.com', NULL, '$2y$10$Hc4OzTkL3i5vmHXXvZvSfOsZDMD/XYwO4yS8UOtUIAFQcXYhIIJsa', NULL, NULL, 'SFlcXWZLm3uPJL8DFukp8TbIHE2dLMvL5xGsHmWxeXm5PYGjX6evu9SBcA9D', 6, 1, 0, 0, 1, 0, 1, NULL, '/store/995/avatar/6179b58ee64c7.png', '{"color":"000000","background":"e0f2f1"}', '/store/995/7.jpg', NULL, NULL, 'Jeevan Tara Building, 1Sr Floor, Gate No.4, 5 Sansad Marg, New Delhi', 17, 27, 29, 35, NULL, bNULL, 'all', 'active', 1, 0, 'EN', NULL, 'America/New_York', 1, 0, NULL, '', 1, 0, 0, NULL, NULL, 0, NULL, 1615538893, NULL, NULL),
(996, 'Omar Mohamed', 'user', 1, NULL, 867, '+12025550159', 'omar@gmail.com', 'bio', '$2y$10$ULmRS7acf2bwY5pE0NNICeneLlap9Bl3YlRwI1ffesoDCQG5qx2DG', NULL, NULL, 'o6WuqJgoUEncLapPTEQa1Fzrk8EYnLhDUM1h1rFKC8jEmfgZyCSzcvFmyUq9', 1, 0, 0, 0, 1, 0, 0, NULL, '/store/996/avatar/617a4ea0d77af.png', '{"color":"000000","background":"FF4081"}', '/store/996/11.jpg', NULL, 'about', NULL, NULL, NULL, NULL, NULL, NULL, bNULL, 'all', 'active', 1, 0, 'AR', NULL, 'Asia/Riyadh', 1, 0, NULL, NULL, 1, 0, 0, NULL, NULL, 0, NULL, 1619885166, NULL, NULL),
(1015, 'Robert Ransdell', 'teacher', 4, NULL, 867, '+61491170156', 'instructor@demo.com', 'System Administrator at Amazon', '$2y$10$8.jgtS/cg8L6HfuuBgWnkeg49r0LiY7kofR6eiY9b.mx747i82n.u', NULL, NULL, 'VQeKCF9wAChvk9FRurybeIsZk1Vizwx5dSSE05D5yqHvglr7G7nzO5BqgDQS', 0, 1, 1, 0, 1, 0, 1, NULL, '/store/1015/avatar/617a4f2fb8a6d.png', '{"color":"000000","background":"EF5350"}', '/store/1015/6.jpg', NULL, 'Robert started his career as a Unix and Linux System Engineer in 1999. Since that time he has utilized his Linux skills at companies such as Xerox, UPS, Hewlett-Packard, and Amazon.com. Additionally, he has acted as a technical consultant and independent contractor for small businesses and Fortune 500 companies.

Robert has professional experience with CentOS, RedHat Enterprise Linux, SUSE Linux Enterprise Server, and Ubuntu. He has used several Linux distributions on personal projects including Debian, Slackware, CrunchBang, and others. In addition to Linux, Jason has experience supporting proprietary Unix operating systems including AIX, HP-UX, and Solaris.

He enjoys teaching others how to use and exploit the power of the Linux operating system. He is also the author of the books "Linux for Beginners" and "Command Line Kung Fu."', 'Al Wakrah ,27904 Hilpert Knoll', 18, 46, 49, 55, ST_GeomFromText('POINT(40.7161108229911 -74.0115263531368)'), b'110', 'all', 'active', 1, 0, 'EN', NULL, 'America/New_York', 0, 0, '/store/1015/passport.jpg', '/store/1015/certificate_validation.jpg', 1, 0, 0, NULL, NULL, 0, NULL, 1624817207, NULL, NULL),
(1016, 'Ahmed Araf', 'teacher', 4, NULL, NULL, '+12025250175', 'ahmed@hotmail.com', 'Data Analyst at Microsoft', '$2y$10$L3ucMuuFyaEbDbBpiTgvEOYSR6/FZz0jAetRGAoZPOdoH2TgwJnXO', NULL, NULL, '3UgTWv4ajikwcrtIG0uYCpwnpVYQbs5f7k6ibf47w8vbsQchoyw6jOUoa6LM', 2, 0, 1, 0, 1, 0, 0, NULL, '/store/1016/avatar/617a4f17c8e72.png', NULL, '/store/1016/7.jpg', NULL, 'Ricardo dave has a BS and MS in Mechanical Engineering from Santa Clara University and years of experience as a professional instructor and trainer for Data Science and programming. He has publications and patents in various fields such as microfluidics, materials science, and data science technologies. Over the course of his career he has developed a skill set in analyzing data and he hopes to use his experience in teaching and data science to help other people learn the power of programming the ability to analyze data, as well as present the data in clear and beautiful visualizations. Currently he works as the Head of Data Science for Pierian Data Inc. and provides in-person data science and python programming training courses to employees working at top companies, including General Electric, Cigna, The New York Times, Credit Suisse, McKinsey and many more. Feel free to contact him on LinkedIn for more information on in-person training sessions or group training sessions in Las Vegas, NV.', 'Luib, 72 Wern Ddu Lane', 16, 22, 23, 25, ST_GeomFromText('POINT(48.8123499131626 2.24758102259453)'), b'010', 'all', 'active', 1, 0, 'AR', NULL, 'America/New_York', 0, 0, '/store/1016/passport.jpg', '', 1, 0, 0, NULL, NULL, 1, 'I am not available for 2 days due to a business trip', 1624817905, NULL, NULL),
(1017, 'Alex Pmelaa', 'user', 1, NULL, NULL, '085374589', 'a.pmelaa@gmail.com', NULL, '$2y$10$EfeGqWC1GieaFQKzSLPeMOPr9ggMsLPgP5L8wunEz4tI.5wIz3Eni', NULL, NULL, NULL, 0, 0, 0, 0, 1, 0, 0, NULL, '/store/1017/avatar/61b6f03ebd69d.png', NULL, NULL, NULL, NULL, 'Jeevan Tara Building, 1Sr Floor, Gate No.4, 5 Sansad Marg, New Delhi', 17, 27, 29, 35, NULL, bNULL, 'all', 'active', 1, 0, 'EN', NULL, 'America/New_York', 1, 0, NULL, NULL, 1, 0, 0, NULL, NULL, 0, NULL, 1639378748, NULL, NULL),
(1019, 'Ryan Lester', 'user', 1, NULL, NULL, '0448509638', 'ryan2002@demo.com', NULL, '$2y$10$4QLNH1y6wB9/JQeOVRt8u.tvYDCKVNv7J11eAiJpbUqZU5lM0gheS', NULL, NULL, NULL, 0, 0, 0, 0, 1, 0, 0, NULL, '/store/1019/avatar/62ba96e075b36.png', '{"color":"000000","background":"0091ea"}', NULL, NULL, NULL, NULL, NULL, NULL, NULL, NULL, NULL, bNULL, 'all', 'active', 0, 0, 'EN', NULL, NULL, 0, 0, NULL, NULL, 1, 0, 0, NULL, NULL, 0, NULL, 1655885724, NULL, NULL),
(1045, 'Lewis Erickson', 'user', 1, NULL, NULL, '1648664852', 'Lewis@yahoo.com', NULL, '$2y$10$TnKXAoGt3qrjgii5E7DC3.alQLloOjMp2vSFXpYZ4WHnoAS1KbWsu', NULL, NULL, NULL, 0, 0, 0, 0, 1, 0, 1, 50.00, '/store/1045/avatar/6412e7539e897.png', '{"color":"000000","background":"ba68c8"}', NULL, NULL, NULL, NULL, NULL, NULL, NULL, NULL, NULL, bNULL, 'all', 'active', 1, 0, NULL, 'USD', 'America/New_York', 0, 0, NULL, NULL, 1, 0, 0, NULL, NULL, 0, NULL, 1678958736, NULL, NULL),
(1046, 'Robert Travis', 'user', 1, NULL, NULL, '179654566', 'travis@gmail.com', NULL, '$2y$10$IyEnbWvOLvML4xn4hqaOI./8Y31OFmUySiBkoM2CejQDPicgt0VsG', NULL, NULL, NULL, 0, 0, 0, 0, 1, 0, 1, 50.00, '/store/1046/avatar/6412e7f4ad10d.png', '{"color":"000000","background":"ffe57f"}', NULL, NULL, NULL, NULL, NULL, NULL, NULL, NULL, NULL, bNULL, 'all', 'active', 1, 0, NULL, 'USD', 'America/New_York', 0, 0, NULL, NULL, 1, 0, 0, NULL, NULL, 0, NULL, 1678959456, NULL, NULL),
(1047, 'Abdelrahman Mohamed', 'AFAQ_Admin', 9, NULL, NULL, NULL, 'admin@adminlms.com', NULL, '$2y$10$weiYadw9bhSjJ3IuKZSCteQigjc11nnsUjlusBAWnSm9qyhEPZ/Yu', NULL, NULL, 'hR2FSKESlaQ5UgQyBr0ynPlICb8tEwN5jghBk7Mz2Hw1m60emzX3N4F2AECy', 8, 1, 1, 1, 1, 1, 1, NULL, NULL, '{"color":"000000","background":"ffecb3"}', NULL, NULL, NULL, NULL, NULL, NULL, NULL, NULL, NULL, bNULL, 'all', 'active', 1, 1, 'EN', NULL, NULL, 0, 0, NULL, NULL, 1, 1, 0, NULL, NULL, 0, NULL, 1728223852, NULL, NULL),
(1049, 'honeyBurst', 'user', 1, NULL, NULL, '29882259368976', 'conserve@helixwater.org', NULL, '$2y$10$x9yqyxDN43p5sUIVsZtn8eG1tS3k.qFA7MFeqYsKcNo51NnVP/y0y', NULL, NULL, 'PdjUkmvV2A1f7lOersrKBpBsIdqGfw46NXqaIb1zyBofC6UdoWXnrRQVLdCp', 0, 0, 0, 0, 1, 0, 0, NULL, NULL, '{"color":"FFFFFF","background":"263238"}', NULL, NULL, NULL, NULL, NULL, NULL, NULL, NULL, NULL, bNULL, 'all', 'pending', 1, 0, NULL, NULL, 'Africa/Malabo', 0, 0, NULL, NULL, 0, 0, 0, NULL, NULL, 0, NULL, 1729390132, NULL, NULL),
(1050, 'StudentArafa', 'user', 1, NULL, 859, '01021329593', 'arafa@student.com', NULL, '$2y$10$jfnXajcoASF8iKXnw5lq8OmiGeA1LndsRhRlOSZu0Oky9F89chC9e', NULL, NULL, 'zdsO05IbCIbMO2pth9X1BEKouTcGR533bLIFBhgskYaWgHKyRcjIG3PVzcBE', 1, 1, 0, 0, 1, 0, 0, NULL, NULL, '{"color":"000000","background":"7e57c2"}', NULL, NULL, NULL, NULL, NULL, NULL, NULL, NULL, NULL, bNULL, 'all', 'active', 1, 0, 'AR', NULL, 'Asia/Riyadh', 0, 0, NULL, NULL, 1, 0, 0, NULL, NULL, 0, NULL, 1729664450, NULL, NULL),
(1051, 'Fisal', 'user', 1, NULL, NULL, NULL, 'faisal@student.com', NULL, '$2y$10$zfdJXYl9diissP.k5Hs4XOQMMs/2uJEEZ5qt7BugJkz/14QpPvaq6', NULL, NULL, '5VBPr16mSy28XK4vbF6HGP85F8zgGQUHkx3752OilXrH0qSuS10Ahm2ErDM9', 1, 1, 0, 0, 1, 0, 0, NULL, NULL, '{"color":"000000","background":"0091ea"}', NULL, NULL, NULL, NULL, NULL, NULL, NULL, NULL, NULL, bNULL, 'all', 'active', 1, 0, NULL, NULL, NULL, 0, 0, NULL, NULL, 0, 0, 0, NULL, NULL, 0, NULL, 1729752350, NULL, NULL),
(1052, 'omar', 'user', 1, NULL, NULL, '0537954964', 'omar@student.com', NULL, '$2y$10$O8VZV1n0wUHfpecEgWfu1ur.kjnhrdbdgZpNL9TWXI2EBGKLLPaGa', NULL, NULL, 'zvm0FHsUPhwgiHGjpyDsOrzB7QGXQYii77xsLllEU0ykgKDBaoX2Cwd72M1k', 1, 1, 0, 0, 1, 0, 0, NULL, NULL, '{"color":"FFFFFF","background":"f9a825"}', NULL, NULL, NULL, '', NULL, NULL, NULL, NULL, NULL, bNULL, 'all', 'active', 1, 0, 'AR', NULL, 'Asia/Riyadh', 0, 1, '', '', 0, 0, 0, NULL, NULL, 0, NULL, 1729752392, NULL, NULL),
(1053, 'aziz', 'user', 1, NULL, NULL, NULL, 'aziz@student.com', NULL, '$2y$10$dm5DGksdn9NjhxDVW.Xiku/C79SBV.Q6uz6pGyBF4fTCm8Jy8f7oW', NULL, NULL, NULL, 0, 1, 0, 0, 1, 0, 0, NULL, NULL, '{"color":"FFFFFF","background":"546e7a"}', NULL, NULL, NULL, NULL, NULL, NULL, NULL, NULL, NULL, bNULL, 'all', 'active', 1, 0, NULL, NULL, NULL, 0, 0, NULL, NULL, 0, 0, 0, NULL, NULL, 0, NULL, 1729752421, NULL, NULL),
(1054, 'omarInstructor', 'teacher', 4, NULL, NULL, NULL, 'omar@instructor.com', NULL, '$2y$10$X8clNr8jScc.YywHCLh3YONU123UYnFVmT8E2zN4B/3jyvVyW70NG', NULL, NULL, NULL, 0, 1, 0, 0, 1, 0, 0, NULL, NULL, '{"color":"FFFFFF","background":"6a1b9a"}', NULL, NULL, NULL, NULL, NULL, NULL, NULL, NULL, NULL, bNULL, 'all', 'active', 1, 0, NULL, NULL, NULL, 0, 0, NULL, NULL, 0, 0, 0, NULL, NULL, 0, NULL, 1729752506, NULL, NULL),
(1055, 'Fisal', 'teacher', 4, NULL, NULL, NULL, 'fisal@instructor.com', NULL, '$2y$10$abJCBnEU6EnGKUciRTyT4OaBgkUFJNGDvbcUgmWAvnr4xbMe85nGC', NULL, NULL, NULL, 0, 1, 0, 0, 1, 0, 0, NULL, NULL, '{"color":"FFFFFF","background":"6d4c41"}', NULL, NULL, NULL, NULL, NULL, NULL, NULL, NULL, NULL, bNULL, 'all', 'active', 1, 0, NULL, NULL, NULL, 0, 0, NULL, NULL, 0, 0, 0, NULL, NULL, 0, NULL, 1729752552, NULL, NULL),
(1056, 'aziz', 'teacher', 4, NULL, NULL, NULL, 'aziz@instructor.com', NULL, '$2y$10$axXoRVqJ1VRclqcu4l5Jf.SZJSfrk/pwJSrZ3Y2/OpsD9JrzF4VF2', NULL, NULL, NULL, 0, 1, 0, 0, 1, 0, 0, NULL, NULL, '{"color":"000000","background":"f3e5f5"}', NULL, NULL, NULL, NULL, NULL, NULL, NULL, NULL, NULL, bNULL, 'all', 'active', 1, 0, NULL, NULL, NULL, 0, 0, NULL, NULL, 0, 0, 0, NULL, NULL, 0, NULL, 1729752600, NULL, NULL),
(1057, 'kZWtfYPyUjMcX', 'organization', 3, NULL, NULL, '2637040322594', 'dqogiusvtahan@yahoo.com', NULL, '$2y$10$AlBrqhVZv1PE83WlidREaepKlL1VX4vj1ISZTjTgzRGJ9Q3XHEh.K', NULL, NULL, NULL, 0, 0, 0, 0, 1, 0, 0, NULL, NULL, NULL, NULL, NULL, NULL, NULL, NULL, NULL, NULL, NULL, NULL, bNULL, 'all', 'pending', 1, 0, NULL, NULL, 'UTC', 0, 0, NULL, NULL, 0, 0, 0, NULL, NULL, 0, NULL, 1730466641, NULL, NULL),
(1058, 'VoZbnUkuTGI', 'organization', 3, NULL, NULL, '2638798611010', 'avamayvb1991@gmail.com', NULL, '$2y$10$Eu7W2UJThy1h4CwRCIIM.uhIgZ3Tw5wXfD38nkIZ2bKDfmJt1aN9O', NULL, NULL, NULL, 0, 0, 0, 0, 1, 0, 0, NULL, NULL, NULL, NULL, NULL, NULL, NULL, NULL, NULL, NULL, NULL, NULL, bNULL, 'all', 'pending', 1, 0, NULL, NULL, 'UTC', 0, 0, NULL, NULL, 0, 0, 0, NULL, NULL, 0, NULL, 1730954732, NULL, NULL),
(1059, 'KmCXSHQseYZH', 'organization', 3, NULL, NULL, '2637397529689', 'xqgeimdvltgaoeci@yahoo.com', NULL, '$2y$10$aJS2RsQA9u.RwPWYEwXwNutSsrGxFjywaPcOm6mshjMG4WU98DDrC', NULL, NULL, NULL, 0, 0, 0, 0, 1, 0, 0, NULL, NULL, NULL, NULL, NULL, NULL, NULL, NULL, NULL, NULL, NULL, NULL, bNULL, 'all', 'pending', 1, 0, NULL, NULL, 'UTC', 0, 0, NULL, NULL, 0, 0, 0, NULL, NULL, 0, NULL, 1731065193, NULL, NULL),
(1060, 'mHDzIBsuKbnI', 'organization', 3, NULL, NULL, '2633997360276', 'luellaae6072@gmail.com', NULL, '$2y$10$f81cMbHbza0dtapZagc8jeCvx/5vmG/dRLBUcRsVSWUWcaU2EMd1a', NULL, NULL, NULL, 0, 0, 0, 0, 1, 0, 0, NULL, NULL, NULL, NULL, NULL, NULL, NULL, NULL, NULL, NULL, NULL, NULL, bNULL, 'all', 'pending', 1, 0, NULL, NULL, 'UTC', 0, 0, NULL, NULL, 0, 0, 0, NULL, NULL, 0, NULL, 1731337407, NULL, NULL),
(1061, 'uPhRNhCjoSh', 'organization', 3, NULL, NULL, '2637467128910', 'lpcytrdfnfkd@yahoo.com', NULL, '$2y$10$2Ffs4S.SlF7kbfgKsE3bW.Zx4i281PrImYxIIzwB6zFtA2CQcxZPm', NULL, NULL, NULL, 0, 0, 0, 0, 1, 0, 0, NULL, NULL, NULL, NULL, NULL, NULL, NULL, NULL, NULL, NULL, NULL, NULL, bNULL, 'all', 'pending', 1, 0, NULL, NULL, 'UTC', 0, 0, NULL, NULL, 0, 0, 0, NULL, NULL, 0, NULL, 1731403643, NULL, NULL),
(1062, 'JNCOZlXXkvD', 'organization', 3, NULL, NULL, '2639309923873', 'shadowtimerr@yahoo.com', NULL, '$2y$10$8Ilw8tc7XXH2GCBqgyGTauazvxUMS3ZiXSLsIeZvR0obBvZZuXPiW', NULL, NULL, NULL, 0, 0, 0, 0, 1, 0, 0, NULL, NULL, NULL, NULL, NULL, NULL, NULL, NULL, NULL, NULL, NULL, NULL, bNULL, 'all', 'pending', 1, 0, NULL, NULL, 'UTC', 0, 0, NULL, NULL, 0, 0, 0, NULL, NULL, 0, NULL, 1731640120, NULL, NULL),
(1063, 'CrrShnptdgEmnZX', 'organization', 3, NULL, NULL, '2634940531364', 'gklifford7290@gmail.com', NULL, '$2y$10$geV1pzHHgh3OF3PWL6rH9eGGScqaPRKAp5PxNY3k4exGSSTH4A0ei', NULL, NULL, NULL, 0, 0, 0, 0, 1, 0, 0, NULL, NULL, NULL, NULL, NULL, NULL, NULL, NULL, NULL, NULL, NULL, NULL, bNULL, 'all', 'pending', 1, 0, NULL, NULL, 'UTC', 0, 0, NULL, NULL, 0, 0, 0, NULL, NULL, 0, NULL, 1731901544, NULL, NULL),
(1064, 'bEhJYYQWBrVq', 'organization', 3, NULL, NULL, '2636493453240', 'kmmtthdfycv@yahoo.com', NULL, '$2y$10$pqfqfRtp8cbErf1R7eFBnOHo/xJ3LskbGhWGv.twRIrBV.hhJTtqe', NULL, NULL, NULL, 0, 0, 0, 0, 1, 0, 0, NULL, NULL, NULL, NULL, NULL, NULL, NULL, NULL, NULL, NULL, NULL, NULL, bNULL, 'all', 'pending', 1, 0, NULL, NULL, 'UTC', 0, 0, NULL, NULL, 0, 0, 0, NULL, NULL, 0, NULL, 1732077293, NULL, NULL),
(1065, 'ZtNiUXrx', 'organization', 3, NULL, NULL, '2635808250477', 'hhav2q64n5vpls5@yahoo.com', NULL, '$2y$10$ewR6axDwOFOHHI.w1I8YXumHGH93pSSQYi.Fua2lnul1jxd2nBvii', NULL, NULL, NULL, 0, 0, 0, 0, 1, 0, 0, NULL, NULL, NULL, NULL, NULL, NULL, NULL, NULL, NULL, NULL, NULL, NULL, bNULL, 'all', 'pending', 1, 0, NULL, NULL, 'UTC', 0, 0, NULL, NULL, 0, 0, 0, NULL, NULL, 0, NULL, 1732350370, NULL, NULL),
(1066, 'cZPjskslj', 'organization', 3, NULL, NULL, '2638518629864', 'valeelleri43@gmail.com', NULL, '$2y$10$4VHqLLDDqAkmpfsf32PYJOXs6aSWEtgzEpT8468fBSNWlN1ytqmwO', NULL, NULL, NULL, 0, 0, 0, 0, 1, 0, 0, NULL, NULL, NULL, NULL, NULL, NULL, NULL, NULL, NULL, NULL, NULL, NULL, bNULL, 'all', 'pending', 1, 0, NULL, NULL, 'UTC', 0, 0, NULL, NULL, 0, 0, 0, NULL, NULL, 0, NULL, 1732676683, NULL, NULL),
(1067, 'jMrrEodPswyDp', 'organization', 3, NULL, NULL, '2638858598394', 'krw9ey8xspm4oqr@yahoo.com', NULL, '$2y$10$EVif6B3eQ0gURf4d0L5Q3OTZt9InfuFhzxlKnQX.VMAqDC75Z/0oS', NULL, NULL, NULL, 0, 0, 0, 0, 1, 0, 0, NULL, NULL, NULL, NULL, NULL, NULL, NULL, NULL, NULL, NULL, NULL, NULL, bNULL, 'all', 'pending', 1, 0, NULL, NULL, 'UTC', 0, 0, NULL, NULL, 0, 0, 0, NULL, NULL, 0, NULL, 1732831766, NULL, NULL),
(1068, 'BfywvfKoGzAPkR', 'organization', 3, NULL, NULL, '2636588073212', 'yejxvtvdixi@yahoo.com', NULL, '$2y$10$/sXKpTD0shIXG7ZyykaBXupBgh9jRIUlIcZB4oJJ7KIxRGCB24D16', NULL, NULL, NULL, 0, 0, 0, 0, 1, 0, 0, NULL, NULL, NULL, NULL, NULL, NULL, NULL, NULL, NULL, NULL, NULL, NULL, bNULL, 'all', 'pending', 1, 0, NULL, NULL, 'UTC', 0, 0, NULL, NULL, 0, 0, 0, NULL, NULL, 0, NULL, 1732900534, NULL, NULL),
(1069, 'WvkLHpRucNuAh', 'organization', 3, NULL, NULL, '2632110929205', 'kendmayhp@gmail.com', NULL, '$2y$10$3A3HTdQ99hIywXCTGMre5.Da877.FKbI1psImtKPUVcQ0n7l58vem', NULL, NULL, NULL, 0, 0, 0, 0, 1, 0, 0, NULL, NULL, NULL, NULL, NULL, NULL, NULL, NULL, NULL, NULL, NULL, NULL, bNULL, 'all', 'pending', 1, 0, NULL, NULL, 'UTC', 0, 0, NULL, NULL, 0, 0, 0, NULL, NULL, 0, NULL, 1733157055, NULL, NULL),
(1070, 'GPLyCISoT', 'organization', 3, NULL, NULL, '2635239045663', 'wihhansa@yahoo.com', NULL, '$2y$10$dmZK13SnlBz0Z98FKELL2.el7rQn.asM.vkLsWHrYdeJ3g6kmAcCm', NULL, NULL, NULL, 0, 0, 0, 0, 1, 0, 0, NULL, NULL, NULL, NULL, NULL, NULL, NULL, NULL, NULL, NULL, NULL, NULL, bNULL, 'all', 'pending', 1, 0, NULL, NULL, 'UTC', 0, 0, NULL, NULL, 0, 0, 0, NULL, NULL, 0, NULL, 1733221635, NULL, NULL),
(1071, 'kwmbKUgOfvnfcG', 'organization', 3, NULL, NULL, '2638820416499', 'saildac@yahoo.com', NULL, '$2y$10$f4eZcBUl4ZcVVMkkMMPsEuFlO8mn1Vv5kGvbBgH6rEVyCgB5IPpqi', NULL, NULL, NULL, 0, 0, 0, 0, 1, 0, 0, NULL, NULL, NULL, NULL, NULL, NULL, NULL, NULL, NULL, NULL, NULL, NULL, bNULL, 'all', 'pending', 1, 0, NULL, NULL, 'UTC', 0, 0, NULL, NULL, 0, 0, 0, NULL, NULL, 0, NULL, 1733285320, NULL, NULL),
(1072, 'COugmYvy', 'organization', 3, NULL, NULL, '2632876382972', 'rasshunt43@gmail.com', NULL, '$2y$10$vxwgs8VQoW9gHcxlhaegd.jbUWJ1gIPRAjrxyPphI3dFeB/QVfl4.', NULL, NULL, NULL, 0, 0, 0, 0, 1, 0, 0, NULL, NULL, NULL, NULL, NULL, NULL, NULL, NULL, NULL, NULL, NULL, NULL, bNULL, 'all', 'pending', 1, 0, NULL, NULL, 'UTC', 0, 0, NULL, NULL, 0, 0, 0, NULL, NULL, 0, NULL, 1733343609, NULL, NULL),
(1073, 'shinupvo', 'user', 1, NULL, NULL, NULL, 'shinupvo@mailto.plus', NULL, '$2y$10$u6HiB.bL/h2HfAYrq3MBq.jn2Y/qWGxiSopIPSS72WELplLBU/q/S', NULL, NULL, NULL, 0, 0, 0, 0, 1, 0, 0, NULL, NULL, '{"color":"000000","background":"ffc107"}', NULL, NULL, NULL, NULL, NULL, NULL, NULL, NULL, NULL, bNULL, 'all', 'pending', 1, 0, NULL, NULL, 'Asia%2FKolkata', 0, 0, NULL, NULL, 0, 0, 0, NULL, NULL, 0, NULL, 1733385661, NULL, NULL),
(1074, 'shinihdf', 'user', 1, NULL, NULL, NULL, 'shinihdf@mailto.plus', NULL, '$2y$10$9DzvrN0bRvaLeFRzLVjQZ.sGtF.21QGHUAQI9IA72szbKIe9YEXqC', NULL, NULL, NULL, 0, 0, 0, 0, 1, 0, 0, NULL, NULL, '{"color":"000000","background":"cfd8dc"}', NULL, NULL, NULL, NULL, NULL, NULL, NULL, NULL, NULL, bNULL, 'all', 'pending', 1, 0, NULL, NULL, 'Asia%2FKolkata', 0, 0, NULL, NULL, 0, 0, 0, NULL, NULL, 0, NULL, 1733385674, NULL, NULL),
(1075, 'shinfqnw', 'user', 1, NULL, NULL, NULL, 'shinfqnw@mailto.plus', NULL, '$2y$10$z0P8735m2WiElE583hkD9OPbhc9VN6RrLC/1P/nD3B1v8ghvKNCdO', NULL, NULL, NULL, 0, 0, 0, 0, 1, 0, 0, NULL, NULL, '{"color":"000000","background":"ffc400"}', NULL, NULL, NULL, NULL, NULL, NULL, NULL, NULL, NULL, bNULL, 'all', 'pending', 1, 0, NULL, NULL, 'Asia%2FKolkata', 0, 0, NULL, NULL, 0, 0, 0, NULL, NULL, 0, NULL, 1733385687, NULL, NULL),
(1076, 'ZVIYRePdxHlRCT', 'organization', 3, NULL, NULL, '2634699309042', 'fqstdjxvhfxffgpiv@yahoo.com', NULL, '$2y$10$C9jpyBYJ62Ky7ikCnQEyJO1yK7xZAPQM8PTHasrwr3o1gLIlaaqDq', NULL, NULL, NULL, 0, 0, 0, 0, 1, 0, 0, NULL, NULL, NULL, NULL, NULL, NULL, NULL, NULL, NULL, NULL, NULL, NULL, bNULL, 'all', 'pending', 1, 0, NULL, NULL, 'UTC', 0, 0, NULL, NULL, 0, 0, 0, NULL, NULL, 0, NULL, 1733409144, NULL, NULL),
(1077, 'ngtxZkFPVbkb', 'organization', 3, NULL, NULL, '2636652696262', 'fisterajora@yahoo.com', NULL, '$2y$10$9P6tSrjTEvJopdRQabTEMehJLVJ6ERh0UsgQoxqutY0hNkmgaVV6S', NULL, NULL, NULL, 0, 0, 0, 0, 1, 0, 0, NULL, NULL, NULL, NULL, NULL, NULL, NULL, NULL, NULL, NULL, NULL, NULL, bNULL, 'all', 'pending', 1, 0, NULL, NULL, 'UTC', 0, 0, NULL, NULL, 0, 0, 0, NULL, NULL, 0, NULL, 1733481894, NULL, NULL),
(1078, 'htNAPIQmDrHf', 'organization', 3, NULL, NULL, '2638728323241', 'jymjjdmglaegh@yahoo.com', NULL, '$2y$10$nJh4gnpEbQe5q3de.GgtrOo0mXQLluZNLbzRYPVqOI0MOgg1J6drm', NULL, NULL, NULL, 0, 0, 0, 0, 1, 0, 0, NULL, NULL, NULL, NULL, NULL, NULL, NULL, NULL, NULL, NULL, NULL, NULL, bNULL, 'all', 'pending', 1, 0, NULL, NULL, 'UTC', 0, 0, NULL, NULL, 0, 0, 0, NULL, NULL, 0, NULL, 1733549874, NULL, NULL),
(1079, 'FriMvIQj', 'organization', 3, NULL, NULL, '2635413931078', 'aizenithumbra@gmail.com', NULL, '$2y$10$tesg447QM47RoK73vSBLh.zGrNM4aD5hgo6gBWoYFb9rof68vT7n6', NULL, NULL, NULL, 0, 0, 0, 0, 1, 0, 0, NULL, NULL, NULL, NULL, NULL, NULL, NULL, NULL, NULL, NULL, NULL, NULL, bNULL, 'all', 'pending', 1, 0, NULL, NULL, 'UTC', 0, 0, NULL, NULL, 0, 0, 0, NULL, NULL, 0, NULL, 1733614222, NULL, NULL),
(1080, 'yGTDmuWDAIheFne', 'organization', 3, NULL, NULL, '2638354466606', 'aziyayang2005@gmail.com', NULL, '$2y$10$UH4ly7xIeELpDyDgbErWcu/nar3N5gMc81jsg3h8TiCwq5yj6.Rsu', NULL, NULL, NULL, 0, 0, 0, 0, 1, 0, 0, NULL, NULL, NULL, NULL, NULL, NULL, NULL, NULL, NULL, NULL, NULL, NULL, bNULL, 'all', 'pending', 1, 0, NULL, NULL, 'UTC', 0, 0, NULL, NULL, 0, 0, 0, NULL, NULL, 0, NULL, 1733944421, NULL, NULL),
(1081, 'xiogsclnqV', 'organization', 3, NULL, NULL, '2639831284403', 'hunteraezelverdoh2005@gmail.com', NULL, '$2y$10$7UuPUEJ6/pW5AJlzO5lDHuMESANRNo7P1P9cPfbvTVpIGev/SKYoq', NULL, NULL, NULL, 0, 0, 0, 0, 1, 0, 0, NULL, NULL, NULL, NULL, NULL, NULL, NULL, NULL, NULL, NULL, NULL, NULL, bNULL, 'all', 'pending', 1, 0, NULL, NULL, 'UTC', 0, 0, NULL, NULL, 0, 0, 0, NULL, NULL, 0, NULL, 1734045301, NULL, NULL),
(1082, 'JjAcylXFfHR', 'organization', 3, NULL, NULL, '2637085435996', 'd6hevvaeir9s9sdyj@yahoo.com', NULL, '$2y$10$fwSQgaX1LAYAXgm1WgAhA.4W7wKlXZP9zX1HeeDV/PHVWJyzMNB5G', NULL, NULL, NULL, 0, 0, 0, 0, 1, 0, 0, NULL, NULL, NULL, NULL, NULL, NULL, NULL, NULL, NULL, NULL, NULL, NULL, bNULL, 'all', 'pending', 1, 0, NULL, NULL, 'UTC', 0, 0, NULL, NULL, 0, 0, 0, NULL, NULL, 0, NULL, 1734137348, NULL, NULL),
(1083, 'McBJvWoszswE', 'organization', 3, NULL, NULL, '2634798077982', 'fcgjcnarvlhcs@yahoo.com', NULL, '$2y$10$xTNyTbL6y/P9Rp73ASPsT.JnfAKk7Lekm0OGsTBPQriIDbps92.7u', NULL, NULL, NULL, 0, 0, 0, 0, 1, 0, 0, NULL, NULL, NULL, NULL, NULL, NULL, NULL, NULL, NULL, NULL, NULL, NULL, bNULL, 'all', 'pending', 1, 0, NULL, NULL, 'UTC', 0, 0, NULL, NULL, 0, 0, 0, NULL, NULL, 0, NULL, 1734209575, NULL, NULL),
(1084, 'BKkwrbveQ', 'organization', 3, NULL, NULL, '2636378619039', 'ihncnppaofxpxwt@yahoo.com', NULL, '$2y$10$eWSUyKUU8IUya/oswEGp6ectGbKAR3eJOR7CqwbbVNmRScv.eWWMu', NULL, NULL, NULL, 0, 0, 0, 0, 1, 0, 0, NULL, NULL, NULL, NULL, NULL, NULL, NULL, NULL, NULL, NULL, NULL, NULL, bNULL, 'all', 'pending', 1, 0, NULL, NULL, 'UTC', 0, 0, NULL, NULL, 0, 0, 0, NULL, NULL, 0, NULL, 1734280069, NULL, NULL),
(1085, 'mWvtInAVUxx', 'organization', 3, NULL, NULL, '2637730265980', 'g8xnmqawrrukkkyx@yahoo.com', NULL, '$2y$10$U/9ZbObcCW1vpL21oVeHYeMtjSyWmU.UOSznKaXO0MsmuVuyPRJr2', NULL, NULL, NULL, 0, 0, 0, 0, 1, 0, 0, NULL, NULL, NULL, NULL, NULL, NULL, NULL, NULL, NULL, NULL, NULL, NULL, bNULL, 'all', 'pending', 1, 0, NULL, NULL, 'UTC', 0, 0, NULL, NULL, 0, 0, 0, NULL, NULL, 0, NULL, 1734369322, NULL, NULL),
(1086, 'rZnkgmHIR', 'organization', 3, NULL, NULL, '2637332448309', 'uyowofoligov32@gmail.com', NULL, '$2y$10$8UbVUInxy.bKFMEyhJzLpOuEWWidcKa1zexYpBuggHr0A7B8DgnG6', NULL, NULL, NULL, 0, 0, 0, 0, 1, 0, 0, NULL, NULL, NULL, NULL, NULL, NULL, NULL, NULL, NULL, NULL, NULL, NULL, bNULL, 'all', 'pending', 1, 0, NULL, NULL, 'UTC', 0, 0, NULL, NULL, 0, 0, 0, NULL, NULL, 0, NULL, 1734577175, NULL, NULL),
(1087, 'RhPxzpkwJiJxl', 'organization', 3, NULL, NULL, '2638345111297', 'davaxawaw14@gmail.com', NULL, '$2y$10$4NbQ1cKgtBJ7T2DwLdyRJuaRqfsegAV5r6REKYiHMVV1iYsW7Pat.', NULL, NULL, NULL, 0, 0, 0, 0, 1, 0, 0, NULL, NULL, NULL, NULL, NULL, NULL, NULL, NULL, NULL, NULL, NULL, NULL, bNULL, 'all', 'pending', 1, 0, NULL, NULL, 'UTC', 0, 0, NULL, NULL, 0, 0, 0, NULL, NULL, 0, NULL, 1734744992, NULL, NULL),
(1088, 'uGajxXZTxicgKH', 'organization', 3, NULL, NULL, '2636393208026', 'almansbergerdan@yahoo.com', NULL, '$2y$10$fwS50BTy/HuznWBwrOgZnuqVgsXqTYOXDnPCt1vTA3BA2.dxcF8dC', NULL, NULL, NULL, 0, 0, 0, 0, 1, 0, 0, NULL, NULL, NULL, NULL, NULL, NULL, NULL, NULL, NULL, NULL, NULL, NULL, bNULL, 'all', 'pending', 1, 0, NULL, NULL, 'UTC', 0, 0, NULL, NULL, 0, 0, 0, NULL, NULL, 0, NULL, 1734879312, NULL, NULL),
(1089, 'eAqhZnbBRcogK', 'organization', 3, NULL, NULL, '2633446672003', 'epd1qwvabny9et1i7@yahoo.com', NULL, '$2y$10$W01x1B8Kf97NM/anwEba1O/Jw1Hr7TNPo2/cmq3QR1WTEQCoGDlom', NULL, NULL, NULL, 0, 0, 0, 0, 1, 0, 0, NULL, NULL, NULL, NULL, NULL, NULL, NULL, NULL, NULL, NULL, NULL, NULL, bNULL, 'all', 'pending', 1, 0, NULL, NULL, 'UTC', 0, 0, NULL, NULL, 0, 0, 0, NULL, NULL, 0, NULL, 1735116467, NULL, NULL),
(1090, 'kdUcQVnmkD', 'organization', 3, NULL, NULL, '2633657712606', 'tinakoud@yahoo.com', NULL, '$2y$10$auFtyGqPJjP.Y22.6etiUeauzGKyQvmuFrhVR1pAJMk6Ey8lr9Uki', NULL, NULL, NULL, 0, 0, 0, 0, 1, 0, 0, NULL, NULL, NULL, NULL, NULL, NULL, NULL, NULL, NULL, NULL, NULL, NULL, bNULL, 'all', 'pending', 1, 0, NULL, NULL, 'UTC', 0, 0, NULL, NULL, 0, 0, 0, NULL, NULL, 0, NULL, 1735271512, NULL, NULL),
(1091, 'MxkKUnePDX', 'organization', 3, NULL, NULL, '2639220565569', 'sqgladllqwepn@yahoo.com', NULL, '$2y$10$050WBdH.0FtF.bgDssDQmO8Dg87aiwYdBUAtm8qk/WEbZte1L1yYC', NULL, NULL, NULL, 0, 0, 0, 0, 1, 0, 0, NULL, NULL, NULL, NULL, NULL, NULL, NULL, NULL, NULL, NULL, NULL, NULL, bNULL, 'all', 'pending', 1, 0, NULL, NULL, 'UTC', 0, 0, NULL, NULL, 0, 0, 0, NULL, NULL, 0, NULL, 1735354922, NULL, NULL),
(1092, 'fuxQphdleTLa', 'organization', 3, NULL, NULL, '2636308992420', 'qaxokokajo636@gmail.com', NULL, '$2y$10$4vK4vAXN3N0m.8PiEAB4j.1K8ZoxaKHbY5lMNnSlDEv5rdGwjZptW', NULL, NULL, NULL, 0, 0, 0, 0, 1, 0, 0, NULL, NULL, NULL, NULL, NULL, NULL, NULL, NULL, NULL, NULL, NULL, NULL, bNULL, 'all', 'pending', 1, 0, NULL, NULL, 'UTC', 0, 0, NULL, NULL, 0, 0, 0, NULL, NULL, 0, NULL, 1735511761, NULL, NULL),
(1093, 'AUqgRUFFGqBWm', 'organization', 3, NULL, NULL, '2633417346377', 'tafisexiku160@gmail.com', NULL, '$2y$10$pRrjD0ujTvbntC69WB59c.PRkCryZ8MDa8ZnguMWx2nV4GuW6.gKm', NULL, NULL, NULL, 0, 0, 0, 0, 1, 0, 0, NULL, NULL, NULL, NULL, NULL, NULL, NULL, NULL, NULL, NULL, NULL, NULL, bNULL, 'all', 'pending', 1, 0, NULL, NULL, 'UTC', 0, 0, NULL, NULL, 0, 0, 0, NULL, NULL, 0, NULL, 1735589264, NULL, NULL),
(1094, 'zzmFVtaPwrMrZ', 'organization', 3, NULL, NULL, '2636716097253', 'perepelkincalvet@yahoo.com', NULL, '$2y$10$vVGMHQuRNMCtAgGI4TSVwOQCv31JxITPmL2YHTha5ajfZOAXV6aaC', NULL, NULL, NULL, 0, 0, 0, 0, 1, 0, 0, NULL, NULL, NULL, NULL, NULL, NULL, NULL, NULL, NULL, NULL, NULL, NULL, bNULL, 'all', 'pending', 1, 0, NULL, NULL, 'UTC', 0, 0, NULL, NULL, 0, 0, 0, NULL, NULL, 0, NULL, 1735851818, NULL, NULL),
(1095, 'LehLHZrWTxKrj', 'organization', 3, NULL, NULL, '2637199010795', 'xoyigigimo440@gmail.com', NULL, '$2y$10$66/zU6Rn.sFOy.opujXQc.7fd30vgs/HKLOQIXgQxIiX9HGlVbFra', NULL, NULL, NULL, 0, 0, 0, 0, 1, 0, 0, NULL, NULL, NULL, NULL, NULL, NULL, NULL, NULL, NULL, NULL, NULL, NULL, bNULL, 'all', 'pending', 1, 0, NULL, NULL, 'UTC', 0, 0, NULL, NULL, 0, 0, 0, NULL, NULL, 0, NULL, 1736013757, NULL, NULL),
(1096, 'UHTXTRlBwhtkxE', 'organization', 3, NULL, NULL, '2637092117457', 'pachemaiztegui@yahoo.com', NULL, '$2y$10$wKDAtlu9OAxFkR9W4pVUS.tZAYuf8x/qyrEfbDpiA.K9PpwZh2sZe', NULL, NULL, NULL, 0, 0, 0, 0, 1, 0, 0, NULL, NULL, NULL, NULL, NULL, NULL, NULL, NULL, NULL, NULL, NULL, NULL, bNULL, 'all', 'pending', 1, 0, NULL, NULL, 'UTC', 0, 0, NULL, NULL, 0, 0, 0, NULL, NULL, 0, NULL, 1736218427, NULL, NULL),
(1097, 'yDRbTZcQyWr', 'organization', 3, NULL, NULL, '2636125305221', 'ojugomulan160@gmail.com', NULL, '$2y$10$TxhKNBZyy5trRjZY2NAP1urJpH0olu64p9HMQ9fT3iqRT2Y0drQj2', NULL, NULL, NULL, 0, 0, 0, 0, 1, 0, 0, NULL, NULL, NULL, NULL, NULL, NULL, NULL, NULL, NULL, NULL, NULL, NULL, bNULL, 'all', 'pending', 1, 0, NULL, NULL, 'UTC', 0, 0, NULL, NULL, 0, 0, 0, NULL, NULL, 0, NULL, 1736572713, NULL, NULL),
(1098, 'rmiaJqJVCHfqBv', 'organization', 3, NULL, NULL, '2635836247602', 'vxnkmaoyelgjnmxo@yahoo.com', NULL, '$2y$10$9LagEAAAXzJMaGXBIGB7Yu05TYqw5SJ3NK17CGAzAMe4y3iYhe26.', NULL, NULL, NULL, 0, 0, 0, 0, 1, 0, 0, NULL, NULL, NULL, NULL, NULL, NULL, NULL, NULL, NULL, NULL, NULL, NULL, bNULL, 'all', 'pending', 1, 0, NULL, NULL, 'UTC', 0, 0, NULL, NULL, 0, 0, 0, NULL, NULL, 0, NULL, 1736753526, NULL, NULL),
(1099, 'uEGBhDHifmY', 'organization', 3, NULL, NULL, '2632551144841', 'vvncudqrakdvs@yahoo.com', NULL, '$2y$10$avrnjmnGmpCP032BpVsPb.M2zRgtmcUbxSVMmakplymKBDZLT4x4u', NULL, NULL, NULL, 0, 0, 0, 0, 1, 0, 0, NULL, NULL, NULL, NULL, NULL, NULL, NULL, NULL, NULL, NULL, NULL, NULL, bNULL, 'all', 'pending', 1, 0, NULL, NULL, 'UTC', 0, 0, NULL, NULL, 0, 0, 0, NULL, NULL, 0, NULL, 1736884196, NULL, NULL),
(1100, 'aDolEIxPIL', 'organization', 3, NULL, NULL, '2637394671695', 'kdmobmpyyidedkfr@yahoo.com', NULL, '$2y$10$RsBDA2jAt1IsqudGubNNP.cZ0wq2ObCIbtLzWW8N32mGSvIV.5JRy', NULL, NULL, NULL, 0, 0, 0, 0, 1, 0, 0, NULL, NULL, NULL, NULL, NULL, NULL, NULL, NULL, NULL, NULL, NULL, NULL, bNULL, 'all', 'pending', 1, 0, NULL, NULL, 'UTC', 0, 0, NULL, NULL, 0, 0, 0, NULL, NULL, 0, NULL, 1737122045, NULL, NULL),
(1101, 'DEYiaopakMYqsug', 'organization', 3, NULL, NULL, '2637545906638', 'glossersoroogh@yahoo.com', NULL, '$2y$10$4gf0sPgLG4r193FipPZuHOCjMA60NryosGwCbOvTc7wu8re4NHJOa', NULL, NULL, NULL, 0, 0, 0, 0, 1, 0, 0, NULL, NULL, NULL, NULL, NULL, NULL, NULL, NULL, NULL, NULL, NULL, NULL, bNULL, 'all', 'pending', 1, 0, NULL, NULL, 'UTC', 0, 0, NULL, NULL, 0, 0, 0, NULL, NULL, 0, NULL, 1737221443, NULL, NULL),
(1102, 'nDZHmKwQi', 'organization', 3, NULL, NULL, '2638905811504', 'Rennie5Mclaughlin0041@gmail.com', NULL, '$2y$10$yERWmHU85UzjNrDvxgquAu8X5F/puAzjgdQXJqTmQgdr0qR9j5QgS', NULL, NULL, NULL, 0, 0, 0, 0, 1, 0, 0, NULL, NULL, NULL, NULL, NULL, NULL, NULL, NULL, NULL, NULL, NULL, NULL, bNULL, 'all', 'pending', 1, 0, NULL, NULL, 'UTC', 0, 0, NULL, NULL, 0, 0, 0, NULL, NULL, 0, NULL, 1737626756, NULL, NULL),
(1103, 'jsHRxxacsyKMIJA', 'organization', 3, NULL, NULL, '2639303231940', 'Juan0Baldwin6630@gmail.com', NULL, '$2y$10$kevvduSrGRq8ulzdoLzyL.C8JtTdaaHWGL82X.KdKi/B.uJHEw0wO', NULL, NULL, NULL, 0, 0, 0, 0, 1, 0, 0, NULL, NULL, NULL, NULL, NULL, NULL, NULL, NULL, NULL, NULL, NULL, NULL, bNULL, 'all', 'pending', 1, 0, NULL, NULL, 'UTC', 0, 0, NULL, NULL, 0, 0, 0, NULL, NULL, 0, NULL, 1737767107, NULL, NULL),
(1104, 'ObWEXWsdU', 'organization', 3, NULL, NULL, '2635618805770', 'Jeannie6Brock6383@gmail.com', NULL, '$2y$10$3VCduM6tJjhahc1HhPDT2uDF2cU4gSMA6UzhCu7qb8zHgf8CVPYyu', NULL, NULL, NULL, 0, 0, 0, 0, 1, 0, 0, NULL, NULL, NULL, NULL, NULL, NULL, NULL, NULL, NULL, NULL, NULL, NULL, bNULL, 'all', 'pending', 1, 0, NULL, NULL, 'UTC', 0, 0, NULL, NULL, 0, 0, 0, NULL, NULL, 0, NULL, 1737916045, NULL, NULL),
(1105, 'MIlOLkpactkbyQH', 'organization', 3, NULL, NULL, '2638208078897', 'Chad7Martin3747@gmail.com', NULL, '$2y$10$CRGRNJVCKFymNcB8lsTjTOHvzufAF2vnEGc5mOU/XmCoQVxS64E16', NULL, NULL, NULL, 0, 0, 0, 0, 1, 0, 0, NULL, NULL, NULL, NULL, NULL, NULL, NULL, NULL, NULL, NULL, NULL, NULL, bNULL, 'all', 'pending', 1, 0, NULL, NULL, 'UTC', 0, 0, NULL, NULL, 0, 0, 0, NULL, NULL, 0, NULL, 1738255318, NULL, NULL),
(1106, 'iAreeXpDFqgBmAi', 'organization', 3, NULL, NULL, '2633003448091', 'krsbiefelt@yahoo.com', NULL, '$2y$10$EStQpudf636kyjcxzlumKOMhdfAKMz/pddn2mi4nWqRf4fx0ID0tW', NULL, NULL, NULL, 0, 0, 0, 0, 1, 0, 0, NULL, NULL, NULL, NULL, NULL, NULL, NULL, NULL, NULL, NULL, NULL, NULL, bNULL, 'all', 'pending', 1, 0, NULL, NULL, 'UTC', 0, 0, NULL, NULL, 0, 0, 0, NULL, NULL, 0, NULL, 1738538117, NULL, NULL),
(1107, 'gzalMxqYr', 'organization', 3, NULL, NULL, '2634858411058', 'lunariesylvan61@gmail.com', NULL, '$2y$10$281U.GJTKTDMv2/8.Yh.Wu4Q4tMTZqZYi5BP49sJDxWoYXLm7xeAC', NULL, NULL, NULL, 0, 0, 0, 0, 1, 0, 0, NULL, NULL, NULL, NULL, NULL, NULL, NULL, NULL, NULL, NULL, NULL, NULL, bNULL, 'all', 'pending', 1, 0, NULL, NULL, 'UTC', 0, 0, NULL, NULL, 0, 0, 0, NULL, NULL, 0, NULL, 1738719725, NULL, NULL),
(1108, 'ZtGPxjhWMPUFt', 'organization', 3, NULL, NULL, '2633322007565', 'borealaizeal64oi@gmail.com', NULL, '$2y$10$ijOfD7BLwEfDeXoGoe.LruF9qKbGc7NNUmIUlIXrn7.pA7dgSUwgm', NULL, NULL, NULL, 0, 0, 0, 0, 1, 0, 0, NULL, NULL, NULL, NULL, NULL, NULL, NULL, NULL, NULL, NULL, NULL, NULL, bNULL, 'all', 'pending', 1, 0, NULL, NULL, 'UTC', 0, 0, NULL, NULL, 0, 0, 0, NULL, NULL, 0, NULL, 1738890186, NULL, NULL),
(1109, 'aDsbpZIKxJ', 'organization', 3, NULL, NULL, '2635907774864', 'rtbshfcfc@yahoo.com', NULL, '$2y$10$LfjMfG.YDb/aeVBMgthZcO85Pxq4m5/jrzbkw.UhhaZYDF.8zmvVe', NULL, NULL, NULL, 0, 0, 0, 0, 1, 0, 0, NULL, NULL, NULL, NULL, NULL, NULL, NULL, NULL, NULL, NULL, NULL, NULL, bNULL, 'all', 'pending', 1, 0, NULL, NULL, 'UTC', 0, 0, NULL, NULL, 0, 0, 0, NULL, NULL, 0, NULL, 1739006873, NULL, NULL),
(1110, 'dqdqdq', 'user', 1, NULL, NULL, NULL, 'giordano.davince321@gmail.com', NULL, '$2y$10$5njhngJ16OSm48g84.hTAue1RtRjHfx9QZwcBoih9n9CdtiswFo2C', NULL, NULL, NULL, 0, 0, 0, 0, 1, 0, 0, NULL, NULL, '{"color":"000000","background":"ffc107"}', NULL, NULL, NULL, NULL, NULL, NULL, NULL, NULL, NULL, bNULL, 'all', 'pending', 1, 0, NULL, NULL, 'Africa/Cairo', 0, 0, NULL, NULL, 0, 0, 0, NULL, NULL, 0, NULL, 1739280000, NULL, NULL),
(1111, 'cWfzeODiwdcu', 'organization', 3, NULL, NULL, '2634577443779', 'marlonsmallaa45@gmail.com', NULL, '$2y$10$8s7FNaUaoDdayP/oOPn11.g2mCguT1zFeoLXQo1wNWT.kQMk2f0gq', NULL, NULL, NULL, 0, 0, 0, 0, 1, 0, 0, NULL, NULL, NULL, NULL, NULL, NULL, NULL, NULL, NULL, NULL, NULL, NULL, bNULL, 'all', 'pending', 1, 0, NULL, NULL, 'UTC', 0, 0, NULL, NULL, 0, 0, 0, NULL, NULL, 0, NULL, 1739753554, NULL, NULL),
(1112, 'HcVbPcrVs', 'organization', 3, NULL, NULL, '2638304016469', 'sdunnu25@gmail.com', NULL, '$2y$10$NjsoIIVPK.YRfKsGvD1LUujdE8pUgFcBXhHyHPkoWd6ccOpciLlgq', NULL, NULL, NULL, 0, 0, 0, 0, 1, 0, 0, NULL, NULL, NULL, NULL, NULL, NULL, NULL, NULL, NULL, NULL, NULL, NULL, bNULL, 'all', 'pending', 1, 0, NULL, NULL, 'UTC', 0, 0, NULL, NULL, 0, 0, 0, NULL, NULL, 0, NULL, 1739848292, NULL, NULL),
(1113, 'DoDItDKZfyOkv', 'organization', 3, NULL, NULL, '2638740988718', 'litaespiny4@gmail.com', NULL, '$2y$10$XuvQnIsxl4v7fJztxOiPaeXA0wu8bbFFahmQ.Anfms/cd98JqMq8u', NULL, NULL, NULL, 0, 0, 0, 0, 1, 0, 0, NULL, NULL, NULL, NULL, NULL, NULL, NULL, NULL, NULL, NULL, NULL, NULL, bNULL, 'all', 'pending', 1, 0, NULL, NULL, 'UTC', 0, 0, NULL, NULL, 0, 0, 0, NULL, NULL, 0, NULL, 1739957349, NULL, NULL),
(1114, 'xBBMtCTbRKMF', 'organization', 3, NULL, NULL, '2638822156309', 'stellarey49iris19@gmail.com', NULL, '$2y$10$foKwxgM26sNnzMO3UQHUC.CQcjWTblFvlxYbb3yYR4Ec9ZSAspNMW', NULL, NULL, NULL, 0, 0, 0, 0, 1, 0, 0, NULL, NULL, NULL, NULL, NULL, NULL, NULL, NULL, NULL, NULL, NULL, NULL, bNULL, 'all', 'pending', 1, 0, NULL, NULL, 'UTC', 0, 0, NULL, NULL, 0, 0, 0, NULL, NULL, 0, NULL, 1740049036, NULL, NULL),
(1115, 'PAElBiqKXtY', 'organization', 3, NULL, NULL, '2636047469113', 'omalugopoj805@gmail.com', NULL, '$2y$10$.KlbMQ3mX.7wqtGws2EaKuc3hoL6S5cHynnfBv2aS1givBZnaBN/G', NULL, NULL, NULL, 0, 0, 0, 0, 1, 0, 0, NULL, NULL, NULL, NULL, NULL, NULL, NULL, NULL, NULL, NULL, NULL, NULL, bNULL, 'all', 'pending', 1, 0, NULL, NULL, 'UTC', 0, 0, NULL, NULL, 0, 0, 0, NULL, NULL, 0, NULL, 1740131181, NULL, NULL),
(1116, 'PRznhdBXh', 'organization', 3, NULL, NULL, '2639987319291', 'mendezcruzcuster@yahoo.com', NULL, '$2y$10$cRkF5nAyheZ9UzFHQBrxzeTiSolHu.ewc5UrqeacbRYSymuaJsGPW', NULL, NULL, NULL, 0, 0, 0, 0, 1, 0, 0, NULL, NULL, NULL, NULL, NULL, NULL, NULL, NULL, NULL, NULL, NULL, NULL, bNULL, 'all', 'pending', 1, 0, NULL, NULL, 'UTC', 0, 0, NULL, NULL, 0, 0, 0, NULL, NULL, 0, NULL, 1740197567, NULL, NULL),
(1117, 'Valeron83Noisa', 'user', 1, NULL, NULL, '50987349476498', 'romabookim@gmail.com', NULL, '$2y$10$woi.8vLIxpG7hC1cz05jx.D2JBbc3mGwP94Sjlo8QfMrqWV7BZuL.', NULL, NULL, 'ceZDRYrTvLaitL68xqlCXLytQoCIyHnb0spamtiWKFgEADsbGQmcnHVtP7Ig', 0, 0, 0, 0, 1, 0, 0, NULL, NULL, '{"color":"000000","background":"c8e6c9"}', NULL, NULL, NULL, NULL, NULL, NULL, NULL, NULL, NULL, bNULL, 'all', 'pending', 1, 0, NULL, NULL, 'Europe/Prague', 0, 0, NULL, NULL, 0, 0, 0, NULL, NULL, 0, NULL, 1740321170, NULL, NULL),
(1118, 'KmEIKmGalX', 'organization', 3, NULL, NULL, '2639224998391', 'tdxxbeebnjtxipt@yahoo.com', NULL, '$2y$10$HRTJUK9ns7oLZjPaIXwDZO6WfxSSHaRTJKelSgqGT/J7BBkBtqU4O', NULL, NULL, NULL, 0, 0, 0, 0, 1, 0, 0, NULL, NULL, NULL, NULL, NULL, NULL, NULL, NULL, NULL, NULL, NULL, NULL, bNULL, 'all', 'pending', 1, 0, NULL, NULL, 'UTC', 0, 0, NULL, NULL, 0, 0, 0, NULL, NULL, 0, NULL, 1740352852, NULL, NULL),
(1119, 'aYaTQCSJTAPc', 'organization', 3, NULL, NULL, '2635506797617', 'wgvetqwbesdcyn@yahoo.com', NULL, '$2y$10$o1ojdxzBUI7zy.A1CuIVXeG5AlZH5U3j7bcRwg5lIe3HCUBkoS4fm', NULL, NULL, NULL, 0, 0, 0, 0, 1, 0, 0, NULL, NULL, NULL, NULL, NULL, NULL, NULL, NULL, NULL, NULL, NULL, NULL, bNULL, 'all', 'pending', 1, 0, NULL, NULL, 'UTC', 0, 0, NULL, NULL, 0, 0, 0, NULL, NULL, 0, NULL, 1740423476, NULL, NULL),
(1120, 'ULschhErKCYW', 'organization', 3, NULL, NULL, '2632561993246', 'ltadeviegr@yahoo.com', NULL, '$2y$10$kT.J6EA8yaJ6kpxqF62nNOL/ZKYyQwIBgUftdwXZcrvQ3qVbd.UcS', NULL, NULL, NULL, 0, 0, 0, 0, 1, 0, 0, NULL, NULL, NULL, NULL, NULL, NULL, NULL, NULL, NULL, NULL, NULL, NULL, bNULL, 'all', 'pending', 1, 0, NULL, NULL, 'UTC', 0, 0, NULL, NULL, 0, 0, 0, NULL, NULL, 0, NULL, 1740584225, NULL, NULL),
(1121, 'fWdjCZSm', 'organization', 3, NULL, NULL, '2632230396650', 'pgeilmb6@gmail.com', NULL, '$2y$10$JUlm0pS0z0Y/wAfr0i1r2.XlhSzn5hMOR7ZaR55CZAtE/P77/CpG6', NULL, NULL, NULL, 0, 0, 0, 0, 1, 0, 0, NULL, NULL, NULL, NULL, NULL, NULL, NULL, NULL, NULL, NULL, NULL, NULL, bNULL, 'all', 'pending', 1, 0, NULL, NULL, 'UTC', 0, 0, NULL, NULL, 0, 0, 0, NULL, NULL, 0, NULL, 1740666264, NULL, NULL),
(1122, 'ZPLbOZNeG', 'organization', 3, NULL, NULL, '2635162742774', 'valdezdidin@gmail.com', NULL, '$2y$10$T9yz1.LyFYYPHMytMNgCN.Up7AaE.1q1qyvoj.3mUprhQV5g9ipRC', NULL, NULL, NULL, 0, 0, 0, 0, 1, 0, 0, NULL, NULL, NULL, NULL, NULL, NULL, NULL, NULL, NULL, NULL, NULL, NULL, bNULL, 'all', 'pending', 1, 0, NULL, NULL, 'UTC', 0, 0, NULL, NULL, 0, 0, 0, NULL, NULL, 0, NULL, 1740749747, NULL, NULL),
(1123, 'zDQmtzPzZ', 'organization', 3, NULL, NULL, '2632694651879', 'djeinssassa@gmail.com', NULL, '$2y$10$dLF4uA6I2poI2GLTmdgyM.EtPOpnDCf77Xitnmob69TPSWIR3aW1O', NULL, NULL, NULL, 0, 0, 0, 0, 1, 0, 0, NULL, NULL, NULL, NULL, NULL, NULL, NULL, NULL, NULL, NULL, NULL, NULL, bNULL, 'all', 'pending', 1, 0, NULL, NULL, 'UTC', 0, 0, NULL, NULL, 0, 0, 0, NULL, NULL, 0, NULL, 1740936877, NULL, NULL),
(1124, 'CZlDFQpjn', 'organization', 3, NULL, NULL, '2637789503234', 'abarrontl@gmail.com', NULL, '$2y$10$EoO5qc0WE40NQoX2RgGOcuFryHxCXztGwYgr9Jyn47rvDwmhuxRym', NULL, NULL, NULL, 0, 0, 0, 0, 1, 0, 0, NULL, NULL, NULL, NULL, NULL, NULL, NULL, NULL, NULL, NULL, NULL, NULL, bNULL, 'all', 'pending', 1, 0, NULL, NULL, 'UTC', 0, 0, NULL, NULL, 0, 0, 0, NULL, NULL, 0, NULL, 1741087859, NULL, NULL),
(1125, 'oqfScWMqor', 'organization', 3, NULL, NULL, '2632700874986', 'vidconned42@gmail.com', NULL, '$2y$10$2k7Gb4HNK1hLx7tnGdVgJefP06JHkwTBFJoYDYo3lh1AAqoAH.5mi', NULL, NULL, NULL, 0, 0, 0, 0, 1, 0, 0, NULL, NULL, NULL, NULL, NULL, NULL, NULL, NULL, NULL, NULL, NULL, NULL, bNULL, 'all', 'pending', 1, 0, NULL, NULL, 'UTC', 0, 0, NULL, NULL, 0, 0, 0, NULL, NULL, 0, NULL, 1741176270, NULL, NULL),
(1126, 'ncgCTYRRObzGmyk', 'organization', 3, NULL, NULL, '2638748030409', 'vajaaqaqkeicykmh@yahoo.com', NULL, '$2y$10$DM7qHiG7uMAvm.Gweryxi.Clzb480stv7sM7zudyzw5JB4Q2Zs.3G', NULL, NULL, NULL, 0, 0, 0, 0, 1, 0, 0, NULL, NULL, NULL, NULL, NULL, NULL, NULL, NULL, NULL, NULL, NULL, NULL, bNULL, 'all', 'pending', 1, 0, NULL, NULL, 'UTC', 0, 0, NULL, NULL, 0, 0, 0, NULL, NULL, 0, NULL, 1741297540, NULL, NULL),
(1127, 'iWXrWPracWFeMo', 'organization', 3, NULL, NULL, '2635774671811', 'asparksr47@gmail.com', NULL, '$2y$10$yAhqW8Ev2fpeI06Y5N5j.eFADNNkYC9gVlywcY3Fj3jG/M/bJ1jbi', NULL, NULL, NULL, 0, 0, 0, 0, 1, 0, 0, NULL, NULL, NULL, NULL, NULL, NULL, NULL, NULL, NULL, NULL, NULL, NULL, bNULL, 'all', 'pending', 1, 0, NULL, NULL, 'UTC', 0, 0, NULL, NULL, 0, 0, 0, NULL, NULL, 0, NULL, 1741399100, NULL, NULL),
(1128, 'gPYXlHacdoSu', 'organization', 3, NULL, NULL, '2633481910768', 'jacksonmontaguhe@gmail.com', NULL, '$2y$10$c50YFJDdiINKJGFBSbgA3.2S5jEHQinwNPG3KIHfCCO4y/gq7rS1y', NULL, NULL, NULL, 0, 0, 0, 0, 1, 0, 0, NULL, NULL, NULL, NULL, NULL, NULL, NULL, NULL, NULL, NULL, NULL, NULL, bNULL, 'all', 'pending', 1, 0, NULL, NULL, 'UTC', 0, 0, NULL, NULL, 0, 0, 0, NULL, NULL, 0, NULL, 1741463197, NULL, NULL),
(1129, 'pXRdsADPx', 'organization', 3, NULL, NULL, '2638519104459', 'alisandrd25@gmail.com', NULL, '$2y$10$sGSs9vdBXRGjDnkdPr54Ger1RJz1Wo2iPqkm11SHQ49YLEdltfFyK', NULL, NULL, NULL, 0, 0, 0, 0, 1, 0, 0, NULL, NULL, NULL, NULL, NULL, NULL, NULL, NULL, NULL, NULL, NULL, NULL, bNULL, 'all', 'pending', 1, 0, NULL, NULL, 'UTC', 0, 0, NULL, NULL, 0, 0, 0, NULL, NULL, 0, NULL, 1741713768, NULL, NULL),
(1130, 'LcdTIzjpIAwMJx', 'organization', 3, NULL, NULL, '2632534150985', 'karamianfredrikson@yahoo.com', NULL, '$2y$10$70UdKnIhvRQSRRX3WSHqU.LvV2mbIMxqJk/035fPefq6IomBr1Hj6', NULL, NULL, NULL, 0, 0, 0, 0, 1, 0, 0, NULL, NULL, NULL, NULL, NULL, NULL, NULL, NULL, NULL, NULL, NULL, NULL, bNULL, 'all', 'pending', 1, 0, NULL, NULL, 'UTC', 0, 0, NULL, NULL, 0, 0, 0, NULL, NULL, 0, NULL, 1741859981, NULL, NULL),
(1131, 'ByIdeddy', 'user', 1, NULL, NULL, '182185776418', 'brosjonson@mail.ru', NULL, '$2y$10$tAlQS2Abk5hvFVoaJOhOUudrI7WTxLjqVEmdPGWCwa97LBHI60Obu', NULL, NULL, '1KPOzNVhR705yPSdBwQpDanhSTXCcNn47MLm3RuIMjfheaRBjJpGBgDsQmoE', 0, 0, 0, 0, 1, 0, 0, NULL, NULL, '{"color":"000000","background":"fff9c4"}', NULL, NULL, NULL, NULL, NULL, NULL, NULL, NULL, NULL, bNULL, 'all', 'pending', 1, 0, NULL, NULL, 'Africa/Mogadishu', 0, 0, NULL, NULL, 0, 0, 0, NULL, NULL, 0, NULL, 1741920201, NULL, NULL),
(1132, 'ciAwOOXPe', 'organization', 3, NULL, NULL, '2633425874401', 'mmasseyq19@gmail.com', NULL, '$2y$10$HElh3lGfBXtV2ycPtAfuEOqSiWwQABP7Y2xVnfbaPz1F.PmwLPrbi', NULL, NULL, NULL, 0, 0, 0, 0, 1, 0, 0, NULL, NULL, NULL, NULL, NULL, NULL, NULL, NULL, NULL, NULL, NULL, NULL, bNULL, 'all', 'pending', 1, 0, NULL, NULL, 'UTC', 0, 0, NULL, NULL, 0, 0, 0, NULL, NULL, 0, NULL, 1741947961, NULL, NULL),
(1133, 'iUQyXtLyBQCpR', 'organization', 3, NULL, NULL, '2637261056239', 'richardshanacc4@gmail.com', NULL, '$2y$10$/o9oSRioSceK/Cm6pk3chO9.qRW/KASpBE/eXdGCJVL6G34mYh45W', NULL, NULL, NULL, 0, 0, 0, 0, 1, 0, 0, NULL, NULL, NULL, NULL, NULL, NULL, NULL, NULL, NULL, NULL, NULL, NULL, bNULL, 'all', 'pending', 1, 0, NULL, NULL, 'UTC', 0, 0, NULL, NULL, 0, 0, 0, NULL, NULL, 0, NULL, 1742022851, NULL, NULL),
(1134, 'xLBTWDojGnxLpP', 'organization', 3, NULL, NULL, '2632258060889', 'myers.andrea472259@yahoo.com', NULL, '$2y$10$ys8FLAjSAYxvjZk8DhFALevc09/V9RQZWSBCU8QRzIdlf/2EXoZt6', NULL, NULL, NULL, 0, 0, 0, 0, 1, 0, 0, NULL, NULL, NULL, NULL, NULL, NULL, NULL, NULL, NULL, NULL, NULL, NULL, bNULL, 'all', 'pending', 1, 0, NULL, NULL, 'UTC', 0, 0, NULL, NULL, 0, 0, 0, NULL, NULL, 0, NULL, 1742096299, NULL, NULL),
(1135, 'QDPzJpXog', 'organization', 3, NULL, NULL, '2637462073394', 'kcalderonzm@gmail.com', NULL, '$2y$10$7yuplrPhUY.v7css4TTKfef2duMc77rTnFqQw7lTubdo8sf2ITHM2', NULL, NULL, NULL, 0, 0, 0, 0, 1, 0, 0, NULL, NULL, NULL, NULL, NULL, NULL, NULL, NULL, NULL, NULL, NULL, NULL, bNULL, 'all', 'pending', 1, 0, NULL, NULL, 'UTC', 0, 0, NULL, NULL, 0, 0, 0, NULL, NULL, 0, NULL, 1742152005, NULL, NULL),
(1136, 'sBluatNww', 'organization', 3, NULL, NULL, '2632333027754', 'cooelisv3@gmail.com', NULL, '$2y$10$qwBIvoVqD10E2v/lWsZk..3Ith89zf7lUp3oUJs6EsUkkooYB9tT2', NULL, NULL, NULL, 0, 0, 0, 0, 1, 0, 0, NULL, NULL, NULL, NULL, NULL, NULL, NULL, NULL, NULL, NULL, NULL, NULL, bNULL, 'all', 'pending', 1, 0, NULL, NULL, 'UTC', 0, 0, NULL, NULL, 0, 0, 0, NULL, NULL, 0, NULL, 1742237135, NULL, NULL),
(1137, 'qtpTppic', 'organization', 3, NULL, NULL, '2637685982286', 'mcharlesww7@gmail.com', NULL, '$2y$10$Adegdz.Ao5MiWfgynuWsxuM.YESwHPGGL73hvwnUfljIujG0GpGBi', NULL, NULL, NULL, 0, 0, 0, 0, 1, 0, 0, NULL, NULL, NULL, NULL, NULL, NULL, NULL, NULL, NULL, NULL, NULL, NULL, bNULL, 'all', 'pending', 1, 0, NULL, NULL, 'UTC', 0, 0, NULL, NULL, 0, 0, 0, NULL, NULL, 0, NULL, 1742566569, NULL, NULL),
(1138, 'aqsYuPQozbTO', 'organization', 3, NULL, NULL, '2636080820442', 'aprilpratt956985@yahoo.com', NULL, '$2y$10$GeVR77tc3xwsEEjcJ1CtcOb0b7Symk.g4WkoACWRmBHirmg/Mszw2', NULL, NULL, NULL, 0, 0, 0, 0, 1, 0, 0, NULL, NULL, NULL, NULL, NULL, NULL, NULL, NULL, NULL, NULL, NULL, NULL, bNULL, 'all', 'pending', 1, 0, NULL, NULL, 'UTC', 0, 0, NULL, NULL, 0, 0, 0, NULL, NULL, 0, NULL, 1742794032, NULL, NULL),
(1139, 'HGYTqXkubW', 'organization', 3, NULL, NULL, '2637183679224', 'taylor.rachel405944@yahoo.com', NULL, '$2y$10$tutDPH64n.M1SkzGUmxb/u6LqRF9QVDsyroKfuwuuSWatQ9xyx0jK', NULL, NULL, NULL, 0, 0, 0, 0, 1, 0, 0, NULL, NULL, NULL, NULL, NULL, NULL, NULL, NULL, NULL, NULL, NULL, NULL, bNULL, 'all', 'pending', 1, 0, NULL, NULL, 'UTC', 0, 0, NULL, NULL, 0, 0, 0, NULL, NULL, 0, NULL, 1743316058, NULL, NULL),
(1140, 'TZPfAXxBoc', 'organization', 3, NULL, NULL, '2632587027018', 'richardskassiyasf40@gmail.com', NULL, '$2y$10$4OQ5XY0fdS07Icl580354e9XlAmp31xatbiURdGPBOrEkyvtkCIZ.', NULL, NULL, NULL, 0, 0, 0, 0, 1, 0, 0, NULL, NULL, NULL, NULL, NULL, NULL, NULL, NULL, NULL, NULL, NULL, NULL, bNULL, 'all', 'pending', 1, 0, NULL, NULL, 'UTC', 0, 0, NULL, NULL, 0, 0, 0, NULL, NULL, 0, NULL, 1743438970, NULL, NULL),
(1141, 'iriYNjLiGT', 'organization', 3, NULL, NULL, '2636900663671', 'dyereloyizap2004@gmail.com', NULL, '$2y$10$6wxklo3pLTfSH/LRZzLjbulyTUyW3pxgrE8uQ8KfBjvn42RIvla6G', NULL, NULL, NULL, 0, 0, 0, 0, 1, 0, 0, NULL, NULL, NULL, NULL, NULL, NULL, NULL, NULL, NULL, NULL, NULL, NULL, bNULL, 'all', 'pending', 1, 0, NULL, NULL, 'UTC', 0, 0, NULL, NULL, 0, 0, 0, NULL, NULL, 0, NULL, 1743480173, NULL, NULL),
(1142, 'qrvNJRsiLtV', 'organization', 3, NULL, NULL, '2632930111695', 'dorapalmerb8@gmail.com', NULL, '$2y$10$9soGyh4kvOsA6sGAQ0e7weQixDgpfE0BfFCqGB./zIIZ61zLbgOBu', NULL, NULL, NULL, 0, 0, 0, 0, 1, 0, 0, NULL, NULL, NULL, NULL, NULL, NULL, NULL, NULL, NULL, NULL, NULL, NULL, bNULL, 'all', 'pending', 1, 0, NULL, NULL, 'UTC', 0, 0, NULL, NULL, 0, 0, 0, NULL, NULL, 0, NULL, 1743649509, NULL, NULL),
(1143, 'zmOzCfdcGvzdfL', 'organization', 3, NULL, NULL, '2633403881599', 'mirandakazandra50@gmail.com', NULL, '$2y$10$7I6hX4ANd8ErGwV0.woBRu8xOQHJvjfgV8Oqr.VVvBzo.J.4L54G.', NULL, NULL, NULL, 0, 0, 0, 0, 1, 0, 0, NULL, NULL, NULL, NULL, NULL, NULL, NULL, NULL, NULL, NULL, NULL, NULL, bNULL, 'all', 'pending', 1, 0, NULL, NULL, 'UTC', 0, 0, NULL, NULL, 0, 0, 0, NULL, NULL, 0, NULL, 1743694162, NULL, NULL),
(1144, 'RuzhoTWqdkhqV', 'organization', 3, NULL, NULL, '2638669202555', 'kellesidnef43@gmail.com', NULL, '$2y$10$LBM5vobZmFaDFU3U6F0Wwu/wkwkRDgcamlf/w5UNJ8.1HHSj.kiDi', NULL, NULL, NULL, 0, 0, 0, 0, 1, 0, 0, NULL, NULL, NULL, NULL, NULL, NULL, NULL, NULL, NULL, NULL, NULL, NULL, bNULL, 'all', 'pending', 1, 0, NULL, NULL, 'UTC', 0, 0, NULL, NULL, 0, 0, 0, NULL, NULL, 0, NULL, 1743868280, NULL, NULL),
(1145, 'VLYYfitqjjDZnA', 'organization', 3, NULL, NULL, '2635623256277', 'kinebealdg78@gmail.com', NULL, '$2y$10$rwUgptWAubsMpc5tCKNYP.dhRHFPixMP5eCB1/DmR1hLPFSNtfT4W', NULL, NULL, NULL, 0, 0, 0, 0, 1, 0, 0, NULL, NULL, NULL, NULL, NULL, NULL, NULL, NULL, NULL, NULL, NULL, NULL, bNULL, 'all', 'pending', 1, 0, NULL, NULL, 'UTC', 0, 0, NULL, NULL, 0, 0, 0, NULL, NULL, 0, NULL, 1744174043, NULL, NULL),
(1146, 'CvfuxdBFTaMqGk', 'organization', 3, NULL, NULL, '2632624474496', 'aguilakolbh1990@gmail.com', NULL, '$2y$10$9/N/lO0xSkg.gJO5NBCqS.nezgC.TNWQrIH8Lqevnm1.KvRApFwNy', NULL, NULL, NULL, 0, 0, 0, 0, 1, 0, 0, NULL, NULL, NULL, NULL, NULL, NULL, NULL, NULL, NULL, NULL, NULL, NULL, bNULL, 'all', 'pending', 1, 0, NULL, NULL, 'UTC', 0, 0, NULL, NULL, 0, 0, 0, NULL, NULL, 0, NULL, 1744175240, NULL, NULL);

INSERT INTO `cschool`.`users_cookie_security` (`id`, `user_id`, `type`, `settings`, `created_at`) VALUES 
(1, 1015, 'all', NULL, 1655621683),
(2, 1, 'all', NULL, 1655624844),
(3, 934, 'all', NULL, 1655627382),
(4, 1016, 'all', NULL, 1655790120),
(5, 930, 'all', NULL, 1655790832),
(6, 929, 'all', NULL, 1655799536),
(7, 995, 'all', NULL, 1655872658),
(8, 996, 'all', NULL, 1655875490),
(9, 923, 'all', NULL, 1656104015),
(10, 979, 'all', NULL, 1656139682),
(11, 1019, 'all', NULL, 1656571625),
(12, 1047, 'all', NULL, 1728223936);

INSERT INTO `cschool`.`users_metas` (`id`, `user_id`, `name`, `value`) VALUES 
(21, 1016, 'education', 'BS in Mechanical Engineering from Santa Clara University'),
(22, 1016, 'education', 'MS in Mechanical Engineering from Santa Clara University'),
(23, 1016, 'experience', 'professional instructor and trainer for Data Science and programming'),
(24, 1016, 'experience', 'Head of Data Science for Pierian Data Inc'),
(25, 1015, 'experience', 'supporting proprietary Unix operating systems including AIX, HP-UX, and Solaris.'),
(26, 1015, 'experience', '10 years of experience working with Linux systems'),
(27, 1015, 'education', 'Red Hat Certified Engineer (RHCE)'),
(28, 1015, 'education', 'AWS Certified DevOps Engineer - Professional'),
(29, 1015, 'education', 'Linux Foundation Certified System Administrator'),
(30, 929, 'experience', 'Director at Cisco Systems 2015 - 2021'),
(31, 929, 'experience', 'research assistant at Harvard University 2010 - 2019'),
(32, 929, 'experience', 'Amazon bestselling author'),
(33, 923, 'experience', 'marketing strategies at Microlab 2010-2015'),
(34, 923, 'education', 'Associate of Business Administration from Imperial College London'),
(35, 923, 'education', 'Bachelor of International Business Economics from University of Cambridge'),
(36, 923, 'education', 'Master of Business Administration from King''s College London'),
(37, 3, 'experience', 'Five-time TED speaker'),
(38, 3, 'education', 'Associate of Applied Business from Stanford University'),
(39, 3, 'education', 'Bachelor of Science in Business from Harvard University'),
(40, 3, 'education', 'Master of Computational Finance from University of Chicago'),
(41, 870, 'education', 'Associate in Physical Therapy from University of British Columbia'),
(42, 870, 'education', 'Bachelor of Arts in Psychology from Duke University'),
(43, 870, 'education', 'Master of Public Health from Cornell University'),
(44, 929, 'education', 'Associate of Applied Business from University of Leeds'),
(45, 929, 'education', 'Bachelor of Management and Organizational Studies from University of Sheffield'),
(46, 929, 'education', 'Master of Management from Durham University'),
(47, 934, 'education', 'Bachelor of Science in Information Technology from University of Glasgow'),
(48, 934, 'education', 'Master of Science in Information Systems (MSIS) from Delft University of Technology'),
(49, 934, 'experience', 'Web Developer at Uber 2015 - 2018'),
(50, 1015, 'education', 'Master of Science in Information Systems (MSIS) from University of Sydney'),
(51, 1016, 'gender', 'man'),
(52, 1016, 'age', '29'),
(53, 1016, 'address', 'Luib, 72 Wern Ddu Lane'),
(54, 1015, 'address', 'Al Wakrah ,27904 Hilpert Knoll'),
(55, 934, 'gender', 'woman'),
(56, 934, 'age', '32'),
(57, 934, 'address', 'OX7 3NH, England, Oxfordshire, Ascott-under-Wychwood'),
(58, 1015, 'gender', 'man'),
(59, 1015, 'age', '27'),
(60, 929, 'gender', 'woman'),
(61, 929, 'age', '24'),
(62, 929, 'address', '668, Katra Hira Lal, Chandni Chowk'),
(63, 870, 'gender', 'woman'),
(64, 870, 'age', '28'),
(65, 870, 'address', '99 boulevard de Prague'),
(66, 3, 'gender', 'man'),
(67, 3, 'age', '36'),
(68, 3, 'address', '638153, Tamil Nadu, Modakkurichi, Elumathur'),
(69, 859, 'age', '30'),
(70, 859, 'address', '6N736 MEDINAH RD , MEDINAH, IL'),
(71, 863, 'age', '22'),
(72, 863, 'address', '19, Janata Market, Nerul, Navi Mumbai'),
(73, 864, 'address', 'No. 13 Poultry Farm Ave., South Odorkor ESt.'),
(74, 867, 'address', 'Massachusetts, West Roxbury, 3979 Smith Street'),
(75, 859, 'signature', '/store/1/default_images/default_signature.jpg'),
(76, 996, 'signature', '/store/1/default_images/default_signature.jpg'),
(77, 1052, 'signature', '/store/1/default_images/default_signature.jpg');

INSERT INTO `cschool`.`users_occupations` (`id`, `user_id`, `category_id`) VALUES 
(1004, 1016, 520),
(1005, 1016, 606),
(1006, 1016, 607),
(1010, 1015, 609),
(1011, 1015, 606),
(1012, 1015, 607),
(1016, 867, 520),
(1017, 867, 525),
(1019, 867, 606),
(1020, 867, 607),
(1021, 867, 608),
(1027, 929, 604),
(1028, 929, 525),
(1029, 929, 609),
(1030, 929, 610),
(1032, 870, 523),
(1033, 870, 604),
(1034, 3, 602),
(1035, 3, 525),
(1036, 3, 609),
(1038, 3, 606),
(1039, 934, 525),
(1040, 934, 606),
(1041, 934, 607),
(1042, 934, 608),
(1043, 923, 604),
(1044, 923, 609),
(1050, 863, 601),
(1051, 863, 602),
(1052, 863, 603),
(1053, 863, 609),
(1055, 864, 520),
(1056, 864, 601),
(1057, 864, 602),
(1058, 864, 603),
(1059, 868, 601),
(1060, 868, 602),
(1061, 868, 603),
(1062, 868, 523),
(1064, 4, 520),
(1065, 4, 606),
(1066, 930, 520),
(1067, 859, 520),
(1068, 859, 601),
(1069, 859, 604);

INSERT INTO `cschool`.`users_zoom_api` (`id`, `user_id`, `jwt_token`, `api_key`, `api_secret`, `account_id`, `created_at`) VALUES (3, 1015, 'eyJhbGciOiJIUzI1NiJ9.eyJhdWQiOm51bGwsImlzcyI6IlJvSDREeURtU2lHQTNjMXhMejFoUWciLCJleHAiOjE3NjYyNTAwMDAsImlhdCI6MTYyNDk2NjMwM30.exdStLAnK4V4jIFd6CtLCX_4nvMYLpX1JqMj70If04s', 'x1u5-C4FSdGsqweFlMGO7A', 'AOtbi0nkg9ThD1DtlNUlQB9C8cV670eGzqQR', NULL, 1624966312);

INSERT INTO `cschool`.`verifications` (`id`, `user_id`, `mobile`, `email`, `code`, `verified_at`, `expired_at`, `created_at`) VALUES 
(57, 996, NULL, 'test@gmail.com', '52692', NULL, 1626247575, 1626243975),
(58, 995, NULL, 'student@demo.com', '30257', 1626246439, 1626246489, 1626246375),
(59, 1017, NULL, 'a.pmelaa@gmail.com', '86261', 1639378855, 1639378905, 1639378748),
(84, 1045, NULL, 'tyshun.zaydrian@foundtoo.com', '28503', 1678958778, 1678958828, 1678958736),
(85, 1046, NULL, 'kelii.kendryk@foundtoo.com', '69646', 1678959533, 1678959583, 1678959456),
(86, 1049, NULL, 'conserve@helixwater.org', '46273', NULL, 1729393738, 1729390138),
(87, 1057, NULL, 'dqogiusvtahan@yahoo.com', '33650', NULL, 1730470242, 1730466642),
(88, 1058, NULL, 'avamayvb1991@gmail.com', '55764', NULL, 1730958333, 1730954733),
(89, 1059, NULL, 'xqgeimdvltgaoeci@yahoo.com', '79451', NULL, 1731068794, 1731065194),
(90, 1060, NULL, 'luellaae6072@gmail.com', '55666', NULL, 1731341007, 1731337407),
(91, 1061, NULL, 'lpcytrdfnfkd@yahoo.com', '13397', NULL, 1731407245, 1731403645),
(92, 1062, NULL, 'shadowtimerr@yahoo.com', '77773', NULL, 1731643722, 1731640122),
(93, 1063, NULL, 'gklifford7290@gmail.com', '40237', NULL, 1731905145, 1731901545),
(94, 1064, NULL, 'kmmtthdfycv@yahoo.com', '96040', NULL, 1732080895, 1732077295),
(95, 1065, NULL, 'hhav2q64n5vpls5@yahoo.com', '42037', NULL, 1732353971, 1732350371),
(96, 1066, NULL, 'valeelleri43@gmail.com', '89099', NULL, 1732680285, 1732676685),
(97, 1067, NULL, 'krw9ey8xspm4oqr@yahoo.com', '38102', NULL, 1732835367, 1732831767),
(98, 1068, NULL, 'yejxvtvdixi@yahoo.com', '37006', NULL, 1732904135, 1732900535),
(99, 1069, NULL, 'kendmayhp@gmail.com', '20088', NULL, 1733160655, 1733157055),
(100, 1070, NULL, 'wihhansa@yahoo.com', '63774', NULL, 1733225236, 1733221636),
(101, 1071, NULL, 'saildac@yahoo.com', '84759', NULL, 1733288921, 1733285321),
(102, 1072, NULL, 'rasshunt43@gmail.com', '60327', NULL, 1733347210, 1733343610),
(103, 1073, NULL, 'shinupvo@mailto.plus', '78763', NULL, 1733389263, 1733385663),
(104, 1074, NULL, 'shinihdf@mailto.plus', '76586', NULL, 1733389276, 1733385676),
(105, 1075, NULL, 'shinfqnw@mailto.plus', '56340', NULL, 1733389289, 1733385689),
(106, 1076, NULL, 'fqstdjxvhfxffgpiv@yahoo.com', '25882', NULL, 1733412746, 1733409146),
(107, 1077, NULL, 'fisterajora@yahoo.com', '42353', NULL, 1733485496, 1733481896),
(108, 1078, NULL, 'jymjjdmglaegh@yahoo.com', '32278', NULL, 1733553475, 1733549875),
(109, 1079, NULL, 'aizenithumbra@gmail.com', '67455', NULL, 1733617823, 1733614223),
(110, 1080, NULL, 'aziyayang2005@gmail.com', '40646', NULL, 1733948023, 1733944423),
(111, 1081, NULL, 'hunteraezelverdoh2005@gmail.com', '25296', NULL, 1734048902, 1734045302),
(112, 1082, NULL, 'd6hevvaeir9s9sdyj@yahoo.com', '30710', NULL, 1734140949, 1734137349),
(113, 1083, NULL, 'fcgjcnarvlhcs@yahoo.com', '23724', NULL, 1734213176, 1734209576),
(114, 1084, NULL, 'ihncnppaofxpxwt@yahoo.com', '92024', NULL, 1734283670, 1734280070),
(115, 1085, NULL, 'g8xnmqawrrukkkyx@yahoo.com', '32451', NULL, 1734372923, 1734369323),
(116, 1086, NULL, 'uyowofoligov32@gmail.com', '26213', NULL, 1734580775, 1734577175),
(117, 1087, NULL, 'davaxawaw14@gmail.com', '61045', NULL, 1734748593, 1734744993),
(118, 1088, NULL, 'almansbergerdan@yahoo.com', '44988', NULL, 1734882913, 1734879313),
(119, 1089, NULL, 'epd1qwvabny9et1i7@yahoo.com', '21119', NULL, 1735120069, 1735116469),
(120, 1090, NULL, 'tinakoud@yahoo.com', '83225', NULL, 1735275118, 1735271518),
(121, 1091, NULL, 'sqgladllqwepn@yahoo.com', '39942', NULL, 1735358528, 1735354928),
(122, 1092, NULL, 'qaxokokajo636@gmail.com', '28869', NULL, 1735515362, 1735511762),
(123, 1093, NULL, 'tafisexiku160@gmail.com', '75775', NULL, 1735592865, 1735589265),
(124, 1094, NULL, 'perepelkincalvet@yahoo.com', '55071', NULL, 1735855435, 1735851835),
(125, 1095, NULL, 'xoyigigimo440@gmail.com', '20795', NULL, 1736017358, 1736013758),
(126, 1096, NULL, 'pachemaiztegui@yahoo.com', '49275', NULL, 1736222029, 1736218429),
(127, 1097, NULL, 'ojugomulan160@gmail.com', '36743', NULL, 1736576315, 1736572715),
(128, 1098, NULL, 'vxnkmaoyelgjnmxo@yahoo.com', '35114', NULL, 1736757127, 1736753527),
(129, 1099, NULL, 'vvncudqrakdvs@yahoo.com', '75520', NULL, 1736887797, 1736884197),
(130, 1100, NULL, 'kdmobmpyyidedkfr@yahoo.com', '82109', NULL, 1737125646, 1737122046),
(131, 1101, NULL, 'glossersoroogh@yahoo.com', '46942', NULL, 1737225045, 1737221445),
(132, 1102, NULL, 'Rennie5Mclaughlin0041@gmail.com', '62180', NULL, 1737630357, 1737626757),
(133, 1103, NULL, 'Juan0Baldwin6630@gmail.com', '61680', NULL, 1737770709, 1737767109),
(134, 1104, NULL, 'Jeannie6Brock6383@gmail.com', '71348', NULL, 1737919650, 1737916050),
(135, 1105, NULL, 'Chad7Martin3747@gmail.com', '28799', NULL, 1738258919, 1738255319),
(136, 1106, NULL, 'krsbiefelt@yahoo.com', '45636', NULL, 1738541718, 1738538118),
(137, 1107, NULL, 'lunariesylvan61@gmail.com', '72718', NULL, 1738723325, 1738719725),
(138, 1108, NULL, 'borealaizeal64oi@gmail.com', '90962', NULL, 1738893788, 1738890188),
(139, 1109, NULL, 'rtbshfcfc@yahoo.com', '47868', NULL, 1739010474, 1739006874),
(140, 1110, NULL, 'giordano.davince321@gmail.com', '71223', NULL, 1739283601, 1739280001),
(141, 1111, NULL, 'marlonsmallaa45@gmail.com', '86173', NULL, 1739757156, 1739753556),
(142, 1112, NULL, 'sdunnu25@gmail.com', '35844', NULL, 1739851893, 1739848293),
(143, 1113, NULL, 'litaespiny4@gmail.com', '83400', NULL, 1739960950, 1739957350),
(144, 1114, NULL, 'stellarey49iris19@gmail.com', '89176', NULL, 1740052643, 1740049043),
(145, 1115, NULL, 'omalugopoj805@gmail.com', '67497', NULL, 1740134782, 1740131182),
(146, 1116, NULL, 'mendezcruzcuster@yahoo.com', '59371', NULL, 1740201167, 1740197567),
(147, 1117, NULL, 'romabookim@gmail.com', '13707', NULL, 1740324771, 1740321171),
(148, 1118, NULL, 'tdxxbeebnjtxipt@yahoo.com', '58938', NULL, 1740356453, 1740352853),
(149, 1119, NULL, 'wgvetqwbesdcyn@yahoo.com', '84668', NULL, 1740427076, 1740423476),
(150, 1120, NULL, 'ltadeviegr@yahoo.com', '71582', NULL, 1740587828, 1740584228),
(151, 1121, NULL, 'pgeilmb6@gmail.com', '29093', NULL, 1740669865, 1740666265),
(152, 1122, NULL, 'valdezdidin@gmail.com', '99430', NULL, 1740753348, 1740749748),
(153, 1123, NULL, 'djeinssassa@gmail.com', '75175', NULL, 1740940479, 1740936879),
(154, 1124, NULL, 'abarrontl@gmail.com', '39718', NULL, 1741091460, 1741087860),
(155, 1125, NULL, 'vidconned42@gmail.com', '27935', NULL, 1741179873, 1741176273),
(156, 1126, NULL, 'vajaaqaqkeicykmh@yahoo.com', '12135', NULL, 1741301141, 1741297541),
(157, 1127, NULL, 'asparksr47@gmail.com', '32381', NULL, 1741402701, 1741399101),
(158, 1128, NULL, 'jacksonmontaguhe@gmail.com', '98787', NULL, 1741466798, 1741463198),
(159, 1129, NULL, 'alisandrd25@gmail.com', '49456', NULL, 1741717370, 1741713770),
(160, 1130, NULL, 'karamianfredrikson@yahoo.com', '87990', NULL, 1741863585, 1741859985),
(161, 1131, NULL, 'brosjonson@mail.ru', '24681', NULL, 1741923802, 1741920202),
(162, 1132, NULL, 'mmasseyq19@gmail.com', '57021', NULL, 1741951562, 1741947962),
(163, 1133, NULL, 'richardshanacc4@gmail.com', '63215', NULL, 1742026451, 1742022851),
(164, 1134, NULL, 'myers.andrea472259@yahoo.com', '68881', NULL, 1742099904, 1742096304),
(165, 1135, NULL, 'kcalderonzm@gmail.com', '12536', NULL, 1742155606, 1742152006),
(166, 1136, NULL, 'cooelisv3@gmail.com', '51382', NULL, 1742240736, 1742237136),
(167, 1137, NULL, 'mcharlesww7@gmail.com', '74753', NULL, 1742570171, 1742566571),
(168, 1138, NULL, 'aprilpratt956985@yahoo.com', '19513', NULL, 1742797633, 1742794033),
(169, 1139, NULL, 'taylor.rachel405944@yahoo.com', '56163', NULL, 1743319658, 1743316058),
(170, 1140, NULL, 'richardskassiyasf40@gmail.com', '82822', NULL, 1743442570, 1743438970),
(171, 1141, NULL, 'dyereloyizap2004@gmail.com', '48643', NULL, 1743483774, 1743480174),
(172, 1142, NULL, 'dorapalmerb8@gmail.com', '91798', NULL, 1743653110, 1743649510),
(173, 1143, NULL, 'mirandakazandra50@gmail.com', '50703', NULL, 1743697763, 1743694163),
(174, 1144, NULL, 'kellesidnef43@gmail.com', '70920', NULL, 1743871881, 1743868281),
(175, 1145, NULL, 'kinebealdg78@gmail.com', '28881', NULL, 1744177644, 1744174044),
(176, 1146, NULL, 'aguilakolbh1990@gmail.com', '16767', NULL, 1744178841, 1744175241);

INSERT INTO `cschool`.`waitlists` (`id`, `webinar_id`, `user_id`, `full_name`, `email`, `phone`, `created_at`) VALUES 
(1, 2009, 1017, NULL, NULL, NULL, 1678955365),
(2, 2009, 4, NULL, NULL, NULL, 1678955432),
(3, 2009, 868, NULL, NULL, NULL, 1678955461),
(4, 2009, NULL, 'Eliza Canales', 'Eliza22@yahoo.com', '3094027575', 1678958278),
(5, 1996, 996, NULL, NULL, NULL, 1729411762);

INSERT INTO `cschool`.`webinar_assignment_attachments` (`id`, `creator_id`, `assignment_id`, `title`, `attach`) VALUES 
(3, 929, 1, 'Assignment File', '/store/929/Sample_PDF.pdf'),
(4, 1015, 2, 'Homework File', '/store/1015/Documentation.pdf');

INSERT INTO `cschool`.`webinar_assignment_history` (`id`, `instructor_id`, `student_id`, `assignment_id`, `grade`, `status`, `created_at`) VALUES 
(1, 929, 995, 1, 80, 'passed', 1655872680),
(2, 929, 930, 1, 75, 'passed', 1655877115),
(3, 929, 996, 1, 50, 'not_passed', 1656219608),
(4, 1015, 996, 2, 60, 'not_passed', 1656407301);

INSERT INTO `cschool`.`webinar_assignment_history_messages` (`id`, `assignment_history_id`, `sender_id`, `message`, `file_title`, `file_path`, `created_at`) VALUES 
(1, 2, 930, 'Hi,
I attached my homework.
Please review it and inform me if it has a problem.
Regards.', 'Jade Harrison Homework', '/store/930/homework.docx', 1655877736),
(2, 2, 929, 'Hi,
Thank you for your answers.
Have a good day.', NULL, NULL, 1655877887),
(3, 1, 995, 'Hi, I attached my homework. Please review it and inform me if it has a problem. Regards.', 'Cameron Schofield Homework', '/store/995/homework.docx', 1655878091),
(4, 1, 929, 'Hi,
I reviewed your answers.
Please check the attached file and solve the problems.
Regards.', 'Cameron Schofield Homework problems', '/store/929/Sample_PDF.pdf', 1655878235),
(5, 1, 995, 'Hi, Thank you.
I attached it again.
Please recheck it.
Regards.', 'Cameron Schofield Homework fixed', '/store/995/homework.docx', 1655878364),
(6, 1, 929, 'Thank you.', NULL, NULL, 1655878537),
(7, 3, 996, 'Hi,
I attached my answers.
Regards.', 'Robert B. Gray Assignment', '/store/996/lmX4K.png', 1656219737),
(8, 4, 996, 'Hi,
I attached my homework.
Please review it.
Regards.', 'my first submit', '/store/996/lmX4K.png', 1656407360);

INSERT INTO `cschool`.`webinar_assignment_translations` (`id`, `locale`, `webinar_assignment_id`, `title`, `description`) VALUES 
(1, 'en', 1, 'Students Assignment', 'Homework, or a homework assignment, is a set of tasks assigned to students by their teachers to be completed outside the classroom.
The effects of homework are debated. Generally speaking, homework does not improve academic performance among young children. Homework may improve academic skills among older students, especially lower-achieving students. However, homework also creates stress for students and parents and reduces the amount of time that students can spend on other activities.

Please send the assignments within the specified deadline.'),
(2, 'en', 2, 'Mid-term Homework', 'A  Homework to test yourself on your grasp of CSS and reassure yourself that you''ve got this!
Please send your homework as soon as possible.
Regards.');

INSERT INTO `cschool`.`webinar_assignments` (`id`, `creator_id`, `webinar_id`, `chapter_id`, `grade`, `pass_grade`, `deadline`, `attempts`, `check_previous_parts`, `access_after_day`, `status`, `created_at`) VALUES 
(1, 929, 2010, 31, 100, 70, 180, 5, 0, NULL, 'active', 1655801119),
(2, 1015, 2008, 34, 100, 75, 250, 1, 0, NULL, 'active', 1656407252);

INSERT INTO `cschool`.`webinar_chapter_items` (`id`, `user_id`, `chapter_id`, `item_id`, `type`, `order`, `created_at`) VALUES 
(5, 934, 24, 35, 'file', 1, 1624956937),
(6, 1015, 20, 36, 'file', 1, 1624966718),
(7, 929, 9, 37, 'file', 1, 1625038371),
(8, 929, 9, 38, 'file', 2, 1625038447),
(9, 929, 10, 39, 'file', 4, 1625038633),
(10, 929, 10, 40, 'file', 1, 1625039003),
(11, 929, 10, 41, 'file', 3, 1625039096),
(12, 929, 10, 42, 'file', 2, 1625039180),
(13, 867, 18, 43, 'file', 1, 1625045148),
(14, 863, 14, 44, 'file', 1, 1625123527),
(15, 864, 12, 45, 'file', 1, 1625300200),
(16, 929, 8, 46, 'file', 2, 1625685492),
(17, 929, 8, 47, 'file', 1, 1625685578),
(18, 929, 8, 48, 'file', 3, 1625685691),
(19, 4, 7, 49, 'file', 1, 1625690308),
(20, 4, 7, 50, 'file', 2, 1625690699),
(21, 4, 7, 51, 'file', 3, 1625690835),
(22, 867, 5, 52, 'file', 1, 1625694176),
(23, 867, 5, 53, 'file', 2, 1625694214),
(24, 867, 6, 54, 'file', 2, 1625694330),
(25, 867, 6, 55, 'file', 1, 1625694401),
(26, 867, 2, 56, 'file', 1, 1626234339),
(27, 867, 2, 57, 'file', 2, 1626234398),
(28, 867, 3, 58, 'file', 1, 1626234448),
(29, 867, 3, 59, 'file', 2, 1626234512),
(30, 1015, 28, 60, 'file', 1, 1646119189),
(31, 1015, 28, 61, 'file', 2, 1646119460),
(32, 1015, 28, 62, 'file', 3, 1646119651),
(33, 1015, 29, 63, 'file', 1, 1646120871),
(34, 1015, 29, 64, 'file', 2, 1646124099),
(35, 1015, 29, 65, 'file', 3, 1646124765),
(36, 1015, 29, 66, 'file', 4, 1646124966),
(37, 1015, 29, 67, 'file', 5, 1646125437),
(38, 1015, 29, 68, 'file', 6, 1646126002),
(39, 1015, 29, 69, 'file', 7, 1646126305),
(40, 1015, 29, 70, 'file', 8, 1646126442),
(41, 1015, 29, 71, 'file', 9, 1646127121),
(42, 1015, 29, 72, 'file', 10, 1646130252),
(43, 1015, 29, 73, 'file', 11, 1646130397),
(44, 1015, 22, 52, 'session', 1, 1624944778),
(45, 1015, 23, 53, 'session', 1, 1624944860),
(46, 1015, 23, 54, 'session', 2, 1624944947),
(47, 1015, 23, 55, 'session', 3, 1624944997),
(48, 1015, 23, 56, 'session', 4, 1624945056),
(49, 1015, 21, 59, 'session', 1, 1624966322),
(50, 1015, 21, 60, 'session', 2, 1624966428),
(51, 1015, 21, 61, 'session', 3, 1624966659),
(52, 867, 19, 62, 'session', 1, 1625045297),
(53, 867, 19, 63, 'session', 2, 1625045392),
(54, 867, 19, 64, 'session', 3, 1625045465),
(55, 3, 16, 65, 'session', 1, 1625078642),
(56, 3, 17, 66, 'session', 1, 1625078804),
(57, 3, 17, 67, 'session', 2, 1625079005),
(58, 863, 15, 68, 'session', 1, 1625122908),
(59, 863, 15, 69, 'session', 2, 1625122957),
(60, 863, 15, 70, 'session', 3, 1625123036),
(61, 864, 13, 71, 'session', 1, 1625299964),
(62, 864, 13, 72, 'session', 2, 1625300053),
(63, 864, 13, 73, 'session', 3, 1625300165),
(64, 1015, 30, 74, 'session', 1, 1646172799),
(65, 1015, 30, 75, 'session', 2, 1646172930),
(66, 1015, 30, 76, 'session', 3, 1646391211),
(67, 934, 26, 13, 'text_lesson', 1, 1624954655),
(68, 934, 26, 14, 'text_lesson', 2, 1624954929),
(69, 934, 26, 15, 'text_lesson', 3, 1624956733),
(71, 929, 8, 30, 'quiz', 4, 1625039490),
(72, 3, 16, 31, 'quiz', 2, 1625079329),
(73, 3, 17, 32, 'quiz', 3, 1625950930),
(74, 1015, 21, 33, 'quiz', 4, 1625951048),
(75, 1015, 22, 34, 'quiz', 2, 1625951477),
(77, 929, 31, 74, 'file', 1, 1655799640),
(78, 929, 31, 75, 'file', 3, 1655799735),
(79, 929, 31, 76, 'file', 4, 1655800074),
(80, 929, 31, 1, 'assignment', 2, 1655801119),
(81, 929, 32, 77, 'file', 1, 1655801400),
(82, 929, 33, 78, 'file', 1, 1655801529),
(83, 1015, 34, 2, 'assignment', 1, 1656407252),
(211, 1016, 46, 96, 'file', 1, 1728369849),
(215, 1016, 51, 105, 'session', 1, 1729410902),
(216, 1016, 53, 98, 'file', 1, 1729581775),
(217, 1016, 53, 99, 'file', 2, 1729581822),
(218, 1016, 53, 100, 'file', 3, 1729581878),
(219, 1016, 53, 101, 'file', 4, 1729582031),
(220, 1016, 54, 102, 'file', 1, 1729582488),
(221, 1016, 54, 103, 'file', 2, 1729582528),
(222, 1016, 54, 104, 'file', 3, 1729582580),
(223, 1016, 54, 105, 'file', 4, 1729582651),
(224, 1016, 54, 106, 'file', 5, 1729582688),
(225, 1016, 55, 107, 'file', 1, 1729582732),
(226, 1016, 55, 108, 'file', 2, 1729582764),
(227, 1016, 55, 109, 'file', 3, 1729582797),
(228, 1016, 55, 110, 'file', 4, 1729582831),
(229, 1016, 53, 48, 'quiz', 5, 1729664325),
(230, 1016, 56, 111, 'file', 1, 1729755148),
(231, 1016, 57, 112, 'file', 1, 1729755174),
(232, 1016, 58, 113, 'file', 1, 1729755201),
(233, 1016, 59, 114, 'file', 1, 1729755228),
(234, 1016, 56, 50, 'quiz', 2, 1729755667);

INSERT INTO `cschool`.`webinar_chapter_translations` (`id`, `webinar_chapter_id`, `locale`, `title`) VALUES 
(2, 2, 'en', 'Introduction'),
(3, 3, 'en', 'General Advice & Tips'),
(5, 5, 'en', 'Let''s Start!'),
(6, 6, 'en', 'Ready to go?'),
(7, 7, 'en', 'Essentials'),
(8, 8, 'en', 'Exponential'),
(9, 9, 'en', 'Introduction'),
(10, 10, 'en', 'Tactics of Influence & Persuasion'),
(12, 12, 'en', 'Introduction'),
(13, 13, 'en', 'Why Active Listening?'),
(14, 14, 'en', 'Introduction'),
(15, 15, 'en', 'Setting Up Your Fitness Diet'),
(16, 16, 'en', 'Getting Started'),
(17, 17, 'en', 'Model, View, Whatever...'),
(18, 18, 'en', 'Introduction'),
(19, 19, 'en', 'Effective Time Management'),
(20, 20, 'en', 'Introduction'),
(21, 21, 'en', 'Microsoft Excel Fundamentals'),
(22, 22, 'en', 'Overview'),
(23, 23, 'en', 'Start learning'),
(24, 24, 'en', 'Introduction'),
(26, 26, 'en', 'Stepping into the World of Python'),
(28, 28, 'en', 'SCORM Files'),
(29, 29, 'en', 'Different File Types'),
(30, 30, 'en', 'Introduction'),
(31, 31, 'en', 'First Chapter'),
(32, 32, 'en', 'Second Chapter'),
(33, 33, 'en', 'Final Chapter'),
(34, 34, 'en', 'Assignments'),
(47, 46, 'en', 'first content'),
(52, 51, 'en', 'Fisrt Zoom'),
(53, 52, 'en', 'video'),
(54, 53, 'en', ' '),
(55, 54, 'en', '   '),
(56, 55, 'en', ' '),
(57, 56, 'en', '    '),
(58, 57, 'en', '    '),
(59, 58, 'en', '    '),
(60, 59, 'en', '    ');

INSERT INTO `cschool`.`webinar_chapters` (`id`, `user_id`, `webinar_id`, `order`, `check_all_contents_pass`, `status`, `created_at`) VALUES 
(2, 1015, 2007, NULL, 0, 'active', 1635407804),
(3, 867, 2007, NULL, 0, 'active', 1635407977),
(5, 867, 2006, NULL, 0, 'active', 1635412019),
(6, 867, 2006, NULL, 0, 'active', 1635412070),
(7, 4, 2005, NULL, 0, 'active', 1635412460),
(8, 929, 2004, NULL, 0, 'active', 1635412622),
(9, 929, 1999, NULL, 0, 'active', 1635412731),
(10, 929, 1999, NULL, 0, 'active', 1635414134),
(12, 864, 2003, NULL, 0, 'active', 1635416675),
(13, 864, 2003, NULL, 0, 'active', 1635416784),
(14, 863, 2002, NULL, 0, 'active', 1635416977),
(15, 863, 2002, NULL, 0, 'active', 1635417025),
(16, 3, 2001, NULL, 0, 'active', 1635417112),
(17, 3, 2001, NULL, 0, 'active', 1635417172),
(18, 867, 2000, NULL, 0, 'active', 1635417285),
(19, 867, 2000, NULL, 0, 'active', 1635417326),
(20, 1015, 1998, NULL, 0, 'active', 1635417480),
(21, 1015, 1998, NULL, 0, 'active', 1635417524),
(22, 1016, 1996, NULL, 0, 'active', 1635417655),
(23, 1016, 1996, NULL, 0, 'active', 1635417695),
(24, 934, 1997, NULL, 0, 'active', 1635417828),
(26, 934, 1997, NULL, 0, 'active', 1635417896),
(28, 1015, 2008, NULL, 0, 'active', 1646118899),
(29, 1015, 2008, NULL, 0, 'active', 1646119712),
(30, 1015, 2009, NULL, 0, 'active', 1646171933),
(31, 929, 2010, NULL, 0, 'active', 1655799483),
(32, 929, 2010, NULL, 1, 'active', 1655801203),
(33, 929, 2010, NULL, 0, 'active', 1655801453),
(34, 1015, 2008, NULL, 0, 'active', 1655975170),
(46, 1016, 2033, NULL, 1, 'active', 1728369761),
(51, 1016, 1996, NULL, 0, 'active', 1729410310),
(52, 1016, 2048, NULL, 0, 'active', 1729431340),
(53, 1016, 2049, NULL, 1, 'active', 1729581338),
(54, 1016, 2049, NULL, 1, 'active', 1729582384),
(55, 1016, 2049, NULL, 1, 'active', 1729582402),
(56, 1016, 2050, NULL, 1, 'active', 1729754983),
(57, 1016, 2050, NULL, 1, 'active', 1729755079),
(58, 1016, 2050, NULL, 1, 'active', 1729755098),
(59, 1016, 2050, NULL, 1, 'active', 1729755110);

INSERT INTO `cschool`.`webinar_extra_description_translations` (`id`, `webinar_extra_description_id`, `locale`, `value`) VALUES 
(1, 1, 'en', 'Have a greater understanding of your life''s greater purpose'),
(2, 2, 'en', 'Find greater meaning and purpose in your current career'),
(3, 3, 'en', 'See the greater meaning in the experiences in your life'),
(4, 4, 'en', 'Replace limiting beliefs with empowering beliefs'),
(9, 9, 'en', 'A computer (Windows/Mac/Linux). That''s it!'),
(10, 10, 'en', 'No previous coding experience is needed'),
(11, 11, 'en', 'All tools and software used in this course will be free'),
(12, 12, 'en', 'Prepare to learn real life skills and build real web apps that will get you hired!'),
(13, 13, 'en', '/store/929/logo/logo (1).png'),
(14, 14, 'en', '/store/929/logo/logo (2).png'),
(15, 15, 'en', '/store/929/logo/logo (3).png'),
(16, 16, 'en', '/store/929/logo/logo (4).png'),
(17, 17, 'en', '/store/1015/logo_files/logo (1).png'),
(18, 18, 'en', '/store/1015/logo_files/logo (2).png'),
(19, 19, 'en', '/store/1015/logo_files/logo (3).png'),
(20, 20, 'en', '/store/1015/logo_files/logo (4).png'),
(21, 21, 'en', 'Have a computer with Internet'),
(22, 22, 'en', 'Be ready to learn an insane amount of awesome stuff'),
(23, 23, 'en', 'Prepare to build real web apps!'),
(24, 24, 'en', 'Create a complicated yelp-like application from scratch'),
(25, 25, 'en', 'Make REAL web applications using cutting-edge technologies'),
(26, 26, 'en', 'Create your own Node modules'),
(27, 27, 'en', 'Create a beautiful animated todo list application'),
(28, 28, 'en', 'Understand the ins and outs of HTTP requests'),
(29, 29, 'en', 'To learn the python language'),
(30, 30, 'en', 'To learn the CORE skills to understand any programming language'),
(31, 31, 'en', 'NO programming knowledge required'),
(32, 32, 'en', 'You need a Canon or Nikon DSLR camera (the kind that has interchangable lenses) - any model will do.'),
(33, 33, 'en', 'You don''t need any prior photographic experience.'),
(34, 34, 'en', 'How to hold your camera correctly, which helps you to get sharp photos every time.'),
(35, 35, 'en', 'Which lenses to use for which photos, so that you can best capture a specific subject or scene.'),
(36, 36, 'en', 'Why and when you should support your camera on tripods and bean bags.'),
(37, 37, 'en', 'How to take photos in diffused light on overcast days.'),
(38, 38, 'en', 'Create any website layout you can imagine'),
(39, 39, 'en', 'Support any device size with Responsive (mobile-friendly) Design'),
(40, 40, 'en', 'Add tasteful animations and effects with CSS3'),
(41, 41, 'en', 'No prerequisite knowledge required'),
(42, 42, 'en', 'No special software required'),
(43, 43, 'en', 'test'),
(44, 44, 'en', 'test'),
(45, 45, 'en', 'test'),
(46, 46, 'en', '/store/1/lmslogo.PNG'),
(47, 47, 'en', 'test'),
(48, 48, 'en', 'test'),
(49, 49, 'en', '/store/1/favicon.png'),
(50, 50, 'en', 'test'),
(54, 54, 'en', 'First Matrial'),
(55, 55, 'en', 'video'),
(56, 56, 'en', '/store/1047/Dose adjustment for most of medications/   .png'),
(57, 57, 'en', '/store/1047/Dose adjustment for most of medications/_.png'),
(58, 58, 'en', '/store/1047/Dose adjustment for most of medications/     .png'),
(59, 59, 'en', '/store/1047/Dose adjustment for most of medications/   .png'),
(60, 60, 'en', '/store/1047/Dose adjustment for most of medications/  .png'),
(61, 61, 'en', '/store/1047/Dose adjustment for most of medications/   .png'),
(62, 62, 'en', '/store/1047/Dose adjustment for most of medications/_.png'),
(63, 63, 'en', '/store/1047/Dose adjustment for most of medications/     .png'),
(64, 64, 'en', '/store/1047/Dose adjustment for most of medications/   .png'),
(65, 65, 'en', '/store/1047/Dose adjustment for most of medications/   .png'),
(66, 66, 'en', '/store/1047/Dose adjustment for most of medications/   .png'),
(67, 67, 'en', '/store/1047/Dose adjustment for most of medications/  .png'),
(68, 68, 'en', '/store/1047/Dose adjustment for most of medications/   .png');

INSERT INTO `cschool`.`webinar_extra_descriptions` (`id`, `creator_id`, `webinar_id`, `upcoming_course_id`, `type`, `order`, `created_at`) VALUES 
(1, 929, 2010, NULL, 'learning_materials', NULL, 1655803120),
(2, 929, 2010, NULL, 'learning_materials', NULL, 1655803131),
(3, 929, 2010, NULL, 'learning_materials', NULL, 1655803150),
(4, 929, 2010, NULL, 'learning_materials', NULL, 1655803174),
(9, 929, 2010, NULL, 'requirements', NULL, 1655804489),
(10, 929, 2010, NULL, 'requirements', NULL, 1655804502),
(11, 929, 2010, NULL, 'requirements', NULL, 1655804514),
(12, 929, 2010, NULL, 'requirements', NULL, 1655804529),
(13, 929, 2010, NULL, 'company_logos', NULL, 1655871591),
(14, 929, 2010, NULL, 'company_logos', NULL, 1655871600),
(15, 929, 2010, NULL, 'company_logos', NULL, 1655871608),
(16, 929, 2010, NULL, 'company_logos', NULL, 1655871622),
(17, 1015, 2008, NULL, 'company_logos', NULL, 1656220273),
(18, 1015, 2008, NULL, 'company_logos', NULL, 1656220284),
(19, 1015, 2008, NULL, 'company_logos', NULL, 1656220295),
(20, 1015, 2008, NULL, 'company_logos', NULL, 1656220306),
(21, 1015, 2008, NULL, 'requirements', NULL, 1656220352),
(22, 1015, 2008, NULL, 'requirements', NULL, 1656220362),
(23, 1015, 2008, NULL, 'requirements', NULL, 1656220373),
(24, 1015, 2008, NULL, 'learning_materials', NULL, 1656220401),
(25, 1015, 2008, NULL, 'learning_materials', NULL, 1656220412),
(26, 1015, 2008, NULL, 'learning_materials', NULL, 1656220456),
(27, 1015, 2008, NULL, 'learning_materials', NULL, 1656220468),
(28, 1015, 2008, NULL, 'learning_materials', NULL, 1656220486),
(29, 1015, NULL, 3, 'learning_materials', 1, 1678876303),
(30, 1015, NULL, 3, 'learning_materials', 2, 1678876310),
(31, 1015, NULL, 3, 'requirements', 1, 1678876326),
(32, 1016, NULL, 4, 'requirements', 1, 1678877156),
(33, 1016, NULL, 4, 'requirements', 2, 1678877166),
(34, 1016, NULL, 4, 'learning_materials', 1, 1678877190),
(35, 1016, NULL, 4, 'learning_materials', 2, 1678877203),
(36, 1016, NULL, 4, 'learning_materials', 3, 1678877219),
(37, 1016, NULL, 4, 'learning_materials', 4, 1678877230),
(38, 934, NULL, 5, 'learning_materials', 1, 1678878141),
(39, 934, NULL, 5, 'learning_materials', 2, 1678878149),
(40, 934, NULL, 5, 'learning_materials', 3, 1678878157),
(41, 934, NULL, 5, 'requirements', 1, 1678878173),
(42, 934, NULL, 5, 'requirements', 2, 1678878189),
(43, 1016, 2026, NULL, 'learning_materials', 1, 1728325679),
(44, 1016, 2026, NULL, 'requirements', 1, 1728325688),
(45, 1016, 2027, NULL, 'learning_materials', 1, 1728325985),
(46, 1016, 2027, NULL, 'company_logos', 1, 1728325999),
(47, 1016, 2027, NULL, 'requirements', 1, 1728326008),
(48, 1016, 2029, NULL, 'learning_materials', 1, 1728326869),
(49, 1016, 2029, NULL, 'company_logos', 1, 1728326882),
(50, 1016, 2029, NULL, 'requirements', 1, 1728327007),
(54, 1016, 2033, NULL, 'learning_materials', 1, 1729337830),
(55, 1016, 2048, NULL, 'learning_materials', 1, 1729431269),
(56, 1016, 2049, NULL, 'company_logos', 1, 1729582252),
(57, 1016, 2049, NULL, 'company_logos', 2, 1729582266),
(58, 1016, 2049, NULL, 'company_logos', 3, 1729582281),
(59, 1016, 2049, NULL, 'company_logos', 4, 1729582302),
(60, 1016, 2049, NULL, 'company_logos', 5, 1729582313),
(61, 1016, 2049, NULL, 'company_logos', 6, 1729582325),
(62, 1016, 2050, NULL, 'company_logos', 1, 1729755293),
(63, 1016, 2050, NULL, 'company_logos', 2, 1729755317),
(64, 1016, 2050, NULL, 'company_logos', 3, 1729755353),
(65, 1016, 2050, NULL, 'company_logos', 4, 1729755370),
(66, 1016, 2050, NULL, 'company_logos', 5, 1729755436),
(67, 1016, 2050, NULL, 'company_logos', 6, 1729755449),
(68, 1016, 2050, NULL, 'company_logos', 7, 1729755467);

INSERT INTO `cschool`.`webinar_filter_option` (`id`, `webinar_id`, `filter_option_id`) VALUES 
(11423, 2007, 9130),
(11424, 2007, 9181),
(11454, 2003, 9142),
(11455, 2003, 9206),
(11456, 2003, 9272),
(11474, 1997, 9147),
(11475, 1997, 9218),
(11476, 1997, 9281),
(11477, 1997, 9283),
(11480, 2002, 9127),
(11481, 2002, 9250),
(11505, 2006, 9130),
(11506, 2006, 9181),
(11558, 2005, 9114),
(11559, 2005, 9156),
(11560, 2005, 9231),
(11561, 2004, 9122),
(11562, 2004, 9166),
(11563, 2004, 9240),
(11691, 2010, 9123),
(11692, 2010, 9171),
(11693, 2010, 9244),
(11703, 1998, 9138),
(11704, 1998, 9196),
(11705, 1998, 9267),
(11706, 2000, 9140),
(11707, 2000, 9196),
(11708, 2000, 9267),
(11709, 2008, 9131),
(11710, 2008, 9181),
(11730, 2009, 9143),
(11731, 2009, 9206),
(11732, 2009, 9270),
(11733, 2009, 9271),
(11737, 2024, 9120),
(11738, 2024, 9166),
(11739, 2024, 9240),
(11752, 2026, 9126),
(11753, 2026, 9176),
(11754, 2026, 9249),
(11789, 2027, 9132),
(11790, 2027, 9186),
(11791, 2027, 9257),
(11817, 2029, 9138),
(11818, 2029, 9196),
(11819, 2029, 9266),
(11936, 2033, 9132),
(11937, 2033, 9186),
(11938, 2033, 9190),
(11939, 2033, 9259),
(11940, 2033, 9260),
(11941, 2033, 9261),
(11960, 1996, 9147),
(11961, 1996, 9216),
(11962, 1996, 9279),
(11963, 1996, 9280),
(11964, 1996, 9281),
(11965, 1996, 9283),
(11966, 2048, 9120),
(11967, 2048, 9166),
(11968, 2048, 9170),
(11969, 2048, 9242),
(11976, 2049, 9117),
(11977, 2049, 9236),
(11987, 2050, 9231),
(11988, 2050, 9233),
(11989, 2050, 9235);

INSERT INTO `cschool`.`webinar_partner_teacher` (`id`, `webinar_id`, `teacher_id`) VALUES 
(87, 2005, 1016),
(117, 2010, 1015),
(120, 1998, 1016),
(121, 2008, 1016),
(125, 2033, 1016);

INSERT INTO `cschool`.`webinar_reports` (`id`, `user_id`, `webinar_id`, `reason`, `message`, `created_at`) VALUES (3, 995, 1997, 'Not Related', 'I think the right category has not been chosen for this course.', 1626239751);

INSERT INTO `cschool`.`webinar_reviews` (`id`, `creator_id`, `webinar_id`, `bundle_id`, `content_quality`, `instructor_skills`, `purchase_worth`, `support_quality`, `rates`, `description`, `created_at`, `status`) VALUES 
(20, 996, 2006, NULL, 5, 5, 5, 5, '5', 'This course is full of traveling information. I''m so thankful for new tips that I didn''t hear before. Thanks:)', 1626214531, 'active'),
(21, 996, 1998, NULL, 5, 5, 4, 5, '4.75', 'Definitely recommended for anyone starting out excel. If you are familiar with the basics and have only been using excel as a calculator this will help you realize how versatile it is and how to use it effectively.', 1626214590, 'active'),
(22, 996, 1997, NULL, 5, 5, 5, 5, '5', 'The course covers all the basics required along with applications which gives the learner a high level of exposure in python programming.

I liked the way the course is explained ie, by showing the errors and how to correct them. This enables the learner to debug issues on his own.

Keep up the good work.', 1626214647, 'active'),
(23, 996, 1996, NULL, 4, 4, 4, 4, '4', 'It''s a nice course for who is new in Linux distribution. You may take this course for Basic Linux Literacy. Thanks to honourable instructor', 1626214731, 'active'),
(25, 995, 2005, NULL, 5, 4, 4, 4, '4.25', 'Has some previous experience. But wanted to further develop this knowledge and chose to do it thoroughly. So this course definitely feels right to me.', 1626232945, 'active'),
(26, 995, 2004, NULL, 2, 2, 3, 3, '2.5', 'Didn''t have the expert deliver the information. Heavily political bashing. Full disaster and scare rather than being leveled and focused on the science.', 1626233054, 'active'),
(27, 995, 2001, NULL, 2, 3, 3, 3, '2.75', 'this last lecture about controller and routing didnt worked for me. Second page is not loading even after taking uploaded resources.', 1626233222, 'active'),
(29, 995, 1999, NULL, 4, 4, 4, 3, '3.75', 'Good Course, It has good tips and information, it is important to apply these on your day-to-day to make sure that you get the best of it. Liked the summary slides.', 1626233413, 'active'),
(30, 995, 2002, NULL, 5, 5, 5, 5, '5', 'The instructor is very clear in his teaching and he makes it so simple for anyone to understand what he is teaching. I''m glad I chose him to take this course.', 1626283457, 'active'),
(31, 979, 2002, NULL, 5, 5, 5, 5, '5', 'Personally I love fitness and wanted to gain more knowledge because I love to workout and also help people get in shape and I found the right course. It''s amazing and I am learning a lot.', 1626283559, 'active'),
(32, 996, 2000, NULL, 5, 5, 5, 5, '5', 'Great course, concise and to the point. Realized how much time I have been wasting. Tried some of the concept mentioned in this course from other readings before but the framework provided here to create a sustainable environment/process for success was the missing piece to keep things from falling apart soon after starting.', 1626508980, 'active'),
(33, 979, 2009, NULL, 5, 5, 5, 5, '5', 'It was a perfect Course.
Thank Robert :)', 1646254621, 'active'),
(34, 995, 2008, NULL, 5, 5, 5, 5, '5', 'It was an excellent course. I hope to see more courses from this teacher in the future.', 1646352833, 'active'),
(36, 996, 2010, NULL, 4, 4, 4, 4, '4', 'Perfect course.
I recommend this course to everyone.
Regards.', 1655875572, 'active'),
(37, 930, NULL, 1, 5, 5, 5, 5, '5', 'It was perfect. I learned all the key points of Office with this bundle.', 1656083380, 'active'),
(38, 995, 2007, NULL, 5, 5, 5, 5, '5', 'I recommend this course to everyone.', 1656103090, 'active'),
(39, 996, 2003, NULL, 5, 5, 5, 5, '5', 'It was a perfect course.
I recommend it to everyone.', 1656130561, 'active'),
(40, 979, NULL, 3, 5, 5, 5, 5, '5', 'I really enjoyed this course. The explanations were very detailed and clear. Nice job on the course! Also, lots of extra materials and bonus classes you can learn from too.', 1656139761, 'active'),
(41, 979, NULL, 2, 5, 5, 4, 5, '4.75', 'The course was great, nice explanation.', 1656139787, 'active');

INSERT INTO `cschool`.`webinar_translations` (`id`, `webinar_id`, `locale`, `title`, `seo_description`, `description`) VALUES 
(2, 1996, 'en', 'Learn Linux in 5 Days', 'Use the in-demand Linux skills you learn in this course to get promoted or start a new career as a Linux professional.', '<p>If you want to learn how to use Linux and level up your career but are pressed for time, read on. Hello. My name is Jason Cannon and I''m the author of Linux for Beginners as well as the founder of the Linux Training Academy. When I ask people to tell me what their biggest challenge is to learning Linux, they all say the same thing: Time.</p><p>That''s why I''ve created this course. Give me just 45 minutes a day for the next 5 days and I will teach you exactly what you need to know about the Linux operating system. You''ll learn the most important concepts and commands, and I''ll even guide you step-by-step through several practical and real-world examples.</p><p>So, if you can spare a few minutes a day and want to learn the ins-and-outs of the Linux Operating System, join me and the other students in this course today.</p><p>Free Bonus - How to Install WordPress on Your Very Own Linux System</p><p>As an added bonus for enrolling in the Learn Linux in 5 Days video training course, you''ll receive a step-by-step checklist and video that teaches you how to install WordPress on an Ubuntu Linux system. First, you''ll learn what software is required for WordPress to run on a Linux system. Next, you''ll be given the exact commands to type that install all the required software and WordPress.</p><p>You''ll learn how to install a web server, how to install a database server, how to create database users, and how to configure WordPress. Before you know it, you''ll have a fully functioning blog on your hands. This is a great way to put your new-found Linux skills to good use. Totally optional, but very cool: If you want to host your blog on the internet on your very own installation of Linux, I''ll show you were you can get hosting for just $5 a month.</p><p>____________________</p><p>Learn Linux in 5 Days doesn''t make any assumptions about your background or knowledge of Linux. You need no prior knowledge to benefit from this course. You will be guided step by step using a logical and systematic approach. As new concepts, commands, or jargon are encountered they are explained in plain language, making it easy for anyone to understand. Here is what you will learn by taking Learn Linux in 5 Days:</p><p><span style="white-space:pre">	</span>How to get access to a Linux server if you don''t already.</p><p><span style="white-space:pre">	</span>What a Linux distribution is and which one to choose.</p><p><span style="white-space:pre">	</span>What software is needed to connect to Linux from Mac and Windows computers.</p><p><span style="white-space:pre">	</span>What SSH is and how to use it.</p><p><span style="white-space:pre">	</span>The file system layout of Linux systems and where to find programs, configurations, and documentation.</p><p><span style="white-space:pre">	</span>The basic Linux commands you''ll use most often.</p><p><span style="white-space:pre">	</span>Creating, renaming, moving, and deleting directories.</p><p><span style="white-space:pre">	</span>Listing, reading, creating, editing, copying, and deleting files.</p><p><span style="white-space:pre">	</span>Exactly how permissions work and how to decipher the most cryptic Linux permissions with ease.</p><p><span style="white-space:pre">	</span>How to use the nano, vi, and emacs editors.</p><p><span style="white-space:pre">	</span>Two methods to search for files and directories.</p><p><span style="white-space:pre">	</span>How to compare the contents of files.</p><p><span style="white-space:pre">	</span>What pipes are, why they are useful, and how to use them.</p><p><span style="white-space:pre">	</span>How to compress files to save space and make transferring data easy.</p><p><span style="white-space:pre">	</span>How and why to redirect input and output from applications.</p><p><span style="white-space:pre">	</span>How to customize your shell prompt.</p><p><span style="white-space:pre">	</span>How to be efficient at the command line by using aliases, tab completion, and your shell history.</p><p><span style="white-space:pre">	</span>How to schedule and automate jobs using cron.</p><p><span style="white-space:pre">	</span>How to switch users and run processes as others.</p><p><span style="white-space:pre">	</span>How to find and install software.</p><p><span style="white-space:pre">	</span>Unconditional Udemy 30 day money-back guarantee - that''s my personal promise of your success!</p><p>What you learn in Learn Linux in 5 Days applies to any Linux environment including Ubuntu, Debian, Kali Linux, Linux Mint, RedHat, Fedora, OpenSUSE, Slackware, and more.</p><div><br></div>'),
(3, 1997, 'en', 'Learn Python Programming', 'Learn Python Programming the Easy Way, Complete with Examples, Quizzes, Exercises and more. Learn Python 2 and Python 3.', '<p>Whether you want to:</p><p>- build the skills you need to get your first Python programming job</p><p>- move to a more senior software developer position</p><p>- get started with Machine Learning, Data Science, Django or other hot areas that Python specialises in</p><p>- or just learn Python to be able to create your own Python apps quickly.</p><p>then you need a solid foundation in Python programming. And this course is designed to give you those core skills, fast.</p><p>This course is aimed at complete beginners who have never programmed before, as well as existing programmers who want to increase their career options by learning Python.</p><p>The fact is, Python is one of the most popular programming languages in the world  Huge companies like Google use it in mission critical applications like Google Search.</p><p>And Python is the number one language choice for machine learning, data science and artificial intelligence. To get those high paying jobs you need an expert knowledge of Python, and thats what you will get from this course.</p><p>By the end of the course youll be able to apply in confidence for Python programming jobs. And yes, this applies even if you have never programmed before. With the right skills which you will learn in this course, you can become employable and valuable in the eyes of future employers.</p><p>Heres what a few students have told us about the course after going through it.</p><p>I had very limited programming experience before I started this course, so I have really learned a lot from the first few sections. It has taken me from essentially zero programming skill to a level where I''m comfortable using Python to analyze data for my lab reports, and I''m not even halfway done the course yet. There are other courses out there which focus on data analysis, but those courses are usually targeted at people who already know how to program which is why I chose this course instead.   Christian DiMaria</p><p><br></p><p>I have been puttering through your Python course . In that time, though, and without finishing it yet I''ve been able to automate quite a bit at my work. I work in a school system and unifying data from our various student information systems can be incredibly frustrating, time consuming, and at times challenging. Using your course, I''ve learned enough to write applications that turn massive text files into dictionaries that get "stitched" together like a database and output to properly formatted CSV files and then uploaded via SFTP to various systems for secure processing. Our teachers, students, and the tech department have greatly benefitted from this automation. I just wanted to drop you a note thanking you for helping me learn this skill.  Keith Medlin</p><p><br></p><p>This course was great. Within 3 weeks I was able to write my own database related applications.  Theo Coenen</p><p><br></p><p>And there are many more students who love the course  check out all the reviews for yourself.</p><p>Will this course give you core python skills?</p><p>Yes it will. There are a range of exciting opportunities for Python developers. All of them require a solid understanding of Python, and thats what you will learn in this course.</p><p>Will the course teach me data science, machine learning and artificial intelligence?</p><p>No, it wont do that  All of these topics are branches of Python programming. And all of them require a solid understanding of the Python language.</p><p>Nearly all courses on these topics assume that you understand Python, and without it you will quickly become lost and confused.</p><p>This course will give you that core, solid understanding of the Python programming language.</p><p>By the end of the course you will be ready to apply for Python programming positions as well as move on to specific areas of Python, as listed above.</p><p>Why should you take this course?</p><p>There are a lot of Python courses on Udemy  Your instructors, Tim and Jean-Paul are pretty unique in that between them they have around 70 years of professional programming experience. Thats more than a lifetime of skills you get to learn Python from.</p><p>You can enrol in the course safe in the knowledge that they are not just teachers, but professional programmers with real commercial programming experience, having worked with big companies like IBM, Mitsubishi, Fujitsu and Saab in the past.</p><p>As such you will not only be learning Python, but you will be learning industry best practices for Python programming that real employers demand.</p><p>And if thats not enough take a read of some of the many reviews from happy students  there are around 100,000 students who have left around 19,000 reviews.</p><p>This is one of the most popular courses on Python programming on Udemy.</p><p>Student Quote: Tim and JP are excellent teachers and are constantly answering questions and surveying students on new topics they will like to learn. This isn''t a Python course its THE Python course you need.  Sean Burger</p><p>Ready to get started, developer?</p><p>Enrol now using the Add to Cart button on the right, and get started on your way to creative, advanced Python brilliance. Or, take this course for a free spin using the preview feature, so you know youre 100% certain this course is for you.</p><p>See you on the inside (hurry, your Python class is waiting!)</p><div><br></div>'),
(4, 1998, 'en', 'Excel from Beginner to Advanced', 'Excel with this A-Z Microsoft Excel Course', '<p>Microsoft Excel all in One Package</p><p>This Microsoft Excel course combines 4 different courses.</p><p><span style="white-space:pre">	</span>Microsoft Excel 101 - An Introduction to Excel</p><p><span style="white-space:pre">	</span>Microsoft Excel 102 - Intermediate Level Excel</p><p><span style="white-space:pre">	</span>Microsoft Excel 103 - Advanced Level Excel</p><p><span style="white-space:pre">	</span>Master Microsoft Excel Macros and VBA in 6 Simple Projects</p><p>Material recorded with Excel 2013 but works in 2010, 2013, 2016, 2019 (Office 365)</p><p>Recent Student Review</p><p><span style="white-space:pre">	</span>"You sir are a life saver. Not everyone has the ability to teach. Thank you so much for taking the time to put together an amazing course bro. If anyone doubts buying this course, don''t doubt it, buy it. I''ve learned so much in this course. Hope more courses are on the way because I''d buy every single one of them. Thanks again bro. God bless you and your family."</p><p><span style="white-space:pre">	</span>"Happy to say that I now "know" excel. I realize there is so much more to learn, but it''s a start! Thank you for being such a great instructor... now on to the next class."</p><p><span style="white-space:pre">	</span>"Thanks for a well made course. The progression of topics is well structured and the part about Macro and VBA was new for me. Excel is a really powerful tool and it is worth know all of its aspects. Kyle did a good job at explaining them."</p><p>Enroll now to go through a deep dive of the most popular spreadsheet tool on the market, Microsoft Excel. As your instructor I will use my 15+ years of Excel training to guide you step by step through the beginner to advanced level and beyond.</p><p>As you participate in each of the 4 courses you will master Excel tools that will clear away the pain of stumbling through your daily tasks. You will start with the basics, building a solid foundation that will give you further knowledge as you progress into intermediate and advanced level topics.</p><p>At completion of this course you will have mastered the most popular Excel tools and come out with confidence to complete any Excel tasks with efficiency and grace. Below are just a few of the topics that you will master:</p><p><span style="white-space:pre">	</span>Creating effective spreadsheets</p><p><span style="white-space:pre">	</span>Managing large sets of data</p><p><span style="white-space:pre">	</span>Mastering the use of some of Excel''s most popular and highly sought after functions (SUM, VLOOKUP, IF, AVERAGE, INDEX/MATCH and many more...)</p><p><span style="white-space:pre">	</span>Create dynamic report with Excel PivotTables</p><p><span style="white-space:pre">	</span>Unlock the power and versatility of Microsoft Excel''s Add-In, PowerPivot</p><p><span style="white-space:pre">	</span>Audit Excel Worksheet formulas to ensure clean formulas</p><p><span style="white-space:pre">	</span>Automate your day to day Excel tasks by mastering the power of Macros and VBA</p><p>So, what are you waiting for, enroll now and take the next step in mastering Excel and go from Excel Newb to Excel Guru!</p><div><br></div>'),
(5, 1999, 'en', 'How to Manage Your Virtual Team', 'Learn step-by-step tips that help you get things done with your virtual team by increasing trust and accountability', '<p>If you manage a <b><font color="#636363">virtual team</font></b> today, then you''ll probably continue to do so for the rest of your career.</p><p>If you don''t, then you probably will soon.</p><p>Learning how to manage people you don''t see face-to-face is an important skill that you need regardless of what industry you''re in. The coronavirus pandemic (COVID-19) has also accelerated the need for managing people who work from home, as telecommuting became the norm.</p><p>With "How to Manage & Influence Your Virtual Team" you will learn the psychological secrets of persuasion and communication that influence your virtual team members to do what you need them to do.</p><p>The course will also help you increase the level of trust and accountability among your team members while reducing the time you spend on frustrating meetings, useless technology tools, and back-and-forth emails.</p><p>At the end of each lecture in the course, you''ll get specific, actionable steps that you can implement immediately.</p><p>In addition, you''ll also get downloadable sample scripts and templates that you can simply copy & paste and use with your own virtual team.</p><p><br></p><p>The course contains the following sections:</p><ul><li><span style="white-space:pre">	</span>The Psychology of Communication in Virtual Teams: Psychological strategies to effectively communicate with your team and reduce ambiguity and miscommunication</li><li><span style="white-space:pre">	</span>Principles of Behavior Change: Four strategic principles that will change your team''s behavior to get things done</li><li><span style="white-space:pre">	</span>Tactics of Influence & Persuasion: Step-by-step tactics that influence your team members to do what you need them to do</li><li><span style="white-space:pre">	</span>Managing Virtual Meetings Effectively: How to have fewer meetings while increasing their effectiveness at the same time</li><li><span style="white-space:pre">	</span>Choosing and Evaluating the Right Technology: A simple framework to choose and evaluate the right technology tools to use with your virtual teams</li><li><span style="white-space:pre">	</span>Building Trust in Virtual Environments: A methodical blueprint to increase the level of trust among your virtual team</li><li><span style="white-space:pre">	</span>Killer Email and Phone Techniques: Powerful email and phone techniques that you can use to influence your virtual team members</li></ul><p><br></p><p>What is different about this course?</p><p>There are many courses on managing virtual teams. Here are three reasons why this one is different</p><p><br></p><p>Reason #1: Tactics, not just strategies</p><p>Most courses about virtual teams focus on high-level strategies and theories.</p><p>Very few actually give you the tactics that you need to implement those strategies.</p><p>In this course, I''ll show you how to apply the management tactics to your own situation. You''ll get step-by-step techniques and scripts that will save you a lot of time in managing your virtual team.</p><p>In other words, you will get answers to both those questions:</p><p> -What do I need to do?</p><p> -How do I do it?</p><p>Moreover, every video also has a Summary of Actions" slide at the end that summarizes the course lecture for you, and tells you exactly what you need to do as a next step. Basically, you''ll learn everything about virtual team management in simple steps.</p><p><br></p><p>Reason #2: Proven Science-based Research</p><p>For the course, I did a ton of science-based research about powerful psychological and productivity studies in the areas of influence and management.</p><p>Some of the research references include studies from the Harvard Business School, Kelley School of Business, and McKinsey Global Institute.</p><p>I also reference studies from international bestselling books such as Influence: The Science of Persuasion," Made to Stick," and The Tipping Point," among others.</p><p>I''ve tested the findings from those references myself and selected what works and what doesn''t in virtual teams.</p><p>So you will get the absolute best of the best concepts that work for you and your team.</p><p><br></p><p>Reason #3: Practical insights that work (not just theory)</p><p>I''ve been managing virtual teams for over 15 years, both as an entrepreneur and as a program manager.</p><p>In fact, I still work as a remote leader, and my full-time job is to manage virtual teams across the world to deliver highly complex projects (note: I work for Cisco Systems, but all views are my own and not those of Cisco).</p><p>Unlike most courses that are taught by professors who have studied this space from a purely theoretical view, you''ll be getting a unique perspective on how to manage people remotely from someone who does this for a living.</p><p><br></p><p>In short, the course will help you:</p><p><span style="white-space:pre">	</span>Communicate more effectively and build trust with your team</p><p><span style="white-space:pre">	</span>Stop worrying about being caught up in pointless day-to-day details</p><p><span style="white-space:pre">	</span>Save valuable time spent on useless meetings and back & forth emails</p><p><span style="white-space:pre">	</span>Choose the right technology tools and techniques for effective team collaboration</p><p><span style="white-space:pre">	</span>Influence your team to be accountable for getting tasks accomplished</p><p><br></p><p>NOTE for Project Management Professional (PMP) certification holders</p><p>This course qualifies for 3 Professional Development Units (PDUs) under the Project Management Institute''s (PMI''s) "Education" requirement. After you''re done with the course, you will get a "Certificate of Completion" from Udemy, which you can use as evidence for PMI. All 3 hours can be claimed under the "Leadership" category.</p><div><br></div>'),
(6, 2000, 'en', 'Effective Time Management', 'How Entrepreneurs and Small Business Owners can Get 10X More Done in Half of the Time', '<p style="font-size: 14px; max-width: 118.4rem; color: rgb(60, 59, 55); font-family: "sf pro text", -apple-system, BlinkMacSystemFont, Roboto, "segoe ui", Helvetica, Arial, sans-serif, "apple color emoji", "segoe ui emoji", "segoe ui symbol";">If you have ever taken a time management course, you''ve probably faced the frustration of trying to manage your time better and not succeeding.</p><p style="margin-top: 0.8rem; font-size: 14px; max-width: 118.4rem; color: rgb(60, 59, 55); font-family: "sf pro text", -apple-system, BlinkMacSystemFont, Roboto, "segoe ui", Helvetica, Arial, sans-serif, "apple color emoji", "segoe ui emoji", "segoe ui symbol";">This is because<strong style="margin: 0px; padding: 0px;">time management is a Myth.</strong></p><p style="margin-top: 0.8rem; font-size: 14px; max-width: 118.4rem; color: rgb(60, 59, 55); font-family: "sf pro text", -apple-system, BlinkMacSystemFont, Roboto, "segoe ui", Helvetica, Arial, sans-serif, "apple color emoji", "segoe ui emoji", "segoe ui symbol";">What this course will teach you, is the concept of<strong style="margin: 0px; padding: 0px;">"Task Management."</strong>In other words, it will teach you how to<strong style="margin: 0px; padding: 0px;">accomplish more high value tasks</strong>, so that you<strong style="margin: 0px; padding: 0px;">get a 10X greater return for all of the work you put in every hour.</strong></p><p style="margin-top: 0.8rem; font-size: 14px; max-width: 118.4rem; color: rgb(60, 59, 55); font-family: "sf pro text", -apple-system, BlinkMacSystemFont, Roboto, "segoe ui", Helvetica, Arial, sans-serif, "apple color emoji", "segoe ui emoji", "segoe ui symbol";">Using the principles of the<strong style="margin: 0px; padding: 0px;">20/80 Rule and Parkinson''s law,</strong>you will learn how to increase the value of the things you do within your limited time, so that you can have as much as<strong style="margin: 0px; padding: 0px;">200X greater impact from what you do.</strong></p>'),
(7, 2001, 'en', 'Learn and Understand AngularJS', 'Master AngularJS and the Javascript concepts behind it, design custom directives, and build a single page application.', '<p>Angular is a TypeScript-based free and open-source web application framework led by the Angular Team at Google and by a community of individuals and corporations. Angular is a complete rewrite from the same team that built AngularJS.</p><p><br></p><p>Angular is used as the frontend of the MEAN stack, consisting of MongoDB database, Express.js web application server framework, Angular itself (or AngularJS), and Node.js server runtime environment.</p><p>Knowing <b>AngularJS</b>can get you a job or improve the one you have. It''s a skill that will put you more in demand in the modern web development industry, and make your web software life easier, that''s why it''s so popular and backed by Google.</p><p><br></p><p>This course will get you up and running quickly, and teach you the core knowledge you need to deeply understand and build AngularJS applications - and we''ll build a single page application along the way.</p><p><br></p><p>We''ll design custom services, build custom directives, understand two-way binding, design a weather forecast app as a single page application, and lots more. Both starter and finished source code is provided as we go.</p><p><br></p>'),
(8, 2002, 'en', 'Health And Fitness Masterclass', 'Everything In 1 Course: The Right Diet, Workout, Meal Plan, Exercise Motivation, Nutrition, Cardio, Home Workout', '<p>Hi, I''m Jessica fitness and dieting coach and amazon best selling author. My "Health & Fitness Masterclass" is designed for anyone who wants to boost their fitness, no matter if you''re a beginner, athlete or simply want to live a healthier life.</p><p><br></p><p>This course is not some random program that makes outragous promises and keeps none. Instead I will teach you everything you need to know about the three most important ascpect of fitness: the right diet, the right exercises and the right mindset.</p><p><br></p><p>Unfortunately, the internet is full of false fitness gurus that sell you all kinds of workouts plans and gimmicks that are overpriced and don''t work. This is why I wanted to create an video course that not only debunks the most common fitness myths but also teaches everything you need to know to reach your goals, be it to lose fat, build muscle or simply live a healthier life.</p><p><br></p><p>All In All The Program Includes Over 60 Lessons On Fitness And Nutrition</p><p><br></p><p>So If You Want To Boost Your Fitness, Feel More Energized And Live A Healthier Life, This Is The Right Course For You</p><p><br></p><p>Learn about proper nutrition, meal planning, healthy eating and a healthy lifestyle. Better meal planning and healthy cooking will help with weight loss, building muscle and overall well being.</p>'),
(9, 2003, 'en', 'Active Listening: You Can Be a Great Listener', 'Improve your reactive habits, define your listening mindset, amplify your curiosity, & add value as a great listener', '<p>Most of us want to get better at talking. But the REAL power tool for influencing others, leading, collaborating, having an impact, and being an an-all-around-better person is Active Listening. While regular listening can look like being blank and silent, Active Listening is engaged, creative, and responsive.</p><p><br></p><p>In this course, you will gain both the internal awareness and external skill-set that are the foundation of Active Listening. You will be able to have far more satisfying, interesting, successful conversations.</p><p><br></p><p>I created this practical Udemy course for you--filled with my unique insights from starting out as a terrible listener to now being a professional listener, a Master Certified Coach. Ive been teaching people how to listen actively for twenty years now and these skills are both learnable and priceless. My course is packed with real-world examples that demystify and simplify what to pay attention to so you can be a great listener.</p>'),
(10, 2004, 'en', 'The Future of Energy', 'The Bigger Picture: The Probable Future of Energy', '<p>This course is designed to start you on a new career path towards becoming an Energy Futurist or just out of interest. <b>Energy Futurists</b> earn huge amounts of money as advisors to government, businesses and in-house, using their skills to wisely invest in the future. You don''t need to do the course on financials or on Micro-renewable energy but they will help you a little.</p><p><br></p><p>This course will solve you several problems in one go: you will know what is viable and what is not on a grander, strategic level, but you will also gain knowledge of many measurements and indicators that are not taught in physics, economics courses or in college or university. This will mean you can stand out from the crowd, with secret knowledge known only to a few Energy Futurists.</p><p><br></p><p>Do you have a curiosity about the future? Are you interested in shaping the future long into the second half of the 21st century?</p><p><br></p><p>If you are you might be ready to become and Energy Futurist? Energy Futurists are specialist that every business should have. They can earn a lot of money, but often the courses they go on never actually tell them what they need to know. They are confined by the need to calculate carbon emissions from their business; or sold an idea that there is nothing we can do about the future. This course however helps you to become a real Energy Futurist with potential of better earnings via writing and blogging about the future of energy.</p><p><br></p><p>This course will teach you the probably future of energy. We consider the evidence of resource depletion; potential solutions, challenges we face in implementing the solutions; and outline 3 possible energy economies, that will be mixed together to hopefully solve the loss of economically available fossil fuels.</p>'),
(11, 2005, 'en', 'Web Design for Beginners', 'Launch a career as a web designer by learning HTML5, CSS3, responsive design, Sass and more!', '<p>You can launch a new career in web development today by learning HTML & CSS. You don''t need a computer science degree or expensive software. All you need is a computer, a bit of time, a lot of determination, and a teacher you trust. I''ve taught HTML and CSS to countless coworkers and held training sessions for fortune 100 companies. I am that teacher you can trust.</p><p><br></p><p>Don''t limit yourself by creating websites with some cheesy site-builder" tool. This course teaches you how to take 100% control over your webpages by using the same concepts that every professional website is created with.</p><p><br></p><p>This course does not assume any prior experience. We start at square one and learn together bit by bit. By the end of the course you will have created (by hand) a website that looks great on phones, tablets, laptops, and desktops alike.</p><p><br></p><p>In the summer of 2020 the course has received a new section where we push our website live up onto the web using the free GitHub Pages service; this means you''ll be able to share a link to what you''ve created with your friends, family, colleagues and the world!</p>'),
(12, 2006, 'en', 'How to Travel Around the World', 'The Most Complete and Updated Travel Course! Get the Best Travel Tips to Plan your World Trip without breaking the bank!', '<p>Do you want to know how to travel on a budget? Do you think you don''t have enough money to start your journey?</p><p><br></p><p>I''m not a content creator making a travel course, I''m a die-hard traveler, using my spare time this year to help and inspire others to set on a trip abroad. I genuinely want my course to let students realize their dreams.</p><p><br></p><p>In this Course I will teach you everything you need to know to plan your round-the-world trip. You''ll learn how to stay safe and healthy during your travels while being able to reduce your expenses concerning accommodation, food, transportation and activities.</p><p><br></p><p>After following this course, I can guarantee you will be able to travel the world on anywhere between 1 and 50$ a day, depending on how adventurous you are!</p><p><br></p><p>This course is suitable for any traveler, no matter how much you have traveled before. You''ll learn tips and ideas I guarantee you have never seen before anywhere else!</p><p><br></p><p>Ready to get started?</p><p><br></p><p>Enroll Now and get immediate access to all the features of this course and my personal feedback.</p><p><br></p><p>I''ll see you in the course,</p>'),
(13, 2007, 'en', 'Travel Management Course', '#1 Travel Management Course in the Industry .All you need to know to step into the Travel & Tourism Sector.', '<p><b>COURSE DESCRIPTION</b></p><p><br></p><p>The course content is uniquely customized in a way to give each student who participates in this course the best skill orientation and the basic knowledge required to enter the travel and tourism industry. The course is detailed in a way to give the student the best including the skills required.</p><p><br></p><p>Subjects like Basic elements of Travel Geography, World Time ( GMT, International Date Line, Elapsed Time ) and Maps are introduced in e-learning. Also, a look into the documents required like the Passport, Visas and Insurance are also discussed. Departure and Arrival Formalities, Basic Planning of a Holiday are taught. The importance of the technology (CRS) with an introduction to Fares/ E-tickets are also being introduced.</p><p><br></p><p>Two skill-based courses are also included.</p><p><br></p><p>By learning this course you can step into and be a part of the tourism industry which not only generates revenues for a country and cultural wealth, but it is also one of the most important economic engines for growth and development.</p><p><br></p><p><b>Career options :</b></p><p><br></p><p>Students have endless career opportunities in the fastest growing industry of travel and tourism.Few of the career options are working in travel agencies, Customer Ground Handling (customer service) at international or domestic airports, tour operator, event manager, ticketing officer, an adventure tourism expert, transport officer, holiday consultant, logistics, cruises, airlines, hotels, and tourism departments in government and private sectors.</p><p><br></p><p><b>Payment:</b></p><p><br></p><p>Salary is pretty good in the travel and tourism industry. Moreover, you get added perks such as free travel or reduced rates for you and your family. Salaries are higher in foreign-based airlines or travel agencies. Peak seasons might bring added bonuses and commission.</p><p><br></p><p><b>CERTIFICATION</b></p><p><br></p><p>Issued and attested by a professional trainer of over 33 years of experience in the travel and tourism industry.</p>'),
(14, 2007, 'es', 'Curso de gestin de viajes', 'Curso de gestin de viajes n.o 1 en la industria. Todo lo que necesita saber para ingresar al sector de viajes y turismo.', '<p>DESCRIPCIN DEL CURSO</p><p>El contenido del curso se personaliza de manera nica para brindar a cada estudiante que participa en este curso la mejor orientacin en habilidades y los conocimientos bsicos necesarios para ingresar a la industria de viajes y turismo. El curso est detallado de manera que le brinde al estudiante lo mejor, incluidas las habilidades requeridas.</p><p>Temas como elementos bsicos de geografa de viajes, hora mundial (GMT, lnea de fecha internacional, tiempo transcurrido) y mapas se introducen en el aprendizaje electrnico. Adems, tambin se analizan los documentos requeridos, como el pasaporte, las visas y el seguro. Se ensean las formalidades de salida y llegada, la planificacin bsica de unas vacaciones. Tambin se est introduciendo la importancia de la tecnologa (CRS) con una introduccin a las tarifas / billetes electrnicos.</p><p>Tambin se incluyen dos cursos basados en habilidades.</p><p><br></p><p>Al aprender este curso, puede ingresar y ser parte de la industria del turismo, que no solo genera ingresos para un pas y riqueza cultural, sino que tambin es uno de los motores econmicos ms importantes para el crecimiento y el desarrollo.</p><p>Opciones de carrera :</p><p>Los estudiantes tienen un sinfn de oportunidades profesionales en la industria de viajes y turismo de ms rpido crecimiento. Pocas de las opciones profesionales estn trabajando en agencias de viajes, Customer Ground Handling (servicio al cliente) en aeropuertos internacionales o nacionales, tour operador, gerente de eventos, oficial de venta de boletos, un experto en turismo de aventura, oficial de transporte, consultor de vacaciones, logstica, cruceros, aerolneas, hoteles y departamentos de turismo en los sectores pblico y privado.</p><p>Pago:</p><p>El salario es bastante bueno en la industria de viajes y turismo. Adems, obtiene beneficios adicionales, como viajes gratis o tarifas reducidas para usted y su familia. Los salarios son ms altos en las aerolneas o agencias de viajes con base en el extranjero. Las temporadas altas pueden traer bonificaciones y comisiones adicionales.</p><p>CERTIFICACIN</p><p>Emitido y certificado por un formador profesional con ms de 33 aos de experiencia en la industria de viajes y turismo.</p>'),
(15, 2006, 'es', 'Cmo viajar por el mundo', 'El curso de viaje ms completo y actualizado! Obtenga los mejores consejos de viaje para planificar su viaje mundial sin gastar mucho dinero.', '<p>Quieres saber cmo viajar con un presupuesto limitado? Crees que no tienes suficiente dinero para comenzar tu viaje?</p><p>No soy un creador de contenido que hace un curso de viaje, soy un viajero empedernido, que uso mi tiempo libre este ao para ayudar e inspirar a otros a emprender un viaje al extranjero. Realmente quiero que mi curso permita a los estudiantes realizar sus sueos.</p><p>En este curso te ensear todo lo que necesitas saber para planificar tu viaje alrededor del mundo. Aprender cmo mantenerse seguro y saludable durante sus viajes mientras puede reducir sus gastos de alojamiento, comida, transporte y actividades.</p><p>Despus de seguir este curso, puedo garantizar que podrs viajar por el mundo entre 1 y 50 $ al da, dependiendo de lo aventurero que seas!</p><p>Este curso es adecuado para cualquier viajero, sin importar cunto haya viajado antes. Aprenders consejos e ideas que te garantizo que nunca antes has visto en ningn otro lugar!</p><p>Listo para comenzar?</p><p>Inscrbase ahora y obtenga acceso inmediato a todas las funciones de este curso y a mis comentarios personales.</p><p>Te ver en el curso,</p>'),
(16, 2006, 'ar', '   ', '    !           !', '<p>                  </p><p><br></p><p>                        .         .</p><p><br></p><p>               .                   .</p><p><br></p><p>                   1  50          !</p><p><br></p><p>        .              !</p><p><br></p><p><b>  </b></p><p><br></p><p>            .</p><p><br></p><p>   </p>'),
(17, 2005, 'ar', '  ', '        HTML5  CSS3     Sass !', '<p>           HTML &amp; CSS.            .                  .    HTML  CSS           Fortune 100.       .</p><p><br></p><p>         "  " .        100                .</p><p><br></p><p>      .        .         ()                 .</p><p><br></p><p>  2020                 GitHub                 !</p>'),
(18, 2005, 'es', 'Diseo web para principiantes', 'Inicie una carrera como diseador web aprendiendo HTML5, CSS3, diseo receptivo, Sass y ms!', '<p>Puede iniciar una nueva carrera en el desarrollo web hoy mismo aprendiendo HTML y CSS. No necesitas un ttulo en informtica ni un software caro. Todo lo que necesitas es una computadora, un poco de tiempo, mucha determinacin y un maestro en quien confes. He enseado HTML y CSS a innumerables compaeros de trabajo y he realizado sesiones de formacin para empresas de Fortune 100. Soy ese maestro en el que puedes confiar.</p><p>No se limite a crear sitios web con alguna herramienta cursi de "constructor de sitios". Este curso le ensea cmo tomar el 100% de control sobre sus pginas web utilizando los mismos conceptos con los que se crean todos los sitios web profesionales.</p><p>Este curso no asume ninguna experiencia previa. Comenzamos en el punto de partida y aprendemos juntos poco a poco. Al final del curso, habr creado (a mano) un sitio web que se ve muy bien en telfonos, tabletas, computadoras porttiles y computadoras de escritorio por igual.</p><p>En el verano de 2020, el curso recibi una nueva seccin en la que colocamos nuestro sitio web en vivo en la web utilizando el servicio gratuito de pginas de GitHub; esto significa que podr compartir un enlace a lo que ha creado con sus amigos, familiares, colegas y el mundo.</p>'),
(19, 2004, 'es', 'El futuro de la energa', 'El panorama ms amplio: el futuro probable de la energa', '<p>Este curso est diseado para comenzar en una nueva carrera profesional para convertirse en un futurista energtico o simplemente por inters. Los futuristas de la energa ganan enormes cantidades de dinero como asesores del gobierno, las empresas y dentro de la empresa, utilizando sus habilidades para invertir sabiamente en el futuro. No es necesario que hagas el curso de finanzas o de micro energas renovables pero te ayudarn un poco.</p><p>Este curso le resolver varios problemas de una sola vez: sabr qu es viable y qu no en un nivel estratgico ms amplio, pero tambin obtendr conocimiento de muchas medidas e indicadores que no se ensean en los cursos de fsica, economa o en colegio o universidad. Esto significar que puede destacarse entre la multitud, con un conocimiento secreto conocido solo por unos pocos futuristas de la energa.</p><p>Tienes curiosidad por el futuro? Est interesado en dar forma al futuro en la segunda mitad del siglo XXI?</p><p>Si es as, podra estar listo para convertirse en un futurista energtico? Los futuristas de la energa son especialistas que toda empresa debera tener. Pueden ganar mucho dinero, pero a menudo los cursos a los que asisten nunca les dicen lo que necesitan saber. Estn limitados por la necesidad de calcular las emisiones de carbono de su negocio; o vend una idea de que no hay nada que podamos hacer sobre el futuro. Sin embargo, este curso lo ayuda a convertirse en un verdadero futurista de la energa con el potencial de obtener mejores ganancias escribiendo y escribiendo en blogs sobre el futuro de la energa.</p><p>Este curso le ensear el futuro probable de la energa. Consideramos la evidencia del agotamiento de los recursos; posibles soluciones, desafos que enfrentamos en la implementacin de las soluciones; y delinear 3 posibles economas energticas, que se combinarn para resolver, con suerte, la prdida de combustibles fsiles econmicamente disponibles.</p>'),
(20, 2004, 'ar', ' ', ' :   ', '<p>                  .                     .                .</p><p><br></p><p>        :                                   .                   .</p><p><br></p><p>                </p><p><br></p><p>              .                        .                     .                        .</p><p><br></p><p>      .                  3                 .</p>'),
(21, 1999, 'ar', '     ', '                ', '<p style="text-align: right; ">                .</p><p style="text-align: right; ">          .</p><p style="text-align: right; ">                    .      (COVID-19)                   .</p><p style="text-align: right; ">  "     "                 .</p><p style="text-align: right; ">                            .</p><p style="text-align: right; ">                .</p><p style="text-align: right; ">                   .</p><p style="text-align: right; ">    :</p><p style="text-align: right; "><br></p><p style="text-align: right; ">     :          </p><p style="text-align: right; ">   :        </p><p style="text-align: right; ">   :             </p><p style="text-align: right; ">     :          </p><p style="text-align: right; ">    :            </p><p style="text-align: right; ">     :        </p><p style="text-align: right; ">     :             </p><p style="text-align: right; "><br></p><p style="text-align: right; "><br></p><p style="text-align: right; ">     </p><p style="text-align: right; "><br></p><p style="text-align: right; ">        .      </p><p style="text-align: right; "><br></p><p style="text-align: right; "><br></p><p style="text-align: right; "><br></p><p style="text-align: right; "> :    </p><p style="text-align: right; "><br></p><p style="text-align: right; ">           .</p><p style="text-align: right; "><br></p><p style="text-align: right; ">          .</p><p style="text-align: right; "><br></p><p style="text-align: right; ">            .               .</p><p style="text-align: right; "><br></p><p style="text-align: right; ">         :</p><p style="text-align: right; "><br></p><p style="text-align: right; ">&nbsp; -    </p><p style="text-align: right; "><br></p><p style="text-align: right; ">&nbsp; - </p><p style="text-align: right; "><br></p><p style="text-align: right; ">           " "                .             .</p>'),
(22, 1999, 'es', 'Cmo administrar e influir en su equipo virtual', 'Aprenda consejos paso a paso que lo ayudarn a hacer las cosas con su equipo virtual al aumentar la confianza y la responsabilidad.', '<p>Si administra un equipo virtual hoy, probablemente continuar hacindolo durante el resto de su carrera.</p><p>Si no lo hace, probablemente lo har pronto.</p><p>Aprender a manejar personas que no ve cara a cara es una habilidad importante que necesita independientemente de la industria en la que se encuentre. La pandemia de coronavirus (COVID-19) tambin ha acelerado la necesidad de administrar personas que trabajan desde casa, ya que el teletrabajo se convirti en la norma.</p><p>Con "Cmo administrar e influir en su equipo virtual", aprender los secretos psicolgicos de la persuasin y la comunicacin que influyen en los miembros de su equipo virtual para que hagan lo que usted necesita.</p><p>El curso tambin lo ayudar a aumentar el nivel de confianza y responsabilidad entre los miembros de su equipo mientras reduce el tiempo que dedica a reuniones frustrantes, herramientas tecnolgicas intiles y correos electrnicos de ida y vuelta.</p><p>Al final de cada conferencia del curso, obtendr pasos especficos y prcticos que puede implementar de inmediato.</p><p>Adems, tambin obtendr scripts y plantillas de muestra descargables que puede simplemente copiar, pegar y usar con su propio equipo virtual.</p><p>El curso contiene las siguientes secciones:</p><p> La psicologa de la comunicacin en equipos virtuales: estrategias psicolgicas para comunicarse eficazmente con su equipo y reducir la ambigedad y la falta de comunicacin</p><p> Principios de cambio de comportamiento: cuatro principios estratgicos que cambiarn el comportamiento de su equipo para hacer las cosas.</p><p> Tcticas de influencia y persuasin: tcticas paso a paso que influyen en los miembros de su equipo para hacer lo que necesita que hagan.</p><p> Gestionar reuniones virtuales de forma eficaz: cmo tener menos reuniones y, al mismo tiempo, aumentar su eficacia.</p><p> Eleccin y evaluacin de la tecnologa adecuada: un marco simple para elegir y evaluar las herramientas tecnolgicas adecuadas para usar con sus equipos virtuales.</p><p> Generar confianza en entornos virtuales: un plan metdico para aumentar el nivel de confianza entre su equipo virtual</p><p> Tcnicas asesinas de correo electrnico y telfono: potentes tcnicas de correo electrnico y telfono que puede utilizar para influir en los miembros de su equipo virtual</p><p>Qu tiene de diferente este curso?</p><p>Hay muchos cursos sobre la gestin de equipos virtuales. Aqu hay tres razones por las que esta es diferente.</p><p><br></p><p>Razn n.  1: tcticas, no solo estrategias</p><p>La mayora de los cursos sobre equipos virtuales se centran en estrategias y teoras de alto nivel.</p><p>Muy pocos realmente le brindan las tcticas que necesita para implementar esas estrategias.</p><p>En este curso, le mostrar cmo aplicar las tcticas de gestin a su propia situacin. Obtendr tcnicas y scripts paso a paso que le ahorrarn mucho tiempo en la gestin de su equipo virtual.</p><p>En otras palabras, obtendr respuestas a ambas preguntas:</p><p>&nbsp; -Que necesito hacer?</p><p>&nbsp; -Cmo lo hago?</p><p><br></p><p>Adems, cada video tambin tiene una diapositiva de "Resumen de acciones" al final que resume la conferencia del curso para usted y le dice exactamente lo que debe hacer como siguiente paso. Bsicamente, aprender todo sobre la administracin de equipos virtuales en pasos sencillos.</p>'),
(25, 2003, 'ar', ' :     ', '                 ', '<p style="text-align: right; ">     .                        .                  .</p><p style="text-align: right; "><br></p><p style="text-align: right; ">                .         .</p><p style="text-align: right; "><br></p><p style="text-align: right; ">   Udemy     -                .                   .                     .</p>'),
(26, 2003, 'es', 'Escucha activa: puedes ser un gran oyente', 'Mejore sus hbitos reactivos, defina su mentalidad de escucha, amplifique su curiosidad y agregue valor como un gran oyente', '<p>La mayora de nosotros queremos mejorar al hablar. Pero la verdadera herramienta poderosa para influir en los dems, liderar, colaborar, tener un impacto y ser una persona mejor en todos los aspectos es la escucha activa. Si bien la escucha regular puede parecer en blanco y en silencio, la escucha activa es comprometida, creativa y receptiva.</p><p>En este curso, obtendr tanto la conciencia interna como el conjunto de habilidades externas que son la base de la escucha activa. Podr tener conversaciones mucho ms satisfactorias, interesantes y exitosas.</p><p>Cre este curso prctico de Udemy para ti, lleno de mis conocimientos nicos desde que comenc como un oyente terrible hasta que ahora soy un oyente profesional, un Master Certified Coach. He estado enseando a la gente a escuchar activamente durante veinte aos y estas habilidades se pueden aprender y no tienen precio. Mi curso est repleto de ejemplos del mundo real que desmitifican y simplifican a qu prestar atencin para que pueda ser un gran oyente.</p>'),
(27, 2002, 'es', 'Masterclass de salud y fitness', 'Todo en 1 curso: la dieta adecuada, entrenamiento, plan de comidas, motivacin para el ejercicio, nutricin, cardio, entrenamiento en casa', '<p>Hola, soy Jessica, entrenadora de fitness y dietas, y autora de best sellers de Amazon. Mi "Clase magistral de salud y estado fsico" est diseada para cualquier persona que quiera mejorar su estado fsico, sin importar si es un principiante, un atleta o simplemente quiere vivir una vida ms saludable.</p><p>Este curso no es un programa aleatorio que hace promesas escandalosas y no cumple ninguna. En su lugar, le ensear todo lo que necesita saber sobre los tres aspectos ms importantes del fitness: la dieta adecuada, los ejercicios adecuados y la mentalidad adecuada.</p><p>Desafortunadamente, Internet est lleno de falsos gurs del fitness que te venden todo tipo de planes de entrenamiento y trucos que son demasiado caros y no funcionan. Es por eso que quera crear un curso en video que no solo desacredite los mitos ms comunes del fitness, sino que tambin ensee todo lo que necesita saber para alcanzar sus objetivos, ya sea para perder grasa, desarrollar msculo o simplemente vivir una vida ms saludable.</p><p>En general, el programa incluye ms de 60 lecciones sobre fitness y nutricin</p><p>Entonces, si desea mejorar su estado fsico, sentirse con ms energa y vivir una vida ms saludable, este es el camino correcto para usted.</p><p><br></p><p><br></p><p>Aprenda sobre nutricin adecuada, planificacin de comidas, alimentacin saludable y estilo de vida saludable. Una mejor planificacin de las comidas y una cocina saludable ayudarn a perder peso, desarrollar msculos y bienestar general.</p>'),
(28, 2002, 'ar', '     ', '    :                  ', '<p style="text-align: right; ">             .  "   "                         .</p><p style="text-align: right; "><br></p><p style="text-align: right; ">            .               :        .</p><p style="text-align: right; ">                      .                                        .</p><p style="text-align: right; ">        60     </p><p style="text-align: right; ">                     </p><p style="text-align: right; ">          .              .</p>'),
(29, 2001, 'ar', '  AngularJS', 'Master AngularJS  Javascript          .', '<p style="text-align: right; ">Angular           TypeScript   Angular  Google    . Angular          AngularJS.</p><p style="text-align: right; "><br></p><p style="text-align: right; ">  Angular    MEAN       MongoDB       Express.js   Angular  ( AngularJS)     Node.js.</p><p style="text-align: right; ">     AngularJS      .                        Google.</p><p style="text-align: right; "><br></p><p style="text-align: right; ">                AngularJS  -        .</p><p style="text-align: right; "><br></p><p style="text-align: right; ">                        .          .</p>'),
(30, 2001, 'es', 'Aprenda y comprenda AngularJS', 'Domine AngularJS y los conceptos de Javascript detrs de l, disee directivas personalizadas y cree una aplicacin de una sola pgina.', '<p>Angular es un marco de aplicacin web gratuito y de cdigo abierto basado en TypeScript dirigido por el equipo de Angular en Google y por una comunidad de individuos y corporaciones. Angular es una reescritura completa del mismo equipo que construy AngularJS.</p><p>Angular se utiliza como la interfaz de la pila MEAN, que consta de la base de datos MongoDB, el marco del servidor de aplicaciones web Express.js, el propio Angular (o AngularJS) y el entorno de tiempo de ejecucin del servidor Node.js.</p><p>Conocer AngularJS puede conseguirle un trabajo o mejorar el que tiene. Es una habilidad que aumentar su demanda en la industria del desarrollo web moderno y facilitar la vida de su software web, por eso es tan popular y cuenta con el respaldo de Google.</p><p>Este curso lo pondr en funcionamiento rpidamente y le ensear el conocimiento bsico que necesita para comprender y construir aplicaciones AngularJS en profundidad, y construiremos una aplicacin de una sola pgina a lo largo del camino.</p><p>Disearemos servicios personalizados, crearemos directivas personalizadas, comprenderemos el enlace bidireccional, disearemos una aplicacin de pronstico del tiempo como una aplicacin de una sola pgina y mucho ms. Tanto el cdigo fuente inicial como el final se proporcionan a medida que avanzamos.</p>'),
(31, 2000, 'es', 'Gestin eficaz del tiempo', 'Cmo los empresarios y los propietarios de pequeas empresas pueden hacer 10 veces ms en la mitad del tiempo', '<p>Si alguna vez ha tomado un curso de administracin del tiempo, probablemente se haya enfrentado a la frustracin de tratar de administrar mejor su tiempo y no tener xito.</p><p>Esto se debe a que la gestin del tiempo es un mito.</p><p>Lo que este curso le ensear es el concepto de "Gestin de tareas". En otras palabras, le ensear cmo realizar tareas de mayor valor, de modo que obtenga un rendimiento 10 veces mayor por todo el trabajo que realiza cada hora.</p><p>Usando los principios de la regla 20/80 y la ley de Parkinson, aprender cmo aumentar el valor de las cosas que hace dentro de su tiempo limitado, de modo que pueda tener un impacto hasta 200 veces mayor de lo que hace.</p>'),
(32, 2000, 'ar', '  ', '        10    ', '<p style="text-align: right; ">                      .</p><p style="text-align: right; ">     .</p><p style="text-align: right; ">       " ".                             .</p><p style="text-align: right; ">   20/80                         200   .</p>'),
(33, 1998, 'ar', '     ', '        ', '<p style="text-align: right; ">     </p><p style="text-align: right; "><br></p><p style="text-align: right; ">  Microsoft Excel   4  .</p><p style="text-align: right; "><br></p><p style="text-align: right; "> Microsoft Excel 101 -   Excel</p><p style="text-align: right; "><br></p><p style="text-align: right; "> Microsoft Excel 102 -   Excel</p><p style="text-align: right; "><br></p><p style="text-align: right; "> Microsoft Excel 103 -   Excel</p><p style="text-align: right; "><br></p><p style="text-align: right; ">  Microsoft Excel Macros  VBA  6  </p><p style="text-align: right; "><br></p><p style="text-align: right; ">   Excel 2013    2010  2013  2016  2019 (Office 365)</p><p style="text-align: right; ">  </p><p style="text-align: right; "><br></p><p style="text-align: right; "> "    .       .             .                .       .               .     .    . "</p><p style="text-align: right; "><br></p><p style="text-align: right; "> ""      "" .        !      ...    . "</p><p style="text-align: right; "><br></p><p style="text-align: right; "> "        .           Macro  VBA   .  Excel       .   Kyle      ".</p><p style="text-align: right; "><br></p><p style="text-align: right; ">           Microsoft Excel.       Excel  15              .</p><p style="text-align: right; "><br></p><p style="text-align: right; ">           Excel       .                 .</p><p style="text-align: right; "><br></p><p style="text-align: right; ">            Excel       Excel  .        :</p><p style="text-align: right; "><br></p><p style="text-align: right; ">    </p><p style="text-align: right; "><br></p><p style="text-align: right; ">     </p><p style="text-align: right; "><br></p><p style="text-align: right; ">     Excel     (SUM  VLOOKUP  IF  AVERAGE  INDEX / MATCH   ...)</p><p style="text-align: right; ">     Excel PivotTables</p><p style="text-align: right; ">        Microsoft Excel  PowerPivot</p><p style="text-align: right; ">     Excel   </p><p style="text-align: right; "><br></p><p style="text-align: right; ">   Excel           VBA</p><p style="text-align: right; "><br></p><p style="text-align: right; ">              Excel   Excel Newb  Excel Guru!</p>'),
(34, 1996, 'ar', '    ', '  Linux               Linux.', '<p style="text-align: right; ">      Linux          . .      Linux      Linux.               Linux      : .</p><p style="text-align: right; ">     .  45     5            Linux.              .</p><p style="text-align: right; ">               Linux           .</p><p style="text-align: right; ">  -   WordPress   Linux  </p><p style="text-align: right; ">      Learn Linux in 5 Days            WordPress   Ubuntu Linux.        WordPress   Linux.              WordPress.</p><p style="text-align: right; ">                    WordPress.             .      Linux     .      :            Linux           5   .</p><p style="text-align: right; "><br></p><p style="text-align: right; ">____________________</p><p style="text-align: right; "><br></p><p style="text-align: right; ">  Learn Linux in 5 Days        Linux.         .        .                   .       Linux  5 :</p><p style="text-align: right; "><br></p><p style="text-align: right; ">     Linux     .</p><p style="text-align: right; "><br></p><p style="text-align: right; ">    Linux  .</p><p style="text-align: right; "><br></p><p style="text-align: right; ">       Linux    Mac  Windows.</p><p style="text-align: right; "><br></p><p style="text-align: right; ">   SSH  .</p><p style="text-align: right; "><br></p><p style="text-align: right; ">     Linux      .</p><p style="text-align: right; ">  Linux      .</p><p style="text-align: right; ">      .</p><p style="text-align: right; ">       .</p><p style="text-align: right; ">         Linux   .</p><p style="text-align: right; ">    nano  vi  emacs.</p><p style="text-align: right; ">     .</p><p style="text-align: right; ">    .</p><p style="text-align: right; ">        .</p><p style="text-align: right; ">        .</p><p style="text-align: right; ">         .</p><p style="text-align: right; ">      .</p><p style="text-align: right; ">              shell  .</p><p style="text-align: right; ">      cron.</p><p style="text-align: right; ">       .</p><p style="text-align: right; ">     .</p><p style="text-align: right; ">     30   Udemy   -    !</p><p style="text-align: right; ">   Learn Linux in 5 Days     Linux    Ubuntu  Debian  Kali Linux  Linux Mint  RedHat  Fedora  OpenSUSE  Slackware .</p>'),
(35, 1996, 'es', 'Aprenda Linux en cinco das', 'Utilice las habilidades de Linux en demanda que aprenda en este curso para obtener un ascenso o comenzar una nueva carrera como profesional de Linux.', '<p>Si quieres aprender a usar Linux y subir de nivel en tu carrera, pero tienes poco tiempo, sigue leyendo. Hola. Mi nombre es Jason Cannon y soy el autor de Linux for Beginners, as como el fundador de Linux Training Academy. Cuando le pido a la gente que me diga cul es su mayor desafo para aprender Linux, todos dicen lo mismo: tiempo.</p><p>Por eso he creado este curso. Dame solo 45 minutos al da durante los prximos 5 das y te ensear exactamente lo que necesitas saber sobre el sistema operativo Linux. Aprender los conceptos y comandos ms importantes, e incluso lo guiar paso a paso a travs de varios ejemplos prcticos y del mundo real.</p><p>Entonces, si puede dedicar unos minutos al da y desea aprender los entresijos del sistema operativo Linux, nase a m y a los otros estudiantes en este curso hoy.</p><p>Bonificacin gratuita: cmo instalar WordPress en su propio sistema Linux</p><p>Como una ventaja adicional por inscribirse en el curso de capacitacin en video Learn Linux in 5 Days, recibir una lista de verificacin paso a paso y un video que le ensear cmo instalar WordPress en un sistema Ubuntu Linux. Primero, aprender qu software se requiere para que WordPress se ejecute en un sistema Linux. A continuacin, se le darn los comandos exactos para escribir que instalan todo el software requerido y WordPress.</p><p><br></p><p>Aprender cmo instalar un servidor web, cmo instalar un servidor de base de datos, cmo crear usuarios de base de datos y cmo configurar WordPress. Antes de que te des cuenta, tendrs un blog en pleno funcionamiento en tus manos. Esta es una excelente manera de hacer un buen uso de sus nuevas habilidades de Linux. Totalmente opcional, pero muy bueno: si desea alojar su blog en Internet en su propia instalacin de Linux, le mostrar dnde puede obtener alojamiento por solo $ 5 al mes.</p><p>____________________</p><p>Learn Linux in 5 Days no hace ninguna suposicin sobre su experiencia o conocimiento de Linux. No necesita conocimientos previos para beneficiarse de este curso. Se le guiar paso a paso utilizando un enfoque lgico y sistemtico. A medida que se encuentran nuevos conceptos, comandos o jerga, se explican en un lenguaje sencillo, lo que facilita su comprensin por parte de cualquiera. Esto es lo que aprender al tomar Learn Linux en 5 das:</p><p> Cmo obtener acceso a un servidor Linux si an no lo ha hecho.</p><p> Qu es una distribucin de Linux y cul elegir.</p><p> Qu software se necesita para conectarse a Linux desde computadoras Mac y Windows.</p><p> Qu es SSH y cmo usarlo.</p><p> El diseo del sistema de archivos de los sistemas Linux y dnde encontrar programas, configuraciones y documentacin.</p><p> Los comandos bsicos de Linux que utilizar con ms frecuencia.</p><p> Crear, renombrar, mover y eliminar directorios.</p><p> Enumerar, leer, crear, editar, copiar y eliminar archivos.</p><p> Exactamente cmo funcionan los permisos y cmo descifrar los permisos ms crpticos de Linux con facilidad.</p><p> Cmo utilizar los editores nano, vi y emacs.</p><p> Dos mtodos para buscar archivos y directorios.</p><p> Cmo comparar el contenido de archivos.</p><p> Qu son las tuberas, por qu son tiles y cmo usarlas.</p><p> Cmo comprimir archivos para ahorrar espacio y facilitar la transferencia de datos.</p><p> Cmo y por qu redirigir la entrada y salida de las aplicaciones.</p><p> Cmo personalizar su indicador de shell.</p><p> Cmo ser eficiente en la lnea de comandos mediante el uso de alias, finalizacin de tabulaciones y su historial de shell.</p><p> Cmo programar y automatizar trabajos usando cron.</p><p> Cmo cambiar de usuario y ejecutar procesos como otros.</p><p> Cmo encontrar e instalar software.</p><p> Garanta incondicional de devolucin de dinero de 30 das de Udemy: esa es mi promesa personal de su xito!</p><p>Lo que aprende en Aprenda Linux en 5 das se aplica a cualquier entorno Linux, incluidos Ubuntu, Debian, Kali Linux, Linux Mint, RedHat, Fedora, OpenSUSE, Slackware y ms.</p>'),
(36, 1997, 'es', 'Aprenda a programar en Python', 'Aprenda a programar en Python de forma fcil, con ejemplos, cuestionarios, ejercicios y ms. Aprenda Python 2 y Python 3.', '<p>Si quieres:</p><p>- desarrolle las habilidades que necesita para obtener su primer trabajo de programacin en Python</p><p>- pasar a un puesto de desarrollador de software ms senior</p><p>- comience con Machine Learning, Data Science, Django u otras reas de inters en las que Python se especializa</p><p>- o simplemente aprenda Python para poder crear sus propias aplicaciones Python rpidamente.</p><p>... entonces necesitas una base slida en la programacin de Python. Y este curso est diseado para brindarle esas habilidades bsicas rpidamente.</p><p>Este curso est dirigido a principiantes completos que nunca han programado antes, as como a programadores existentes que desean aumentar sus opciones profesionales aprendiendo Python.</p><p>El hecho es que Python es uno de los lenguajes de programacin ms populares del mundo: grandes empresas como Google lo utilizan en aplicaciones de misin crtica como Google Search.</p><p>Y Python es la opcin de idioma nmero uno para el aprendizaje automtico, la ciencia de datos y la inteligencia artificial. Para conseguir esos trabajos bien remunerados, necesita un conocimiento experto de Python, y eso es lo que obtendr con este curso.</p><p>Al final del curso, podr postularse con confianza para trabajos de programacin de Python. Y s, esto se aplica incluso si nunca ha programado antes. Con las habilidades adecuadas que aprender en este curso, puede convertirse en un empleado y valioso a los ojos de los futuros empleadores.</p><p>Esto es lo que algunos estudiantes nos han contado sobre el curso despus de haberlo completado.</p><p>Tena una experiencia de programacin muy limitada antes de comenzar este curso, por lo que realmente aprend mucho de las primeras secciones. Me ha llevado de una habilidad de programacin esencialmente cero a un nivel en el que me siento cmodo usando Python para analizar datos para mis informes de laboratorio, y an no he terminado la mitad del curso. Hay otros cursos que se centran en el anlisis de datos, pero esos cursos suelen estar dirigidos a personas que ya saben programar, por lo que eleg este curso. - Christian DiMaria</p><p><br></p><p>He estado revisando tu curso de Python. En ese tiempo, sin embargo, y sin terminarlo, he podido automatizar bastante mi trabajo. Trabajo en un sistema escolar y unificar datos de nuestros diversos sistemas de informacin estudiantil puede ser increblemente frustrante, llevar mucho tiempo y, en ocasiones, ser un desafo. Con su curso, aprend lo suficiente para escribir aplicaciones que convierten archivos de texto masivos en diccionarios que se "unen" como una base de datos y se generan en archivos CSV con el formato adecuado y luego se cargan a travs de SFTP en varios sistemas para un procesamiento seguro. Nuestros profesores, estudiantes y el departamento de tecnologa se han beneficiado enormemente de esta automatizacin. Solo quera dejarte una nota agradecindote por ayudarme a aprender esta habilidad ". - Keith Medlin</p><p><br></p><p>Este curso fue genial. En 3 semanas pude escribir mis propias aplicaciones relacionadas con la base de datos ". - Theo Coenen</p><p><br></p><p><br></p><p>Y hay muchos ms estudiantes a los que les encanta el curso: compruebe usted mismo todas las reseas.</p><p>Este curso le dar las habilidades bsicas de Python?</p><p><br></p><p>S lo ser. Existe una variedad de oportunidades interesantes para los desarrolladores de Python. Todos ellos requieren un conocimiento slido de Python, y eso es lo que aprender en este curso.</p><p>El curso me ensear ciencia de datos, aprendizaje automtico e inteligencia artificial?</p><p>No, no har eso: todos estos temas son ramas de la programacin de Python. Y todos ellos requieren una slida comprensin del lenguaje Python.</p><p>Casi todos los cursos sobre estos temas asumen que usted comprende Python y, sin l, se perder y confundir rpidamente.</p><p><br></p><p>Este curso le brindar un conocimiento bsico y slido del lenguaje de programacin Python.</p><p>Al final del curso, estar listo para postularse para puestos de programacin de Python, as como para pasar a reas especficas de Python, como se enumera anteriormente.</p><p>Por qu debera tomar este curso?</p><p>Hay muchos cursos de Python en Udemy: tus instructores, Tim y Jean-Paul son bastante nicos, ya que entre ellos tienen alrededor de 70 aos de experiencia en programacin profesional. Eso es ms que toda una vida de habilidades de las que puedes aprender Python.</p><p><br></p><p>Puede inscribirse en el curso con la seguridad de saber que no son solo profesores, sino programadores profesionales con experiencia real en programacin comercial, habiendo trabajado con grandes empresas como IBM, Mitsubishi, Fujitsu y Saab en el pasado.</p><p><br></p><p>Como tal, no solo aprender Python, sino que tambin aprender las mejores prcticas de la industria para la programacin de Python que exigen los empleadores reales.</p><p>Y si eso no es suficiente, lea algunas de las muchas reseas de estudiantes felices: hay alrededor de 100,000 estudiantes que han dejado alrededor de 19,000 reseas.</p><p>Este es uno de los cursos ms populares sobre programacin Python en Udemy.</p><p>Cita del estudiante: Tim y JP son excelentes maestros y estn constantemente respondiendo preguntas y encuestando a los estudiantes sobre nuevos temas que les gustara aprender. Este no es un curso de Python, es EL curso de Python que necesitas ". - Sean Burge</p><p>Listo para empezar, desarrollador?</p>'),
(37, 1997, 'ar', '  ', '  Python        .   2  3.', '<p style="text-align: right; ">  :</p><p style="text-align: right; ">-           Python</p><p style="text-align: right; ">-      </p><p style="text-align: right; ">-   Machine Learning  Data Science  Django        Python</p><p style="text-align: right; ">-    Python     Python   .</p><p style="text-align: right; ">...        .        .</p><p style="text-align: right; ">                         .</p><p style="text-align: right; ">   Python          -     Google      Google.</p><p style="text-align: right; "><br></p><p style="text-align: right; "> Python          .                       .</p><p style="text-align: right; ">            Python.           .                       .</p><p style="text-align: right; ">          .</p><p style="text-align: right; ">"                   .               Python               .                           . "-  </p><p style="text-align: right; ">"       .                       .                              .                    ""       CSV       SFTP     .          .              ". -  </p><p style="text-align: right; "><br></p><p style="text-align: right; ">   .   3            ". -  </p><p style="text-align: right; "><br></p><p style="text-align: right; ">       -     .</p><p style="text-align: right; ">      </p><p style="text-align: right; ">.       .              .</p><p style="text-align: right; ">        </p><p style="text-align: right; ">     -       .       .</p><p style="text-align: right; ">           Python     .</p><p style="text-align: right; ">          .</p><p style="text-align: right; ">           Python       Python     .</p><p style="text-align: right; ">     </p><p style="text-align: right; ">    Python  Udemy -    Tim  Jean-Paul          70      .           .</p><p style="text-align: right; ">                            IBM  Mitsubishi  Fujitsu  Saab  .</p><p style="text-align: right; ">      Python         Python     .</p><p style="text-align: right; ">              -   100000    19000 .</p><p style="text-align: right; ">        Python  Udemy.</p><p style="text-align: right; ">  : "Tim  JP              .           ". -  </p><p style="text-align: right; "><br></p><p style="text-align: right; ">   </p>'),
(38, 2008, 'en', 'New Learning Page', 'Learn The Tools Used By The World''s Top Professional Guitar Players.', '<p style="font-size: inherit; max-width: 118.4rem;"><a href="https://rocket-soft.org/lms" rel="nofollow" style="color: rgb(0, 132, 180); font-family: "Helvetica Neue", Helvetica, Arial, sans-serif;"><strong style="font-weight: bold;">Rocket LMS</strong></a><span style="color: rgb(84, 84, 84); font-family: "Helvetica Neue", Helvetica, Arial, sans-serif;">is an online course marketplace with a pile of features that helps you to run your online education business easily. This product helps instructors and students to get in touch together and share knowledge.</span><br style="color: rgb(84, 84, 84); font-family: "Helvetica Neue", Helvetica, Arial, sans-serif;"><span style="color: rgb(84, 84, 84); font-family: "Helvetica Neue", Helvetica, Arial, sans-serif;">Instructors will be able to create unlimited video courses, live classes, text courses, projects, quizzes, files, etc and students will be able to use the educational material and increase their skill level.</span><br style="color: rgb(84, 84, 84); font-family: "Helvetica Neue", Helvetica, Arial, sans-serif;"><strong style="font-weight: bold; color: rgb(84, 84, 84); font-family: "Helvetica Neue", Helvetica, Arial, sans-serif;">Rocket LMS</strong><span style="color: rgb(84, 84, 84); font-family: "Helvetica Neue", Helvetica, Arial, sans-serif;">is based on real business needs, cultural differences, advanced user researches so the product covers your business requirements efficiently.</span><br></p>'),
(39, 2009, 'en', 'New In-App Live System', 'Online Course Creation can be simple once you have mastered the art of speaking in front of a camera.', '<p style="max-width: 118.4rem;" sf="" pro="" text",="" -apple-system,="" blinkmacsystemfont,="" roboto,="" "segoe="" ui",="" helvetica,="" arial,="" sans-serif,="" "apple="" color="" emoji",="" ui="" symbol";"=""><strong style="font-size: 14px; margin: 0px; padding: 0px;"><font color="#ff0000">Note:</font><font color="#1c1d1f"></font></strong><font color="#1c1d1f"><b>You should join to live session with the instructor first and then join by students to it.</b></font></p><p style="font-size: 14px; max-width: 118.4rem; color: rgb(28, 29, 31); font-family: " sf="" pro="" text",="" -apple-system,="" blinkmacsystemfont,="" roboto,="" "segoe="" ui",="" helvetica,="" arial,="" sans-serif,="" "apple="" color="" emoji",="" ui="" symbol";"=""><strong style="margin: 0px; padding: 0px;">Online Course Creation</strong>can be simple once you have mastered the art of speaking in front of a camera.Imagine yourself delivering an entire course filled with great lectures. You can be the star of your own classroom--online. You can be a confident and engaging instructor of your own course.</p><p style="margin-top: 0.8rem; font-size: 14px; max-width: 118.4rem; color: rgb(28, 29, 31); font-family: " sf="" pro="" text",="" -apple-system,="" blinkmacsystemfont,="" roboto,="" "segoe="" ui",="" helvetica,="" arial,="" sans-serif,="" "apple="" color="" emoji",="" ui="" symbol";"="">  In this<strong style="margin: 0px; padding: 0px;">Online course creation</strong>Course you will earn the following:</p><p style="margin-top: 0.8rem; font-size: 14px; max-width: 118.4rem; color: rgb(28, 29, 31); font-family: " sf="" pro="" text",="" -apple-system,="" blinkmacsystemfont,="" roboto,="" "segoe="" ui",="" helvetica,="" arial,="" sans-serif,="" "apple="" color="" emoji",="" ui="" symbol";"="">  * How to speak and lecture with confidence throughout your<strong style="margin: 0px; padding: 0px;">online course creation</strong>process</p><p style="margin-top: 0.8rem; font-size: 14px; max-width: 118.4rem; color: rgb(28, 29, 31); font-family: " sf="" pro="" text",="" -apple-system,="" blinkmacsystemfont,="" roboto,="" "segoe="" ui",="" helvetica,="" arial,="" sans-serif,="" "apple="" color="" emoji",="" ui="" symbol";"="">  * How to record lectures on video</p><p style="margin-top: 0.8rem; font-size: 14px; max-width: 118.4rem; color: rgb(28, 29, 31); font-family: " sf="" pro="" text",="" -apple-system,="" blinkmacsystemfont,="" roboto,="" "segoe="" ui",="" helvetica,="" arial,="" sans-serif,="" "apple="" color="" emoji",="" ui="" symbol";"="">  * How to be confident that your course is engaging and interesting to students</p><p style="margin-top: 0.8rem; font-size: 14px; max-width: 118.4rem; color: rgb(28, 29, 31); font-family: " sf="" pro="" text",="" -apple-system,="" blinkmacsystemfont,="" roboto,="" "segoe="" ui",="" helvetica,="" arial,="" sans-serif,="" "apple="" color="" emoji",="" ui="" symbol";"="">  * How to structure your<strong style="margin: 0px; padding: 0px;">online course creation</strong></p><p style="margin-top: 0.8rem; font-size: 14px; max-width: 118.4rem; color: rgb(28, 29, 31); font-family: " sf="" pro="" text",="" -apple-system,="" blinkmacsystemfont,="" roboto,="" "segoe="" ui",="" helvetica,="" arial,="" sans-serif,="" "apple="" color="" emoji",="" ui="" symbol";"="">  This course is delivered primarily through spoken lectures. Because the skill you are learning is speaking related, it only makes sense that you learn through speaking.</p><p style="margin-top: 0.8rem; font-size: 14px; max-width: 118.4rem; color: rgb(28, 29, 31); font-family: " sf="" pro="" text",="" -apple-system,="" blinkmacsystemfont,="" roboto,="" "segoe="" ui",="" helvetica,="" arial,="" sans-serif,="" "apple="" color="" emoji",="" ui="" symbol";"="">  The skill you will learn in this class is not primarily theoretical or academic. It is a skill that requires physical habits. That is why you will be asked to take part in numerous exercises where you record yourself speaking on video, and then watching yourself. Learning presentation skills is like learning how to ride a bicycle. You simply have to do it numerous times and work past the wobbling and falling off parts until you get it right.</p><p style="margin-top: 0.8rem; font-size: 14px; max-width: 118.4rem; color: rgb(28, 29, 31); font-family: " sf="" pro="" text",="" -apple-system,="" blinkmacsystemfont,="" roboto,="" "segoe="" ui",="" helvetica,="" arial,="" sans-serif,="" "apple="" color="" emoji",="" ui="" symbol";"="">  This<strong style="margin: 0px; padding: 0px;">online course creation</strong>course contains numerous video lectures plus several bonus books for your training library.</p><p style="margin-top: 0.8rem; font-size: 14px; max-width: 118.4rem; color: rgb(28, 29, 31); font-family: " sf="" pro="" text",="" -apple-system,="" blinkmacsystemfont,="" roboto,="" "segoe="" ui",="" helvetica,="" arial,="" sans-serif,="" "apple="" color="" emoji",="" ui="" symbol";"="">"5 Stars! Very clear, very easy to follow. Really like the step by step approach that TJ puts across. Fealing much more knowledgable snd inspired to move forward." Udemy studentDavid Robinson</p><p style="margin-top: 0.8rem; font-size: 14px; max-width: 118.4rem; color: rgb(28, 29, 31); font-family: " sf="" pro="" text",="" -apple-system,="" blinkmacsystemfont,="" roboto,="" "segoe="" ui",="" helvetica,="" arial,="" sans-serif,="" "apple="" color="" emoji",="" ui="" symbol";"="">"5 stars! The instructions being presented here are the truth. they are the results of years of experience and expertise. I can really relate to the topics and the points are crystal clear. after all, the proof of the pudding is in the eating. I`m pumped to move on and absorb the rest of this course." Udemy studentYoucef(Joe) Seyyedi</p><p style="margin-top: 0.8rem; font-size: 14px; max-width: 118.4rem; color: rgb(28, 29, 31); font-family: " sf="" pro="" text",="" -apple-system,="" blinkmacsystemfont,="" roboto,="" "segoe="" ui",="" helvetica,="" arial,="" sans-serif,="" "apple="" color="" emoji",="" ui="" symbol";"="">"5 Stars!This course is so effective because TJ shows you the ropes without the confusing language that technical experts normally use. He also shows us that we can do this without becoming technical experts ourselves." Udemy Student Pete Burdon</p><p style="margin-top: 0.8rem; font-size: 14px; max-width: 118.4rem; color: rgb(28, 29, 31); font-family: " sf="" pro="" text",="" -apple-system,="" blinkmacsystemfont,="" roboto,="" "segoe="" ui",="" helvetica,="" arial,="" sans-serif,="" "apple="" color="" emoji",="" ui="" symbol";"="">TJ Walker has been coaching and training people on their presentation skills for 30 years. Now, through the power of Udemy''s online platform, he is able to give you the same high quality training that he gives in person to CEOs, Fortune 500 executives, and Presidents of countries. Only you can now receive the training at a tiny fraction of the normal fee for in-person training.<br style="margin: 0px; padding: 0px;"></p><p style="margin-top: 0.8rem; font-size: 14px; max-width: 118.4rem; color: rgb(28, 29, 31); font-family: " sf="" pro="" text",="" -apple-system,="" blinkmacsystemfont,="" roboto,="" "segoe="" ui",="" helvetica,="" arial,="" sans-serif,="" "apple="" color="" emoji",="" ui="" symbol";"="">  How long this course takes is up to you. The longest part of the course involves you speaking on video, critiquing yourself, and doing it over until you like it. But if you get to the point where you love how you look and sound when you present it will be well worth the time spent. And having this skill will save you time for all future presentations in your life.</p>'),
(40, 2008, 'es', 'Nueva pgina de aprendizaje', 'Aprenda las herramientas utilizadas por los mejores guitarristas profesionales del mundo.', '<p>Rocket LMS es un mercado de cursos en lnea con un montn de caractersticas que lo ayudan a administrar su negocio de educacin en lnea fcilmente. Este producto ayuda a los instructores y estudiantes a ponerse en contacto y compartir conocimientos.</p><p>Los instructores podrn crear cursos de video ilimitados, clases en vivo, cursos de texto, proyectos, cuestionarios, archivos, etc. y los estudiantes podrn usar el material educativo y aumentar su nivel de habilidad.</p><p>Rocket LMS se basa en necesidades comerciales reales, diferencias culturales, investigaciones avanzadas de usuarios para que el producto cubra los requisitos de su negocio de manera eficiente.</p>'),
(41, 2008, 'ar', '  ', '          .', '<p style="direction: rtl; ">Rocket LMS                    .          .</p><p style="direction: rtl; ">                                 .</p><p style="direction: rtl; "> Rocket LMS               .</p>'),
(42, 2009, 'ar', '    ', '                .', '<p style="text-align: right; direction: rtl;">:               .</p><p style="text-align: right; direction: rtl;"><br></p><p style="text-align: right; direction: rtl;">                .        .         -  .           .</p><p style="text-align: right; direction: rtl;"><br></p><p style="text-align: right; direction: rtl;">&nbsp; &nbsp;           :</p><p style="text-align: right; direction: rtl;"><br></p><p style="text-align: right; direction: rtl;">&nbsp; &nbsp; *           </p><p style="text-align: right; direction: rtl;"><br></p><p style="text-align: right; direction: rtl;">&nbsp; &nbsp; *    </p><p style="text-align: right; direction: rtl;"><br></p><p style="text-align: right; direction: rtl;">&nbsp; &nbsp; *          </p><p style="text-align: right; direction: rtl;"><br></p><p style="text-align: right; direction: rtl;">&nbsp; &nbsp; *       </p><p style="text-align: right; direction: rtl;"><br></p><p style="text-align: right; direction: rtl;">&nbsp; &nbsp;           .                .</p><p style="text-align: right; direction: rtl;"><br></p><p style="text-align: right; direction: rtl;">&nbsp; &nbsp;            .     .                        .         .                .</p><p style="text-align: right; direction: rtl;"><br></p><p style="text-align: right; direction: rtl;">&nbsp; &nbsp;                    .</p><p style="text-align: right; direction: rtl;"><br></p><p style="text-align: right; direction: rtl;">"5 !       .       TJ.       ."  Udemy  </p><p style="text-align: right; direction: rtl;"><br></p><p style="text-align: right; direction: rtl;">"5 !     .      .        .           .         ".  Udemy  () </p><p style="text-align: right; direction: rtl;"><br></p><p style="text-align: right; direction: rtl;">"5 !      TJ           .             ."  Udemy  </p><p style="text-align: right; direction: rtl;"><br></p><p style="text-align: right; direction: rtl;"> TJ Walker         30 .       Udemy                    Fortune 500  .            .</p><p style="text-align: right; direction: rtl;"><br></p><p style="text-align: right; direction: rtl;">&nbsp; &nbsp;        .                 .                   .            .</p>'),
(43, 2009, 'es', 'Nuevo sistema en vivo en la aplicacin', 'La creacin de cursos en lnea puede ser simple una vez que haya dominado el arte de hablar frente a una cmara.', '<p>Nota: primero debe unirse a la sesin en vivo con el instructor y luego unirse a ella los estudiantes.</p><p><br></p><p>La creacin de cursos en lnea puede ser simple una vez que haya dominado el arte de hablar frente a una cmara. Imagnese impartiendo un curso completo repleto de excelentes conferencias. Puede ser la estrella de su propio saln de clases, en lnea. Puede ser un instructor seguro y atractivo de su propio curso.</p><p><br></p><p>&nbsp; &nbsp; En este curso de creacin de cursos en lnea obtendr lo siguiente:</p><p><br></p><p>&nbsp; &nbsp; * Cmo hablar y dar conferencias con confianza a lo largo de su proceso de creacin de cursos en lnea</p><p><br></p><p>&nbsp; &nbsp; * Cmo grabar conferencias en video</p><p><br></p><p>&nbsp; &nbsp; * Cmo estar seguro de que su curso es atractivo e interesante para los estudiantes</p><p><br></p><p>&nbsp; &nbsp; * Cmo estructurar la creacin de su curso en lnea</p><p><br></p><p>&nbsp; &nbsp; Este curso se imparte principalmente a travs de conferencias orales. Debido a que la habilidad que ests aprendiendo est relacionada con el habla, solo tiene sentido que aprendas hablando.</p><p><br></p><p>&nbsp; &nbsp; La habilidad que aprender en esta clase no es principalmente terica o acadmica. Es una habilidad que requiere hbitos fsicos. Es por eso que se le pedir que participe en numerosos ejercicios en los que se graba a s mismo hablando en video y luego observndose a s mismo. Aprender habilidades de presentacin es como aprender a andar en bicicleta. Simplemente tiene que hacerlo varias veces y trabajar ms all de las partes que se tambalean y se caen hasta que lo haga bien.</p><p><br></p><p>&nbsp; &nbsp; Este curso de creacin de cursos en lnea contiene numerosas conferencias en video adems de varios libros adicionales para su biblioteca de capacitacin.</p><p><br></p><p>"5 estrellas! Muy claro, muy fcil de seguir. Realmente me gusta el enfoque paso a paso que TJ presenta. Me siento mucho ms informado e inspirado para seguir adelante". Estudiante de Udemy David Robinson</p><p><br></p><p>"5 estrellas! Las instrucciones que se presentan aqu son la verdad. Son el resultado de aos de experiencia y conocimientos. Realmente puedo identificarme con los temas y los puntos son muy claros. Despus de todo, la prueba del pudn est en comerlo. Estoy emocionado de seguir adelante y absorber el resto de este curso". Estudiante de Udemy Youcef(Joe) Seyyedi</p><p><br></p><p>"5 estrellas! Este curso es tan efectivo porque TJ te muestra los trucos sin el lenguaje confuso que normalmente usan los expertos tcnicos. Tambin nos muestra que podemos hacer esto sin convertirnos en expertos tcnicos nosotros mismos". Pete Burdon, estudiante de Udemy</p><p><br></p><p>TJ Walker ha estado entrenando y capacitando a personas en sus habilidades de presentacin durante 30 aos. Ahora, a travs del poder de la plataforma en lnea de Udemy, puede brindarle la misma capacitacin de alta calidad que brinda en persona a los directores ejecutivos, ejecutivos de Fortune 500 y presidentes de pases. Ahora solo usted puede recibir la capacitacin a una pequea fraccin de la tarifa normal para la capacitacin en persona.</p><p><br></p><p>&nbsp; &nbsp; La duracin de este curso depende de usted. La parte ms larga del curso involucra que hables en video, te critiques a ti mismo y lo repitas hasta que te guste. Pero si llegas al punto en que te encanta cmo te ves y cmo suenas cuando presentas, valdr la pena el tiempo invertido. Y tener esta habilidad te ahorrar tiempo para todas las futuras presentaciones en tu vida.</p>'),
(44, 2010, 'en', 'New Update Features', 'The most complete course available on Product Management.', '<p>Simply put, drip content is the practice of releasing your content to your members in parts. In other words, you don''t release all the content to your members immediately.</p><p>Homework, or a homework assignment, is a set of tasks assigned to students by their teachers to be completed outside the classroom. Common homework assignments may include required reading, a writing or typing project, mathematical exercises to be completed, information to be reviewed before a test, or other skills to be practiced.</p><p><br></p><p>The effects of homework are debated. Generally speaking, homework does not improve academic performance among young children. Homework may improve academic skills among older students, especially lower-achieving students. However, homework also creates stress for students and parents and reduces the amount of time that students can spend in other activities.</p>'),
(172, 2024, 'en', 'test', NULL, '<p>test</p>'),
(174, 2026, 'en', 'test', NULL, '<p>test</p>'),
(175, 2027, 'en', 'becomd product manager', NULL, '<p>test</p>'),
(177, 2029, 'en', 'become product manager', NULL, '<p>test</p>'),
(181, 2033, 'en', 'First Course Test AFAQ', NULL, '<p>            </p><p>          </p><p>         </p><p>       " </p><p>    "     </p><p>         </p><p>        </p><p>          </p><p>(    CSPs     )</p><p>         </p><p> </p>'),
(190, 2048, 'en', 'cph', NULL, '<p>dfdfdsfsdfdfsdfsdfsdfsdfsdfsdfsdfsdfsdfsdfdsfsdfsdfsdfdsfdsf</p>'),
(191, 2049, 'en', 'Dose adjustment for most of medications', NULL, '<ul style="list-style-type: square;"> <li style="color: rgb(35, 111, 161); font-family: arial, helvetica, sans-serif; font-weight: bold;"><strong><span style="font-family: arial, helvetica, sans-serif; font-size: 12pt; color: rgb(35, 111, 161);">Goals:</span></strong></li> </ul> <ul style="list-style-type: circle;"> <li style="line-height: 1.5; font-size: 10pt; font-family: arial, helvetica, sans-serif;"><span style="font-family: arial, helvetica, sans-serif; font-size: 10pt;">correcting some misconceptions about the use of medications for renal failure patients</span></li> <li style="line-height: 1.5; font-size: 10pt; font-family: arial, helvetica, sans-serif;"><span style="font-family: arial, helvetica, sans-serif; font-size: 10pt;">reducing the use of over the counter medications that given to renal failure patients</span></li> <li style="line-height: 1.5; font-size: 10pt; font-family: arial, helvetica, sans-serif;"><span style="font-family: arial, helvetica, sans-serif; font-size: 10pt;">full knowledge about the method of calculating dose adjustment for renal failure patients</span></li> </ul> <ul style="list-style-type: square;"> <li style="color: rgb(35, 111, 161); font-family: arial, helvetica, sans-serif; font-weight: bold;"><strong><span style="font-family: arial, helvetica, sans-serif; color: rgb(35, 111, 161); font-size: 12pt;">Learning outcomes:</span></strong></li> </ul> <ul style="list-style-type: circle;"> <li style="line-height: 1.5; font-size: 10pt; font-family: arial, helvetica, sans-serif;"><span style="font-family: arial, helvetica, sans-serif; font-size: 10pt;">known that there are many of medications that needs dose adjustment</span></li> <li style="line-height: 1.5; font-size: 10pt; font-family: arial, helvetica, sans-serif;"><span style="font-family: arial, helvetica, sans-serif; font-size: 10pt;">known that there are different types of dose adjustment depending on type of dialysis</span></li> <li style="line-height: 1.5; font-size: 10pt; font-family: arial, helvetica, sans-serif;"><span style="font-family: arial, helvetica, sans-serif; font-size: 10pt;">known that there are alternative medications that dont need dose adjustment</span></li> <li style="line-height: 1.5; font-size: 10pt; font-family: arial, helvetica, sans-serif;"><span style="font-family: arial, helvetica, sans-serif; font-size: 10pt;">know that there is some of over-the-counter medications cant be given to renal failure patients</span></li> </ul> <ul style="list-style-type: square;"> <li style="color: rgb(35, 111, 161); font-family: arial, helvetica, sans-serif; font-weight: bold;"><strong><span style="font-family: arial, helvetica, sans-serif; color: rgb(35, 111, 161); font-size: 12pt;">Topics:</span></strong></li> </ul> <ul style="list-style-type: circle;"> <li style="line-height: 1.5; font-size: 10pt; font-family: arial, helvetica, sans-serif;"><span style="font-family: arial, helvetica, sans-serif; font-size: 10pt;">Introduction about pain management</span></li> <li style="line-height: 1.5; font-size: 12pt; font-family: arial, helvetica, sans-serif;"><span style="font-family: arial, helvetica, sans-serif; font-size: 12pt;"><span style="font-size: 10pt;">Dose adjustment for most of medications  </span> </span></li> </ul> <p style="padding-left: 40px;"><strong><span style="font-family: arial, helvetica, sans-serif; color: rgb(35, 111, 161); font-size: 12pt;">Recorded Course</span></strong></p> <p style="padding-left: 80px;"><strong><span style="font-size: 12pt; color: rgb(35, 111, 161);"><span style="font-family: arial, helvetica, sans-serif;">Anytime on Afaq Platform</span></span></strong></p>'),
(192, 2050, 'en', 'hammam', NULL, '<ul style="list-style-type: square;">
<li style="direction: ltr; unicode-bidi: embed; text-align: left; color: rgb(35, 111, 161); font-weight: bold;"><strong><span style="color: rgb(35, 111, 161); font-size: 12pt; font-family: arial, helvetica, sans-serif;">Goals:</span></strong></li>
</ul>
<ul style="font-weight: 400; list-style-type: circle;">
<li style="font-family: arial, helvetica, sans-serif; font-size: 10pt;"><span style="font-family: arial, helvetica, sans-serif; font-size: 10pt;">Understand what the methods section is.</span></li>
<li style="font-family: arial, helvetica, sans-serif; font-size: 10pt;"><span style="font-family: arial, helvetica, sans-serif; font-size: 10pt;">Appreciate the importance of the methods section.</span></li>
<li style="font-family: arial, helvetica, sans-serif; font-size: 10pt;"><span style="font-family: arial, helvetica, sans-serif; font-size: 10pt;">List the components of the methods section.</span></li>
</ul>
<ul style="list-style-type: square;">
<li style="direction: ltr; unicode-bidi: embed; text-align: left; color: rgb(35, 111, 161); font-weight: bold;"><strong><span style="font-family: arial, helvetica, sans-serif; font-size: 12pt; color: rgb(35, 111, 161);">Topic:</span></strong></li>
</ul>
<ul style="font-weight: 400; list-style-type: circle;">
<li style="font-family: arial, helvetica, sans-serif; font-size: 10pt;"><span style="font-family: arial, helvetica, sans-serif; font-size: 10pt;">Research Epidemiology.</span></li>
<li style="font-family: arial, helvetica, sans-serif; font-size: 10pt;"><span style="font-family: arial, helvetica, sans-serif; font-size: 10pt;">State what information should be mentioned in each part of the methods section.</span></li>
</ul>
<p style="line-height: normal; padding-left: 80px;"><span style="font-family: arial, helvetica, sans-serif; font-size: 12pt;"><strong></strong></span></p>
<p style="padding-left: 40px;"><span style="font-family: arial, helvetica, sans-serif; color: rgb(35, 111, 161); font-size: 12pt;"><strong>Recorded Course</strong></span></p>
<p style="padding-left: 80px;"><strong><span style="font-size: 12pt; color: rgb(35, 111, 161);"><span style="font-family: arial, helvetica, sans-serif;">Anytime on Afaq Platform</span></span></strong></p>');

INSERT INTO `cschool`.`webinars` (`id`, `teacher_id`, `creator_id`, `category_id`, `type`, `private`, `slug`, `start_date`, `duration`, `timezone`, `thumbnail`, `image_cover`, `video_demo`, `video_demo_source`, `capacity`, `sales_count_number`, `price`, `organization_price`, `support`, `certificate`, `downloadable`, `partner_instructor`, `subscribe`, `forum`, `enable_waitlist`, `access_days`, `points`, `message_for_reviewer`, `status`, `created_at`, `updated_at`, `deleted_at`) VALUES 
(1996, 1016, 1016, 606, 'webinar', 0, 'Learn-Linux-in-5-Days', 1729409400, 450, 'Asia/Riyadh', '/store/1015/hero (6).jpg', '/store/1015/6.jpg', '/store/1015/Learn Linux In 5 Days.mp4', 'upload', 50, NULL, NULL, NULL, 1, 1, 0, 0, 0, 0, 1, 120, NULL, 'Can I add a new session to my class after it is published?', 'active', 1624943782, 1729412418, NULL),
(1997, 934, 934, 606, 'text_lesson', 0, 'Learn-Python-Programming', NULL, 35, NULL, '/store/934/Python for Beginners.jpg', '/store/934/hero (4).jpg', '/store/934/Python for Beginners.mp4', NULL, NULL, NULL, 0.00, NULL, 1, 1, 0, 0, 0, 0, 0, NULL, NULL, 'thank you .', 'active', 1624954285, 1635445377, NULL),
(1998, 1015, 1015, 609, 'webinar', 0, 'Excel-from-Beginner-to-Advanced', 1773952200, 100, 'America/New_York', '/store/1015/Excel from Beginner to Advanced.jpg', '/store/1015/11.jpg', '/store/1015/Microsoft Excel - Excel from Beginner to Advanced.mkv', 'upload', 50, NULL, 100.00, NULL, 1, 0, 0, 1, 1, 0, 0, NULL, NULL, 'thank you.', 'active', 1624965321, 1709538879, NULL),
(1999, 929, 929, 610, 'course', 0, 'How-to-Manage-Your-Virtual-Team', NULL, 90, 'America/New_York', '/store/929/How to Manage & Influence Your Virtual Team.jpg', '/store/929/How to Manage & Influence Your Virtual Team_c.jpg.png', '/store/929/How To Manage & Influence Your Virtual Team.mkv', NULL, NULL, NULL, 50.00, NULL, 0, 1, 1, 0, 1, 0, 0, NULL, 500, 'I solved the problems you mentioned', 'active', 1625037906, 1646396847, NULL),
(2000, 923, 867, 609, 'webinar', 0, 'Effective-Time-Management', 1690846200, 90, 'America/New_York', '/store/867/Effective Time Management.jpg', '/store/867/Effective Time Management_c.png', '/store/867/Effective Time Management.mkv', 'upload', 10, NULL, 30.00, NULL, 0, 1, 0, 0, 0, 0, 0, NULL, NULL, NULL, 'active', 1625044975, 1709711056, NULL),
(2001, 3, 3, 606, 'webinar', 0, 'Learn-and-Understand-AngularJS', 1702153800, 60, 'America/New_York', '/store/3/Learn and Understand AngularJS.jpg', '/store/3/Learn and Understand AngularJS_c.png', '/store/3/Learn and Understand AngularJS.mkv', NULL, 10, NULL, 20.00, NULL, 1, 1, 0, 0, 0, 0, 0, NULL, NULL, 'I corrected the session dates. Thanks', 'active', 1625074163, 1635444769, NULL),
(2002, 870, 863, 523, 'webinar', 0, 'Health-And-Fitness-Masterclass', 1625081400, 60, 'America/New_York', '/store/863/Health And Fitness Masterclass Beginner To Advanced.jpg', '/store/863/Health And Fitness Masterclass Beginner To Advanced_c.png', '/store/863/Health And Fitness Masterclass- Beginner To Advanced.mkv', NULL, 5, NULL, 20.00, NULL, 1, 1, 0, 0, 1, 0, 0, NULL, NULL, 'Thank you for your good services.', 'active', 1625122618, 1639378097, NULL),
(2003, 3, 864, 610, 'webinar', 0, 'Active-Listening-You-Can-Be-a-Great-Listener', 1696105800, 75, 'America/New_York', '/store/864/couple-listening-music.jpg', '/store/864/Active Listening You Can Be a Great Listener_c.png', '/store/864/Active Listening- You Can Be a Great Listener.mkv', NULL, 10, NULL, 40.00, NULL, 1, 1, 0, 0, 0, 0, 0, NULL, NULL, 'I modified the files again. Thanks', 'active', 1625299225, 1635444317, NULL),
(2004, 929, 929, 602, 'course', 0, 'The-Future-of-Energy', NULL, 70, 'America/New_York', '/store/929/The Future of Energy.jpg', '/store/929/The Future of Energy_c.jpg', '/store/929/The Future of Energy.mkv', NULL, NULL, NULL, 60.00, NULL, 1, 0, 1, 0, 1, 0, 0, NULL, 600, NULL, 'active', 1625685324, 1646396857, NULL),
(2005, 934, 4, 520, 'course', 0, 'Web-Design-for-Beginners', NULL, 105, 'America/New_York', '/store/4/Web Design for Beginners.jpg', '/store/4/Web Design for Beginners_c.jpg', '/store/4/Web Designing for Beginners.mkv', NULL, NULL, NULL, 10.00, NULL, 1, 0, 0, 1, 1, 0, 0, NULL, 200, 'thank you', 'active', 1625689958, 1646396836, NULL),
(2006, 923, 867, 604, 'webinar', 0, 'How-to-Travel-Around-the-World', 1646197200, 150, 'America/New_York', '/store/867/How to Travel Around the World on a Budget.jpg', '/store/867/How to Travel Around the World on a Budget_c.jpg', '/store/867/How to Travel Around the World on a Budget.mkv', NULL, 5, NULL, 25.00, NULL, 1, 1, 1, 0, 1, 0, 0, NULL, NULL, 'I edited the text of the course. Thank', 'active', 1625693895, 1646172352, NULL),
(2007, 1015, 867, 604, 'course', 1, 'Travel-Management-Course', NULL, 60, NULL, '/store/867/Travel Management Course.jpg', '/store/867/Travel Management Course_c.jpg', '/store/867/How to Travel Around the World on a Budget.mkv', NULL, NULL, NULL, 0.00, NULL, 1, 1, 1, 0, 0, 0, 0, NULL, NULL, NULL, 'active', 1626207424, 1635442592, NULL),
(2008, 1015, 1015, 604, 'course', 0, 'New-Learning-Page', NULL, 210, 'America/New_York', '/store/1015/The Professional Guitar Masterclass.jpg', '/store/1015/The Professional Guitar Masterclass_c.jpg', 'https://youtu.be/6Vo2v7WCyTs', 'youtube', NULL, NULL, NULL, NULL, 1, 1, 1, 1, 1, 1, 0, NULL, NULL, NULL, 'active', 1646118189, 1709711904, NULL),
(2009, 1015, 1015, 610, 'webinar', 0, 'New-in-App-Live-System', 1728344760, 150, 'America/New_York', '/store/1015/new_live_system.jpg', '/store/1015/new_live_system_c.jpg', '/store/1015/Learn Linux In 5 Days.mp4', 'upload', 10, NULL, 10.00, NULL, 1, 0, 0, 0, 0, 0, 1, NULL, 200, NULL, 'active', 1646171664, 1728318426, NULL),
(2010, 929, 929, 603, 'course', 0, 'New-Update-Features', NULL, 90, 'America/New_York', '/store/929/update_1.6.jpg', '/store/929/update_1.6_c.jpg', NULL, NULL, NULL, NULL, NULL, NULL, 1, 1, 1, 1, 0, 1, 0, 365, NULL, 'Thank you.', 'active', 1655799277, 1694966231, NULL),
(2024, 1016, 1016, 602, 'webinar', 0, 'https://www.sophos.com/en-us/products/next-gen-firewall', 1728448020, 100, 'Africa/Cairo', '/store/1/lmslogo.PNG', '/store/1/Logo-Type-1v-2 (1) (2).png', 'https://www.sophos.com/en-us/products/next-gen-firewall', 'upload', 10, 10, 100.00, NULL, 0, 0, 0, 0, 0, 0, 0, 10, NULL, NULL, 'active', 1728322212, 1728322227, NULL),
(2026, 1016, 1016, 523, 'webinar', 0, 'https://seifdevelopments.net/users/934/profile', 1728334800, 10, 'Africa/Cairo', '/store/1/favicon.png', '/store/1/Logo-Type-1v-2 (1) (2).png', '/store/1/Logo-Type-1v-2 (1) (2).png', 'upload', 10, 10, 100.00, NULL, 0, 0, 0, 0, 0, 0, 0, 10, NULL, 'test', 'active', 1728325576, 1728325717, NULL),
(2027, 1016, 1016, 605, 'webinar', 0, 'https://afaq-lms.com/', 1728405180, 130, 'Africa/Cairo', '/store/1/favicon.png', '/store/1/lmslogo.PNG', 'https://seifdevelopments.net/users/934/profile', 'youtube', 10, 10, 100.00, NULL, 0, 0, 0, 0, 0, 0, 0, 100, 10, 'test', 'active', 1728325919, 1728326493, NULL),
(2029, 1016, 1016, 609, 'course', 0, 'https://chatgpt.com/', NULL, 100, 'Africa/Cairo', '/store/1/favicon.png', '/store/1/Logo-Type-1v-2 (1) (2).png', 'https://chatgpt.com/', 'upload', 10, 10, 10.00, NULL, 0, 0, 0, 0, 0, 0, 0, 10, 10, 'test', 'pending', 1728326773, 1728327282, NULL),
(2033, 1016, 1016, 605, 'course', 0, 'First-Course-Test-AFAQ', NULL, 50, 'Africa/Cairo', '/store/1047/equipment-researchers.jpg', '/store/1047/equipment-researchers.jpg', '/store/1047/First Course Test/SampleVideo_1280x720_5mb.mp4', 'upload', NULL, NULL, 500.00, NULL, 1, 1, 1, 1, 1, 1, 1, 10, NULL, 'any data', 'active', 1728368946, 1729337884, NULL),
(2048, 1016, 1016, 602, 'course', 0, 'cph', NULL, 600, 'Asia/Riyadh', '/store/1047/doctor-sprays-antiseptic-patient-s-hands.jpg', '/store/1047/equipment-researchers.jpg', '/store/1047/First Course Test/SampleVideo_1280x720_5mb.mp4', 'upload', 20, NULL, NULL, NULL, 1, 1, 0, 0, 1, 1, 0, 20, 1, NULL, 'pending', 1729427289, 1729427289, NULL),
(2049, 1016, 1016, 601, 'course', 0, 'Dose adjustment for most of medications', NULL, 50, 'Africa/Cairo', '/store/1047/Dose adjustment for most of medications/AdobeStock_628504315.jpg', '/store/1047/Dose adjustment for most of medications/AdobeStock_628504315.jpg', NULL, NULL, 150, 150, NULL, NULL, 1, 1, 0, 0, 1, 1, 1, 120, NULL, NULL, 'active', 1729581253, 1729664368, NULL),
(2050, 1016, 1016, 520, 'course', 0, 'Research Methodology', NULL, 950, 'Africa/Cairo', '/store/1047/doctor-sprays-antiseptic-patient-s-hands.jpg', '/store/1047/doctor-sprays-antiseptic-patient-s-hands.jpg', NULL, NULL, 120, 120, NULL, NULL, 1, 1, 0, 0, 0, 0, 1, 120, NULL, NULL, 'active', 1729682294, 1749146965, NULL);

